record_id,abstract
0," Neuro-Symbolic Visual Reasoning: Disentangling “Visual” from “Reasoning” Saeed Amizadeh 1 Hamid Palangi * 2 Oleksandr Polozov * 2 Yichen Huang 2 Kazuhito Koishida 1 Abstract Recent advances in computer vision, representation learn- Visual reasoning tasks such as visual question ing, and natural language processing have enabled contin- answering (VQA) require an interplay of visual ued progress on VQA with a wide variety of modeling perception with reasoning about the question se- approaches (Anderson et al., 2018; Andreas et al., 2016; mantics grounded in perception. However, recent Hudson & Manning, 2019a; 2018; Tan & Bansal, 2019). advances in this area are still primarily driven by A defining characteristic of VR is the interaction between perception improvements (e.g. scene graph gen- a perception system (i.e. object detection and scene repre- eration) rather than reasoning. Neuro-symbolic sentation learning) and a reasoning system (i.e. question in- models such as Neural Module Networks bring terpretation and inference grounded in the scene). However, the benefits of compositional reasoning to VQA, this interaction is difficult to capture and assess accurately. but they are still entangled with visual representa- For example, the definition of VQA has evolved over time tion learning, and thus neural reasoning is hard to to eliminate language biases that impeded its robustness improve and assess on its own. To address this, we as a VR metric. The early VQA datasets were biased to propose (1) a framework to isolate and evaluate real-world language priors to the extent that many questions the reasoning aspect of VQA separately from its were answerable without looking at the image (Agrawal perception, and (2) a novel top-down calibration et al., 2018). Subsequent vers"
1," Closed Loop Neural-Symbolic Learning via Integrating Neural Perception, Grammar Parsing, and Symbolic Reasoning Qing Li 1 Siyuan Huang 1 Yining Hong 1 Yixin Chen 1 Ying Nian Wu 1 Song-Chun Zhu 1 Abstract The goal of neural-symbolic computation is to in- tegrate the connectionist and symbolist paradigms. Prior methods learn the neural-symbolic models using reinforcement learning (RL) approaches, which ignore the error propagation in the sym- bolic reasoning module and thus converge slowly with sparse rewards. In this paper, we address these issues and close the loop of neural-symbolic learning by (1) introducing the grammar model as a symbolic prior to bridge neural perception and symbolic reasoning, and (2) proposing a novel back-search algorithm which mimics the top- Figure 1. Comparison between the original neural-symbolic model down human-like learning procedure to propa- learned by REINFORCE (NS-RL) and the proposed neural- gate the error through the symbolic reasoning grammar-symbolic model learned by back-search (NGS-BS). In module efficiently. We further interpret the pro- NS-RL, the neural network predicts an invalid formula, causing a posed learning framework as maximum likeli- failure in the symbolic reasoning module. There is no backward hood estimation using Markov chain Monte Carlo pass in this example since it generates zero reward. In contrast, sampling and the back-search algorithm as a NGS-BS predicts a valid formula and searches a correction for its Metropolis-Hastings sampler. The experiments prediction. The neural network is updated using this correction as are conducted on two weakly-supervised neural- the pseudo label. symbolic tasks: (1) handwritten formula recog- nition on the newly introduced HWF dataset; (2) visual question answering on the CL"
2," Generating Programmatic Referring Expressions via Program Synthesis Jiani Huang 1 Calvin Smith 2 Osbert Bastani 1 Rishabh Singh 3 Aws Albarghouthi 2 Mayur Naik 1 Abstract the question and a symbolic representation of the image, we Incorporating symbolic reasoning into machine can evaluate the question representation in the context of learning algorithms is a promising approach to the image representation to compute the answer (Yi et al., improve performance on learning tasks that re- 2018; Mao et al., 2019; Ma et al., 2019). quire logical reasoning. We study the problem A natural question is whether incorporating symbolic rea- of generating a programmatic variant of referring soning with DNNs can be useful for tasks beyond question expressions that we call referring relational pro- answering. In particular, consider the problem of generating grams. In particular, given a symbolic representa- a referring expression—i.e., an image caption that uniquely tion of an image and a target object in that image, identifies a given target object in a given image (Golland the goal is to generate a relational program that et al., 2010; Kazemzadeh et al., 2014). In contrast to visual uniquely identifies the target object in terms of question answering, where we translate a question to a pro- its attributes and its relations to other objects in gram and then execute that program, in this case, we want to the image. We propose a neurosymbolic program synthesize a program identifying the target object and then synthesis algorithm that combines a policy neu- translate this program into a caption. ral network with enumerative search to generate such relational programs. The policy neural net- In this paper, we take a first step towards realizing this ap- work employs a program interpreter"
3," Temporal Logic Point Processes Shuang Li 1 Lu Wang 2 Ruizhi Zhang 3 Xiaofu Chang 4 Xuqin Liu 4 Yao Xie 5 Yuan Qi 4 Le Song 4 6 Abstract event data becomes increasingly important to understand the underlying systems, to make accurate predictions, and We propose a modeling framework for event data to regulate these systems towards desired states. Recently, and aim to answer questions such as when and sophisticated models such as recurrent Marked point pro- why the next event would happen. Our proposed cesses (Du et al., 2016), neural Hawkes processes (Mei & model excels in small data regime with the ability Eisner, 2017) and policy-like generative point processes (Li to incorporate domain knowledge in terms of logic et al., 2018) have been proposed, allowing us to model rules. We model the dynamics of the event starts increasingly complex phenomena. and ends via intensity function with the structures informed by a set of first-order temporal logic Although these models are flexible, they require lots of data rules. Using the softened representation of tem- to properly fit the models, making them perform poorly in poral relations, and a weighted combination of the regime of small data. Furthermore, these models are logic rules, our probabilistic model can deal with notorious for their difficult-to-interpret prediction results uncertainty in events. Furthermore, many well- and have been branded as “black boxes"" (Doshi-Velez & known point processes (e.g., Hawkes process, self- Kim, 2017) – it is difficult to clearly explain or identify the correcting point process) can be interpreted as logic behind the predictions. In some cases, interpretabil- special cases of our model given simple tempo- ity is more important than predictions. For example, in ral logic rules. Our model,"
4,"A landmark challenge for AI is to learn fexible, powerful representations from small numbers of examples. On an important class of tasks, hy- potheses in the form of programs provide ex- treme generalization capabilities from surpris- ingly few examples. However, whereas large real image benchmarks have spurred progress in meta- learning for deep networks, there is no compa- rably big, real program-synthesis dataset. This is because, while images are relatively easy to label from internet meta-data or annotated by non- experts, generating meaningful input-output tests for program induction has proven hard to scale. In this work, we propose a new way of leverag- ing a collection of programs with associated unit tests to create a much larger collection of test- program pairs. We do so by extracting subpro- grams of each program and using the inputs of the overall program to get tests for each subprogram. Figure 1. Extracting interesting subprograms from the Sieve of This allows us to create P ROG RES, a large-scale Erathostenes. Some subprograms, like j = max (p, dn/pe) p, few-shot program-induction benchmark of real are byproducts that are not directly used by the overall program, programs and propose new challenges in this do- but still implement purposeful functions. Line sub-sequences that main. We analyze the effect of multiple design break the nesting structure result in invalid subprograms. choices on transformer-based program induction and synthesis algorithms, pointing to shortcom- ings of current methods and suggesting multiple avenues for future work."
5,"An Integer Linear Programming Framework for Mining Constraints from Data Tao Meng 1 Kai-Wei Chang 1 Abstract straints (Punyakanok et al., 2005; Samdani & Roth, 2012; Nowozin & Lampert, 2011). For example, in part-of-speech Structured output prediction problems (e.g., se- tagging, a constraint specifying that every sentence should quential tagging, hierarchical multi-class classi- contain at least one verb and one noun can greatly improve fication) often involve constraints over the out- the performance (Ganchev et al., 2010). Similarly, in hier- put label space. These constraints interact with archical multi-label classification, a figure labeled ‘flower’ the learned models to filter infeasible solutions should also be labeled ‘plant’ as well (Dimitrovski et al., and facilitate in building an accountable system. 2011). To incorporate constraints with learned models, one However, although constraints are useful, they are popular method is to formulate the inference problem into often based on hand-crafted rules. This raises a an integer linear programming (ILP) (Roth & Yih, 2004). question – can we mine constraints and rules from This framework is general and can cope with constraints data based on a learning algorithm? formed as propositional logics (Hooker, 1988; Richardson In this paper, we present a general framework for & Domingos, 2006). This approach has been widely used in mining constraints from data. In particular, we natural language processing, computer vision, and many ap- consider the inference in structured output pre- plication areas. It has demonstrated great performance gains diction as an integer linear programming (ILP) in various applications (e.g., Martins et al. (2010); Nowozin problem. Then, given the coefficients of the objec- & Lampert (2011); R"
6,"Deep reinforcement learning (DRL) has proven successful for many difficult control problems by learning policies represented by neural networks. However, the complexity of neural network-based policies—involving thousands of composed non- linear operators—can render them problematic to understand, trust, and deploy. In contrast, simple policies comprising short symbolic expressions can facilitate human understanding, while also being transparent and exhibiting predictable be- havior. To this end, we propose deep symbolic policy, a novel approach to directly search the space of symbolic policies. We use an autoregres- sive recurrent neural network to generate control policies represented by tractable mathematical expressions, employing a risk-seeking policy gra- dient to maximize performance of the generated policies. To scale to environments with multi- dimensional action spaces, we propose an “an- choring” algorithm that distills pre-trained neural Figure 1: Algorithm overview. (Top) The Policy Generator network-based policies into fully symbolic poli- samples an example expression. (Middle) The current policy cies, one action dimension at a time. We also is a construct of previously learned symbolic policies, the introduce two novel methods to improve explo- current sample, and an anchor model. (Bottom) The Policy ration in DRL-based combinatorial optimization, Evaluator applies the policy to the environment, and the building on ideas of entropy regularization and reward is used to train the Policy Generator. The algorithm distribution initialization. Despite their dramat- learns actions sequentially until all n actions are symbolic ically reduced complexity, we demonstrate that and the anchor model is discarded. discovered symbolic policies outperform seven state-of-the-art DRL algorithms in terms of aver- age rank and average normalized episodic reward across eight benchmark environments. difficult control problems (Collins et al., 2005; Mnih et al., 2015; 2016; Pettit et al., 2019; Glatt et al., 2020). DRL owes much of its success to recent advances in training deep neural networks (NNs), which are commonly employed as"
7," Latent Programmer: Discrete Latent Codes for Program Synthesis Joey Hong 1 David Dohan 1 Rishabh Singh 1 Charles Sutton 1 Manzil Zaheer 1 Abstract write programs. Synthesis methods often search through A key problem in program synthesis is searching programs in an order determined by the token sequence, by over the large space of possible programs. Human a syntax tree, or by a logical solver. In contrast, we imagine programmers might decide the high-level struc- that a programmer often starts by thinking about the high- ture of the desired program before thinking about level structure of the desired program — such as what library the details; motivated by this intuition, we con- functions to call, or the overall program structure — and sider two-level search for program synthesis, in then fills in the details. For example, for a program that which the synthesizer first generates a plan—a processes a list of people’s names, a programmer might sequence of symbols that describes the desired first plan that the program should extract the person’s name program at a high level—before generating the followed by the person’s last initial, and only then think program. We propose to learn representations of about details such as which library functions to use. programs that can act as plans to organize such Based on this intuition, we propose two-level search for a two-level search. Discrete latent codes are ap- program synthesis. In two-level search, the synthesizer first pealing for this purpose, and can be learned by produces a plan that describes the desired program, and applying recent work on discrete autoencoders. then synthesizes a program based on that plan. For us, a Based on these insights, we introduce the Latent plan is simply a sequence of symbols that describes th"
8,"models using natural language supervision. In LAPS, lan- Inductive program synthesis, or inferring pro- guage guides learning of both libraries of reusable program grams from examples of desired behavior, offers abstractions and heuristics for searching in the space of a general paradigm for building interpretable, ro- programs. High-quality program libraries and search meth- bust, and generalizable machine learning systems. ods are the main ingredients of effective program synthesis Effective program synthesis depends on two key approaches (Gulwani et al., 2017). Recent approaches to ingredients: a strong library of functions from program synthesis have attempted to learn search models which to build programs, and an efficient search (Gulwani et al., 2015; Polozov & Gulwani, 2015; Balog strategy for finding programs that solve a given et al., 2016; Devlin et al., 2017), program libraries, or both task. We introduce LAPS (Language for Abstrac- jointly from data (Shin et al., 2019; Dumancić & Cropper; tion and Program Search), a technique for using Ellis et al., 2021; 2020; Lázaro-Gredilla et al., 2019), but natural language annotations to guide joint learn- even the current best learning approaches can be computa- ing of libraries and neurally-guided search models tionally inefficient (often requiring upwards of thousands of for synthesis. When integrated into a state-of-the- CPU hours to bootstrap learning) and do not always discover art library learning system (DreamCoder), LAPS generalizable libraries or search strategies. produces higher-quality libraries and improves LAPS builds on the intuition that natural language offers a search efficiency and generalization on three do- powerful source of information for tackling both learning mains – string editing, image composition, and problems. Language simultaneously provides an efficient abstract reasoning about scenes – even when no channel for communicating the structure of the search space natural language hints are available at test time. (an instruction like draw a large hexagon next to a small pentagon decomposes a complex graphics task into high- level parts) and a lexicon that names important reusable"
9,"The process of discovering symbolic expressions from ex- Symbolic equations are at the core of scientific perimental data is hard and has traditionally been one of the discovery. The task of discovering the underlying hallmarks of human intelligence. Symbolic regression is a equation from a set of input-output pairs is called branch of regression analysis that tries to emulate such a symbolic regression. Traditionally, symbolic re- process. More formally, given a set of n input-output pairs gression methods use hand-designed strategies {(xi , yi )}ni=1 ∼ X × Y, the goal is to find a symbolic equa- that do not improve with experience. In this paper, tion e and corresponding function fe such that y ≈ fe (x) we introduce the first symbolic regression method for all (x, y) ∈ X × Y. In other words, the goal of sym- that leverages large scale pre-training. We proce- bolic regression is to infer both model structure and model durally generate an unbounded set of equations, parameters in a data-driven fashion. Even assuming that the and simultaneously pre-train a Transformer to pre- vocabulary of primitives — e.g. {sin, exp, +, ...} — is suf- dict the symbolic equation from a corresponding ficient to express the correct equation behind the observed set of input-output-pairs. At test time, we query data, symbolic regression is a hard problem to tackle. The the model on a new set of points and use its out- number of functions associated with a string of symbols put to guide the search for the equation. We show grows exponentially with the string length, and the presence empirically that this approach can re-discover a of numeric constants further exacerbates its difficulty. set of well-known physical equations, and that it Due to its challenging combinatorial nature, existing ap- improves over time with more data and compute. proaches to symbolic regression are mainly based on search- techniques whose goal is typically to minimize a pre- specified fitness function measuring the distance between"
10,"e.g. un = tan−1 (un−3 ) exp(cos(n2 )). Symbolic regression, i.e. predicting a function In this paper, we train neural networks to infer the recur- from the observation of its values, is well-known rence relation f from the observation of the first terms of to be a challenging task. In this paper, we the sequence. The majority of studies in machine learn- train Transformers to infer the function or recur- ing for symbolic regression have focused on non-recurrent rence relation underlying sequences of integers functions, i.e. expressions of the form y = f (x). Recur- or floats, a typical task in human IQ tests which rence relations provide a more general setting, which gives has hardly been tackled in the machine learning a deeper account of the underlying process: if the sequence literature. We evaluate our integer model on a corresponds to successive time steps, the recurrence rela- subset of OEIS sequences, and show that it out- tion is a discrete time differential equation for the system performs built-in Mathematica functions for re- considered. currence prediction. We also demonstrate that our float model is able to yield informative ap- 1.1. Contributions proximations of out-of-vocabulary functions and constants, e.g. bessel0(x) ≈ sin(x)+cos(x) √ and We show that transformers can learn to infer a recurrence πx 2 relation from the observation of the first terms of a sequence. 1.644934 ≈ π /6. We consider both sequences of integers and floats, and train our models on a large set of synthetic examples."
11," Neural-Symbolic Models for Logical Queries on Knowledge Graphs Zhaocheng Zhu 1 2 Mikhail Galkin 1 3 Zuobai Zhang 1 2 Jian Tang 1 4 5 Abstract has attracted much attention in artificial intelligence, since it can be used to infer new knowledge or answer queries Answering complex first-order logic (FOL) based on existing knowledge. One particular reasoning task queries on knowledge graphs is a fundamental we are interested in is answering complex First-Order Logic task for multi-hop reasoning. Traditional sym- (FOL) queries on knowledge graphs, which involves logic bolic methods traverse a complete knowledge operations like existential quantifier (∃), conjunction (∧), graph to extract the answers, which provides disjunction (∨) and negation (¬). For example, the question good interpretation for each step. Recent neural “Which universities do the Turing Award winners of deep methods learn geometric embeddings for complex learning work in?” can be represented as a FOL query, as queries. These methods can generalize to incom- showed in Fig. 1. plete knowledge graphs, but their reasoning pro- cess is hard to interpret. In this paper, we propose Traditionally, the problem of reasoning is handled by Graph Neural Network Query Executor (GNN- symbolic approaches, such as logic programming (Lloyd, QE), a neural-symbolic model that enjoys the ad- 2012), fuzzy logic (Klir & Yuan, 1995) or probabilistic vantages of both worlds. GNN-QE decomposes a reasoning (Pearl, 2014). In the same vein, several algo- complex FOL query into relation projections and rithms (Dalvi & Suciu, 2007; Schmidt et al., 2010; Zou logical operations over fuzzy sets, which provides et al., 2011) have been developed for searching the answers interpretability for intermediate variables. To rea- to complex querie"
12," Neuro-Symbolic Hierarchical Rule Induction Claire Glanois 1 Zhaohui Jiang 2 Xuening Feng 2 Paul Weng 2 Matthieu Zimmer 2 Dong Li 3 Wulong Liu 3 Jianye Hao 3 4 Abstract deep learning, scalability for symbolic methods). We propose Neuro-Symbolic Hierarchical Rule In this paper, we focus on inductive logic programming Induction (HRI), an efficient interpretable neuro- (ILP) tasks (Cropper & Dumančić, 2021). The goal in ILP symbolic model, to solve Inductive Logic Pro- is to find a first-order logic (FOL) formula that explains gramming (ILP) problems. In this model, which positive and negative examples given some background is built from a pre-defined set of meta-rules orga- knowledge also expressed in FOL. In contrast to traditional nized in a hierarchical structure, first-order rules ILP methods, which are based on combinatorial search over are invented by learning embeddings to match the space of logic programs, neuro-symbolic methods (see facts and body predicates of a meta-rule. To in- Section 2) often work on a continuous relaxation of this stantiate HRI, we specifically design an expres- discrete space. sive set of generic meta-rules, and demonstrate they generate a consequent fragment of Horn For tackling ILP problems, we propose a new neuro- clauses. As a differentiable model, HRI can be symbolic hierarchical model, denoted HRI, which is built trained both via supervised learning and reinforce- upon a set of meta-rules. For a more compact, yet expressive, ment learning. To converge to interpretable rules, representation, we introduce the notion of proto-rule, which we inject a controlled noise to avoid local op- encompasses multiple meta-rules. The valuations of predi- tima and employ an interpretability-regularization cates are computed via a soft unification b"
13," Neuro-Symbolic Language Modeling with Automaton-augmented Retrieval Uri Alon 1 Frank F. Xu 1 Junxian He 1 Sudipta Sengupta 2 Dan Roth 3 Graham Neubig 1 1 Language Technologies Institute, Carnegie Mellon University 2 Amazon AWS 3 AWS AI Labs {ualon,fangzhex,junxianh,gneubig}@cs.cmu.edu {sudipta,drot}@amazon.com Abstract question answering (Karpukhin et al., 2020; Ram et al., 2021), and code generation (Hayati et al., 2018; Hashimoto Retrieval-based language models (R-LM) model et al., 2018). The key ingredient of R-LMs is their ability to the probability of natural language text by com- utilize training examples at test time without having to rely bining a standard language model (LM) with ex- on the information encoded in the model’s weights only. amples retrieved from an external datastore at test time. While effective, a major bottleneck In these models, the retrieval component first searches for of using these models in practice is the compu- nearest neighbor examples in an external datastore; then, the tationally costly datastore search, which can be base model references these examples during the prediction. performed as frequently as every time step. In This fusion of language models (LMs) and retrieval im- this paper, we present R ETO M ATON – retrieval proves the base language model from several perspectives, automaton – which approximates the datastore including higher accuracy (Xu et al., 2021), domain adapt- search, based on (1) saving pointers between con- ability (Jiang et al., 2021), and reduced size (Borgeaud et al., secutive datastore entries, and (2) clustering of 2021). Further, the retrieved examples provide information entries into “states”. This effectively results in regarding the provenance of the model’s predictions, and a weighted finite automa"
14," Parametric Visual Program Induction with Function Modularization Xuguang Duan 1 Xin Wang 1 Ziwei Zhang 1 Wenwu Zhu 1 Abstract while(noMarkersPresent){ putMarker() Generating programs to describe visual observa- move() tions has gained much research attention recently. turnLeft() } However, most of the existing approaches are (a) non-parametric function, no parameter, no variant. based on non-parametric primitive functions, mak- ing them unable to handle complex visual scenes line(lx=1,ty=8,rx=9,by=8,arrow=‘LEFT’) line(lx=9,ty=1,rx=9,by=8,arrow=‘LEFT’) involving many attributes and details. In this pa- for (i = [1, 2, 3]){ per, we propose the concept of parametric visual rectangle( program induction. Learning to generate para- lx=2i+1,ty=6-i,rx=2i+2,by=8 ) metric programs for visual scenes is challenging } due to the huge number of function variants and (b) parametric function, many parameters, more than 104 variants. the complex function correlations. To solve these challenges, we propose the method of function Figure 1. (a): An example of the visual program induction task that only generates non-parametric programs, within which, each modularization, capable of dealing with numer- function has only one variant, and could be modeled as a symbolic ous function variants and complex correlations. token. (b): An example of the parametric visual program induction Specifically, we model each parametric function task studied in this paper, where parametric primitive functions as a multi-head self-contained neural module to with many more variants are needed to describe the complex visual cover different function variants. Moreover, to scene. However, it is hard to tackle such many function variants. eliminate the complex correlations between func- tions, we propose the hierar"
15," Controllable Neural Symbolic Regression Tommaso Bendinelli * 1 Luca Biggio * 1 2 Pierre-Alexandre Kamienny 3 4 Abstract 2022) and fundamental physics (Schmidt and Lipson, 2009; In symbolic regression, the goal is to find an ana- Vaddireddy et al., 2020; Sun et al., 2022; Cranmer et al., lytical expression that accurately fits experimental 2020; Hernandez et al., 2019; Udrescu and Tegmark, 2020). data with the minimal use of mathematical sym- The goal of SR is to gain a deeper understanding of the un- bols such as operators, variables, and constants. derlying mechanisms of physical systems rather than trying However, the combinatorial space of possible ex- to fit the data exactly, which can be affected by measurement pressions can make it challenging for traditional errors. SR accomplishes this by converting input numerical evolutionary algorithms to find the correct expres- data into compact and low-complexity representations in sion in a reasonable amount of time. To address the form of symbolic mathematical expressions. this issue, Neural Symbolic Regression (NSR) al- Researchers in natural sciences frequently rely on prior gorithms have been developed that can quickly knowledge and analogies to comprehend novel systems and identify patterns in the data and generate analyti- predict their behavior. When studying specific physical phe- cal expressions. However, these methods, in their nomena, scientists might anticipate particular constants or current form, lack the capability to incorporate symmetries to appear in the mathematical laws describing user-defined prior knowledge, which is often re- the data. For instance, in astrophysics, the gravitational quired in natural sciences and engineering fields. constant has a significant impact on determining the scale of To "
16," Deep Generative Symbolic Regression with Monte-Carlo-Tree-Search Pierre-Alexandre Kamienny 1 2 Guillaume Lample 1 Sylvain Lamprier 3 Marco Virgolin 4 Abstract algorithms can additionally outperform over-parametrized Symbolic regression (SR) is the problem of models, e.g., decision-tree ensembles or neural networks, learning a symbolic expression from numerical on a set of real-world and synthetic datasets. data. Recently, deep neural models trained on SR is a challenging task, which implies composing inher- procedurally-generated synthetic datasets showed ently discrete objects (operators and variables) to make the competitive performance compared to more clas- resulting expression fit well the given data. As seeking the sical Genetic Programming (GP) algorithms. optimal composition is intractable (Virgolin & Pissis, 2022), Unlike their GP counterparts, these neural ap- typical approaches to SR are based on heuristics. In fact, proaches are trained to generate expressions from the leading algorithms on SRBench are modern versions of datasets given as context. This allows them to pro- genetic programming (GP) (Koza, 1994), a class of genetic duce accurate expressions in a single forward pass algorithms where evolving solutions need to be executed at test time. However, they usually do not bene- to determine their quality (i.e., SR expressions need to be fit from search abilities, which result in low per- evaluated on the data to determine their quality of fit). formance compared to GP on out-of-distribution datasets. In this paper, we propose a novel method Lately, there has been a growing interest in the SR com- which provides the best of both worlds, based munity for neural network-based approaches. For example, on a Monte-Carlo Tree Search procedure using Udrescu & T"
17,"using Linear Temporal Logic (LTL) to specify agent behav- Linear temporal logic (LTL) offers a simplified ior have been studied (see Section 7). LTL can express de- way of specifying tasks for policy optimization sired characteristics of future paths of a system (Baier & Ka- that may otherwise be difficult to describe with toen, 2008), allowing for precise and flexible task/behavior scalar reward functions. However, the standard specification. For example, we may ask for a system to RL framework can be too myopic to find maxi- repeatedly accomplish a set of goals in specific succession mally LTL satisfying policies. This paper makes (see Section 2 for more examples). two contributions. First, we develop a new value- Without significant assumptions, there is no precise sig- function based proxy, using a technique we call nal on the probability of a policy satisfying an LTL ob- eventual discounting, under which one can find jective. Existing work overwhelmingly uses Q-learning policies that satisfy the LTL specification with with a sparse RL heuristic (Bozkurt et al., 2020; Cai et al., highest achievable probability. Second, we de- 2021a) meant to motivate an agent to generate trajectories velop a new experience replay method for gener- that appear to satisfy the task. First, these heuristics involve ating off-policy data from on-policy rollouts via complicated technical assumptions obscuring access to non- counterfactual reasoning on different ways of sat- asymptotic guarantees, even in finite state-action spaces. isfying the LTL specification. Our experiments, Second, sparse reward functions pose substantial challenges conducted in both discrete and continuous state- to any gradient-based RL algorithm since they provide poor action spaces, confirm the effectiveness of our signal to adequately solve credit assignment. Resolving counterfactual experience replay approach. sparsity involves using a hierarchical approach (Bozkurt et al., 2020) or re-introducing reward-shaping (Hasanbeig et al., 2018). See Section 7 for elaboration on prior work."
18," Interpretable Neural-Symbolic Concept Reasoning Pietro Barbiero * 1 Gabriele Ciravegna * 2 Francesco Giannini * 3 Mateo Espinosa Zarlenga 1 Lucie Charlotte Magister 1 Alberto Tonda 4 Pietro Lió 1 Frederic Precioso 2 Mateja Jamnik 1 Giuseppe Marra * 5 Abstract et al., 2015), raising ethical (Durán & Jongsma, 2021; Lo Pi- Deep learning methods are highly accurate, yet ano, 2020) and legal (Wachter et al., 2017; EUGDPR, 2017) their opaque decision process prevents them from concerns. For this reason, interpretability is now a core earning full human trust. Concept-based mod- research topic in the field of responsible AI (Rudin, 2019). els aim to address this issue by learning tasks Concept-based models (Kim et al., 2018; Chen et al., 2020) based on a set of human-understandable concepts. aim to increase human trust in deep learning models by However, state-of-the-art concept-based models using human-understandable concepts to train interpretable rely on high-dimensional concept embedding rep- models—such as logistic regression or decision trees (Rudin, resentations which lack a clear semantic mean- 2019; Koh et al., 2020; Kazhdan et al., 2020) (Figure 1). ing, thus questioning the interpretability of their This approach significantly increases human trust in the AI decision process. To overcome this limitation, predictor (Rudin, 2019; Shen, 2022) as it allows users to we propose the Deep Concept Reasoner (DCR), clearly understand a model’s decision process. However, the first interpretable concept-based model that state-of-the-art concept-based models, which rely on con- builds upon concept embeddings. In DCR, neural cept embeddings (Yeh et al., 2020; Kazhdan et al., 2020; networks do not make task predictions directly, Mahinpei et al., 2021; Espinosa Zarlenga et al., 2"
19," Neuro-Symbolic Continual Learning: Knowledge, Reasoning Shortcuts and Concept Rehearsal Emanuele Marconato * 1 2 Gianpaolo Bontempo * 1 3 Elisa Ficarra 3 Simone Calderara 3 Andrea Passerini 2 Stefano Teso 4 2 Abstract 1. Introduction We initiate the study of Neuro-Symbolic Continual Learn- We introduce Neuro-Symbolic Continual Learn- ing (NeSy-CL), in which the goal is to solve a sequence ing, where a model has to solve a sequence of of neuro-symbolic tasks. As is common in neuro-symbolic neuro-symbolic tasks, that is, it has to map sub- (NeSy) prediction (Manhaeve et al., 2018; Xu et al., 2018; symbolic inputs to high-level concepts and com- Giunchiglia & Lukasiewicz, 2020; Hoernle et al., 2022; pute predictions by reasoning consistently with Ahmed et al., 2022a), the machine is provided prior knowl- prior knowledge. Our key observation is that edge relating one or more target labels to symbolic, high- neuro-symbolic tasks, although different, often level concepts extracted from sub-symbolic data, and has to share concepts whose semantics remains stable compute a prediction by reasoning over said concepts. The over time. Traditional approaches fall short: ex- central challenge of Nesy-CL is that the data distribution isting continual strategies ignore knowledge alto- and the knowledge may vary across tasks. E.g., in medical gether, while stock neuro-symbolic architectures diagnosis knowledge may encode known relationships be- suffer from catastrophic forgetting. We show that tween possible symptoms and conditions, while different leveraging prior knowledge by combining neuro- tasks are characterized by different distributions of X-ray symbolic architectures with continual strategies scans, symptoms and conditions. The goal, as in continual does help avoid catastrophic"
20,"An alternative to stratified is parallel integration. In contrast Parallel neurosymbolic architectures have been to stratified frameworks, parallel integration applies in set- applied effectively in NLP by distilling knowl- tings in which the same task can be solved both symbolically edge from a logic theory into a deep model. How- and sub-symbolically and the aim is to increase the accu- ever, prior art faces several limitations including racy of the end task by distilling knowledge from the logic supporting restricted forms of logic theories and component into the neural one and vice versa. Two parallel relying on the assumption of independence be- neurosymbolic frameworks have been proposed recently: tween the logic and the deep network. We present Teacher-Student (T-S) by Hu et al. (Hu et al., 2016a;b) and Concordia, a framework overcoming the limita- Deep Probabilistic Logic (DPL) by Wang and Poon (Wang tions of prior art. Concordia is agnostic both to & Poon, 2018). T-S is based on posterior regularization the deep network and the logic theory offering (Ganchev et al., 2010) to build a teacher network which is support for a wide range of probabilistic theories. later used to train the neural module. DPL defines a joint Our framework can support supervised training distribution after making the assumption of independence of both components and unsupervised training of between the logical theory and the deep network and uses the neural component. Concordia has been suc- this distribution to regularize the deep model. cessfully applied to tasks beyond NLP and data Problem. Stratified approaches focus on separating the classification, improving the accuracy of state- pattern recognition and the reasoning to allow for more of-the-art on collective activity detection, entity complex reasoning and querying. However, the approaches linking and recommendation tasks. named above tend to suffer from high computational com- plexity. In this work, we focus in particular on how neuro- symbolic AI can help to reduce the need of (labelled) data."
21," Ambiguity-Aware Abductive Learning Hao-Yuan He 1 2 Hui Sun 1 2 Zheng Xie 1 Ming Li 1 2 Abstract Abductive Learning (ABL) (Zhou, 2019; Dai et al., 2019) Abductive Learning (ABL) is a promising frame- represents a novel framework seamlessly integrating ma- work for integrating sub-symbolic perception and chine learning systems with logical reasoning systems. logical reasoning through abduction. In this case, Within this framework, the machine learning model is the abduction process provides supervision for trained to transform raw input data, e.g., images and text, the perception model from the background knowl- into sub-symbolic concepts; concurrently, the logical model edge. Nevertheless, this process naturally con- is designed to conduct reasoning based on these concepts. tains uncertainty, since the knowledge base may Logical reasoning, facilitated through abductive reason- be satisfied by numerous potential candidates. ing (Magnani, 2009), is employed to identify the accurate This implies that the result of the abduction pro- concepts of unlabeled instances; these identified concepts cess, i.e., a set of candidates, is ambiguous; both are then utilized to update the machine learning model correct and incorrect candidates are mixed in this through supervised learning. set. The prior art of Abductive Learning selects Consider the following illustrative example: the digit equa- the candidate that has the minimal inconsistency tion SUM( , ) = 3 is presented, accompanied by the of the knowledge base. However, this method background knowledge that it represents a digit addition overlooks the ambiguity in the abduction process task. Initially, the machine learning model identifies =1 and is prone to error when it fails to identify the and = 1. However, upon logical inferen"
22,"The usage of Rational Speech Acts (RSA) frame- work has been successful in building pragmatic program synthesizers that return programs which, in addition to being logically consistent with user- generated examples, account for the fact that a user chooses their examples informatively. We present a general method of amortizing the slow, exact RSA synthesizer. Our method first query the exact RSA synthesizer to compile a commu- nication dataset. The dataset contains a number of example-dependent rankings of subsets of pro- Figure 1. (left) Directly using the exact RSA algorithm in a prag- grams. It then distills a single global ranking of matic synthesizer L1 is slow. (right) Our approach uses RSA to all programs as an approximation to every rank- generate a simulated communication dataset between the infor- ing in the dataset. This global ranking is then mative speaker S1 and the pragmatic synthesizer L1 , and stores used at inference time to rank multiple logically the responses of L1 as example-dependent rankings of subsets consistent candidate programs generated from a of programs. We then distill the dataset into a single example- fast, non-pragmatic synthesizer. Experiments on agnostic global ranking of all programs σ[w]. This global ranking is then used to build a fast pragmatic synthesizer Lσ , by using two program synthesis domains using our ranking the examples only to filter out consistent programs, then using the method resulted in orders of magnitudes of speed global ranking to sort them. This amortized synthesizer performs ups compared to the exact RSA synthesizer, while similar selections of programs as an exact RSA synthesizer, while being more accurate than a non-pragmatic synthe- being orders of magnetudes faster. sizer when communicating with humans. Finally, we prove that in the special case of synthesis from a single example, this approximation is exact. the system, via recursive Bayesian reasoning. Given several competing responses, for instance regex1 = \d{3}-\d{4}"
23,"Task 1 Task 2 Abductive learning models (ABL) and neural- symbolic predictive models (NeSy) have been re- cently shown effective, as they allow us to infer la- bels that are consistent with some prior knowledge by reasoning over high-level concepts extracted from sub-symbolic inputs. However, their gener- Red: False Red: True Red: False Car: True Car: True Car: True alization ability is affected by reasoning shortcuts: high accuracy on given targets but leveraging in- KB : Red ˅ Car → Stop KB : Car → Stop termediate concepts with unintended semantics. Although there have been techniques to alleviate reasoning shortcuts, theoretical efforts on this is- Stop Stop Stop sue remain to be limited. This paper proposes Shortcuts: Confusing Car and Red!! a simple and effective analysis to quantify harm caused by it and how can mitigate it. We quantify three main factors in how NeSy algorithms are Figure 1. Reasoning shortcuts. In Task 1, an autonomous vehicle affected by reasoning shortcuts: the complexity needs to decide whether to move forward or stop based on the of the knowledge base, the sample size, and the given rule: Red ∨ Car → Stop, which means it should stop if hypothesis space. In addition, we demonstrate there is a red light or a vehicle ahead. The model trained on this that ABL can reduce shortcut risk by selecting task could correctly classify the target, but it acquires a reasoning specific distance functions in consistency opti- shortcut by confusing the presence of a vehicle and the red light. mization, thereby demonstrating its potential and When the perception model learned in Task 1 is applied to Task 2, approach to solving shortcut problems. Empirical which involves determining whether turning right is permissible, studies demonstrate the rationality of the analysis. the autonomous vehicle mistakenly decides it should stop when Moreover, the proposal is suitable for many ABL the perception model incorrectly predicts a vehicle ahead, possibly resulting in a dangerous situation. and NeSy algorithms and can be easily extended to handle other cases of reasoning shortcuts. Cun et al., 2015) serve as low-level perception models to"
24,"isting NeSy methods, including DeepProblog (Manhaeve We leverage convex and bilevel optimization tech- et al., 2018; 2021), SATNet (Wang et al., 2019), logic ten- niques to develop a general gradient-based pa- sor networks (Badreddine et al., 2022), and NeuPSL (Pryor rameter learning framework for neural-symbolic et al., 2023). NeSy-EBMs use neural network outputs to (NeSy) systems. We demonstrate our framework parameterize an energy function and formulate an inference with NeuPSL, a state-of-the-art NeSy architec- problem that may be non-smooth and constrained. Thus, ture. To achieve this, we propose a smooth primal predictions are not guaranteed to be a function of the inputs and dual formulation of NeuPSL inference and and parameters with an explicit form or to be differentiable, show learning gradients are functions of the op- and traditional deep learning techniques are not directly ap- timal dual variables. Additionally, we develop plicable. Therefore, we equivalently formulate NeSy-EBM a dual block coordinate descent algorithm for learning as a bilevel problem. Moreover, to support first- the new formulation that naturally exploits warm- order gradient-based optimization, we propose a smooth- starts. This leads to over 100× learning runtime ing strategy that is novel to NeSy learning. Specifically, improvements over the current best NeuPSL in- we replace the constrained NeSy energy function with its ference method. Finally, we provide extensive Moreau envelope. The augmented Lagrangian method for empirical evaluations across 8 datasets covering equality-constrained minimization is then applied with the a range of tasks and demonstrate our learning new formulation. framework achieves up to a 16% point prediction We demonstrate the effectiveness of our proposed learn- performance improvement over alternative learn- ing framework with NeuPSL. To ensure differentiability ing methods. and provide principled forms of gradients for learning, we present a new formulation and regularization of NeuPSL inference as a quadratic program. Moreover, we introduce a"
25,"End-to-End Neuro-Symbolic Reinforcement Learning with Textual Explanations Lirui Luo 1 2 Guoxi Zhang 2 Hongming Xu 2 Yaodong Yang 1 2 Cong Fang 1 Qing Li 2 Abstract cise expressions, thereby guaranteeing interpretability via Neuro-symbolic reinforcement learning (NS-RL) clear semantics of states and policies. has emerged as a promising paradigm for explain- For tasks with visual observations, the structured states able decision-making, characterized by the inter- need to be learned from pixels, which involves identifying pretability of symbolic policies. NS-RL entails objects from images. Zheng et al. (2022) proposed to use structured state representations for tasks with vi- the Spatially Parallel Attention and Component Extraction sual observations, but previous methods cannot (SPACE) model (Lin et al., 2020) for this purpose, but the refine the structured states with rewards due to a state representations are fixed during policy learning due to lack of efficiency. Accessibility also remains an the computational overhead of SPACE. That being said, the issue, as extensive domain knowledge is required structured states are not refined with reward signals, leading to interpret symbolic policies. In this paper, we to significant performance degradation. present a neuro-symbolic framework for jointly learning structured states and symbolic policies, Meanwhile, symbolic policies can be intricate for general whose key idea is to distill the vision foundation users, albeit being intrinsically interpretable. For instance, model into an efficient perception module and to interpret logical policies (Delfosse et al., 2024a) one refine it during policy learning. Moreover, we has to be familiar with first-order logic, and in the case of design a pipeline to prompt GPT-4 to generate "
26," Federated Neuro-Symbolic Learning Pengwei Xing 1 Songtao Lu 2 Han Yu 1 Abstract symbolic work is generally divided into two categories: one Neuro-symbolic learning (NSL) models complex focuses on concept extraction, mapping the neural network’s symbolic rule patterns into latent variable distri- inter-node structure into hierarchical relationships, for in- butions by neural networks, which reduces rule stance, by using label hierarchies from label classification search space and generates unseen rules to im- (Ciravegna et al., 2023). This method covertly transforms prove downstream task performance. Central- the network relationships into specific concepts through ized NSL learning involves directly acquiring data methods such as binarization or truth table comparisons from downstream tasks, which is not feasible for (Ciravegna et al., 2020). The other category predominantly federated learning (FL). To address this limitation, involves knowledge graph (KG) (Rebele et al., 2016; Liu we shift the focus from such a one-to-one inter- et al., 2024b), concentrating on learning semantic logic rules active neuro-symbolic paradigm to one-to-many from natural language among KG. These approaches often Federated Neuro-Symbolic Learning framework employ sequence models like Transformers to extract these (FedNSL) with latent variables as the FL com- logic relationships (Qu et al., 2020; Xu et al., 2022) for KG- munication medium. Built on the basis of our related downstream tasks, such as KG completion (Bordes novel reformulation of the NSL theory, FedNSL et al., 2013; Wang et al., 2014), relation extraction (Weston is capable of identifying and addressing rule distri- et al., 2013; Riedel et al., 2013) and entity classification bution heterogeneity through a simple and effec- (Nick"
27," Neuro-Symbolic Temporal Point Processes Yang Yang 1 Chao Yang 1 Boyang Li 1 Yinghao Fu 1 Shuang Li 1 Abstract temporal logic rules. The discovered rules can contribute to the sharing of clinical experiences and aid in the im- Our goal is to efficiently discover a compact set provement of the treatment strategy. They can also provide of temporal logic rules to explain irregular events specific explanations for the occurrence of an event. For of interest. We introduce a neural-symbolic rule example, the following clinical report induction framework within the temporal point process model. The negative log-likelihood is “A 50-year-old patient, with a chronic lung disease since 5 the loss that guides the learning, where the ex- years ago, took the booster vaccine shot on March 1st. The planatory logic rules and their weights are learned patient got exposed to the COVID-19 virus around May 12th, end-to-end in a differentiable way. Specifically, and afterward within a week began to have a mild cough predicates and logic rules are represented as vec- and nasal congestion. The patient received treatment as tor embeddings, where the predicate embeddings soon as the symptoms appeared. After intravenous infusions are fixed and the rule embeddings are trained via at a healthcare facility for around 3 consecutive days, the gradient descent to obtain the most appropriate patient recovered...” compositional representations of the predicate em- contains many clinical events with timestamps recorded. It beddings. To make the rule learning process more sounds appealing to distill compact human-readable tempo- efficient and flexible, we adopt a sequential cov- ral logic rules from these noisy event data to aid diagnoses ering algorithm, which progressively adds rules and treatment planni"
28,"compute the exact probabilities. We therefore investigate The limitations of purely neural learning have the approximation of gradients for probabilistic inference in sparked an interest in probabilistic neurosym- its own right and prove several positive and negative results. bolic models, which combine neural networks In Section 3, we show that the intractability of probabilistic with probabilistic logical reasoning. As these neu- inference also implies that it is impossible to approximate rosymbolic models are trained with gradient de- gradients with probabilistic guarantees in polynomial time scent, we study the complexity of differentiating (unless RP = NP, where RP is randomized polynomial time). probabilistic reasoning. We prove that although However, in Section 4, we prove that the gradient approxi- approximating these gradients is intractable in mation problem becomes tractable during training when the general, it becomes tractable during training. Fur- neural network outputs converge to binary values. On the thermore, we introduce WeightME, an unbiased negative side, we find that this tractable region can become gradient estimator based on model sampling. Un- unreachable for large problems. der mild assumptions, WeightME approximates the gradient with probabilistic guarantees using In Section 5, we investigate more general-purpose gradient a logarithmic number of calls to a SAT solver. estimators with strong guarantees by allowing access to a Lastly, we evaluate the necessity of these guar- SAT oracle. We introduce the Weighted Model Estimator antees on the gradient. Our experiments indicate (WeightME), a novel gradient estimator for probabilistic that the existing biased approximations indeed inference which relies on weighted model sampling. As op- struggle to optimize even when exact solving is posed to existing approximations for neurosymbolic learn- still feasible. ing (Huang et al., 2021; Manhaeve et al., 2021; Ahmed et al., 2022; Li et al., 2022; van Krieken et al., 2023; Verreet et al., 2023), WeightME is unbiased and probably approximately"
29,"r, g All minima State-of-the-art neurosymbolic learning systems Minima under independence use probabilistic reasoning to guide neural net- works towards predictions that conform to logical constraints over symbols. Many such systems as- ¬r, ¬g sume that the probabilities of the considered sym- bols are conditionally independent given the input p1 to simplify learning and reasoning. We study ¬r, g r, ¬g and criticise this assumption, highlighting how it p2 can hinder optimisation and prevent uncertainty quantification. We prove that loss functions bias conditionally independent neural networks to be- Figure 1. The conditional independence assumption discards come overconfident in their predictions. As a re- valid and potentially meaningful solutions. The tetrahedron (a sult, they are unable to represent uncertainty over 3-dimensional probability simplex) represents the distributions multiple valid options. Furthermore, we prove over the options of the problem in Example 1.1: r refers to the red that these loss functions are difficult to optimise: light and g to the green light. The green triangle represents distri- they are non-convex, and their minima are usu- butions that assign zero probability to r ∧ g. The blue lines are the ally highly disconnected. Our theoretical analysis distributions in the green triangle that an independent distribution can represent. The left (resp. right) blue line represents the distri- gives the foundation for replacing the conditional butions where the probability of r (resp. g) is zero. Independent independence assumption and designing more ex- distributions cannot represent distributions in the dotted green line, pressive neurosymbolic probabilistic models. such as p2 that assigns equal probability to only the green or only the red light being on. minima immoralia"
30," StackSight: Unveiling WebAssembly through Large Language Models and Neurosymbolic Chain-of-Thought Decompilation Weike Fang 1 Zhejian Zhou 1 Junzhou He 1 Weihang Wang 1 Abstract Facilitating WebAssembly understanding is crucial, given its exploitation for malicious purposes such as cryptojacking, WebAssembly enables near-native execution in where it is executed secretly in browsers to mine cryptocur- web applications and is increasingly adopted for rencies (Konoth et al., 2018; Kharraz et al., 2019; Musch tasks that demand high performance and robust et al., 2019b; Romano et al., 2020). While WebAssembly security. However, its assembly-like syntax, im- serves as a compilation target for high-level languages such plicit stack machine, and low-level data types as C, C++, Go, and Rust, challenges arise when WebAssem- make it extremely difficult for human develop- bly code is shipped as third-party modules without access ers to understand, spurring the need for effective to high-level source codes (Musch et al., 2019a; Romano WebAssembly reverse engineering techniques. In & Wang, 2023). Despite adopting a text format equiva- this paper, we propose StackSight, a novel neu- lent to WASM binary code, manual comprehension remains rosymbolic approach that combines Large Lan- challenging. Different from register-based native binaries, guage Models (LLMs) with advanced program WebAssembly manages a virtual stack machine, necessi- analysis to decompile complex WebAssembly tating the tracking of stack behaviors to comprehend its code into readable C++ snippets. StackSight vi- operations. Furthermore, WebAssembly employs only four sualizes and tracks virtual stack alterations via a numeric data types (i32, i64, f32, and f64), concealing static analysis algorithm and then applies cha"
31," Subgoal-based Demonstration Learning for Formal Theorem Proving Xueliang Zhao 1 Wenda Li 2 Lingpeng Kong 1 Abstract In this context, we pay particular attention to the problem Large language models (LLMs) present a promis- of formal theorem proving (Polu & Sutskever, 2020). Not ing pathway for advancing the domain of formal only due to its extensive applications in various scientific theorem proving. In this paper, we aim to improve domains, such as software verification (Klein et al., 2009) the performance of LLMs in formal theorem prov- and research-level mathematics (Castelvecchi et al., 2021), ing by thoroughly examining the structure and but also stems from its advantage of leveraging interactive organization of demonstrative in-context exam- proof assistants (Paulson, 2000) to automatically validate ples. We introduce a subgoal-based demonstra- proofs generated by models, thereby eliminating the need tion learning framework, specifically designed to for human proof checking. This significantly facilitates the enhance the efficiency of proof search in LLMs. generation of machine-verifiable proofs via LLMs. First, drawing upon the insights of subgoal learn- The complexity of automated theorem proving comes from ing from reinforcement learning and robotics, we the necessity of searching through a vast space of possible propose the construction of distinct subgoals for logical statements and proof methods, to determine the truth- each demonstration example and refine these sub- value of a given theorem. LLMs reduce the difficulty of the goals in accordance with the pertinent theories of searching problem by factorizing the formal proof automa- subgoal learning. Second, we build upon recent tion task into two in-context learning (§5.2) problems (Wu advances in diffusi"
32," Temporal Logic Specification-Conditioned Decision Transformer for Offline Safe Reinforcement Learning Zijian Guo 1 Weichao Zhou 2 Wenchao Li 2 Abstract often require agents to follow complex temporal and logical constraints. For example, autonomous-driving vehicles must Offline safe reinforcement learning (RL) aims to come to a complete halt at an intersection with a stop sign, train a constraint satisfaction policy from a fixed pause briefly, and proceed through it only if no other cars dataset. Current state-of-the-art approaches are are present. It is challenging to define cost functions that based on supervised learning with a conditioned appropriately capture such constraints. policy. However, these approaches fall short in real-world applications that involve complex tasks Temporal logic (TL), on the other hand, provides a formal- with rich temporal and logical structures. In this ism for expressing the behaviors of systems over time, such paper, we propose temporal logic Specification- as safety (e.g. never visit a bad state), liveness (e.g. even- conditioned Decision Transformer (SDT), a novel tually visit a good state), sequentiality (e.g. visit state A framework that harnesses the expressive power before visiting state B), and their arbitrarily elaborate com- of signal temporal logic (STL) to specify com- binations (Donzé, 2013; Tabuada & Neider, 2015; Coogan plex temporal rules that an agent should follow et al., 2017; Vasile et al., 2017; Madsen et al., 2018). Signal and the sequential modeling capability of Deci- temporal logic (STL) is a variant of TL that can be used to sion Transformer (DT). Empirical evaluations on specify properties over dense-time real-valued signals such the DSRL benchmarks demonstrate the better ca- as trajectories (Maler & Nickov"
33," Ab Initio Nonparametric Variable Selection for Scalable Symbolic Regression with Large p Shengbin Ye 1 2 Meng Li 1 Abstract the 1600s when Johannes Kepler used astronomical data to discover that Mars’ orbit was elliptical. This discovery, Symbolic regression (SR) is a powerful technique along with Kepler’s other parsimonious and analytically for discovering symbolic expressions that char- tractable laws of planetary motion, helped launch a scientific acterize nonlinear relationships in data, gaining revolution. increasing attention for its interpretability, com- pactness, and robustness. However, existing SR With the recent progress in theoretical modeling and ex- methods do not scale to datasets with a large num- perimental instrumentation, researchers have entered a new ber of input variables (referred to as extreme-scale era of big data. The development of SR models is partic- SR), which is common in modern scientific ap- ularly important, as they have emerged as a powerful tool plications. This “large p” setting, often accom- for developing machine learning models that are intelligible, panied by measurement error, leads to slow per- interpretable, and compact. Unlike large numerical models, formance of SR methods and overly complex ex- the mathematical expressions used in SR models enable an pressions that are difficult to interpret. To address easy understanding of their behavior, making them valuable this scalability challenge, we propose a method in fields such as physics, where they can connect newly dis- called PAN+SR, which combines a key idea of covered physical laws with theory to facilitate subsequent ab initio nonparametric variable selection with theoretical developments (Wu & Tegmark, 2019). Moreover, SR to efficiently pre-screen large input spaces SR "
34," Dataflow-Guided Neuro-Symbolic Language Models for Type Inference Gen Li 1 Yao Wan 1 Hongyu Zhang 2 Zhou Zhao 3 Wenbin Jiang 1 Xuanhua Shi 1 Hai Jin 1 Zheng Wang 4 Abstract cult to debug (Oh & Oh, 2022). Therefore, automated type inference, which infers the type of a variable automatically, Language Models (LMs) are increasingly used for is attractive. Recently, there has been growing interest in type inference, aiding in error detection and soft- using Language Models (LMs) for type inference to reduce ware development. Some real-world deployments the manual effort in developing type inference systems. of LMs require the model to run on local machines to safeguard the intellectual property of the source Large Language Models (LLMs), such as GPT-4 (Koubaa, code. This setting often limits the size of the LMs 2023) and OpenAI-o1 (Temsah et al., 2024), have shown that can be used. We present N ESTER, the first impressive results in type inference. However, these mod- neuro-symbolic approach that enhances LMs for els typically rely on cloud-based infrastructure with sub- type inference by integrating symbolic learning stantial computational resources, raising privacy concerns without increasing model size. N ESTER breaks when user data is sent to untrusted providers (Ray, 2023). type inference into sub-tasks based on the data This is especially problematic for organizations that treat and control flow of the input code, encoding them their source code as valuable intellectual property. To mit- as a modular high-level program. This program igate risks, many prefer deploying smaller models locally executes multi-step actions, such as evaluating ex- on developer machines or private clusters due to hardware pressions and analyzing conditional branches of resource constraints. "
35,"D OLPHIN: A Programmable Framework for Scalable Neurosymbolic Learning Aaditya Naik 1 Jason Liu 1 Claire Wang 1 Amish Sethi 1 Saikat Dutta 2 Mayur Naik 1 Eric Wong 1 Abstract Passage Question Rich's daughter Christine made dinner How are Rich and Neurosymbolic learning enables the integration for her sister Kim. Beth went to her Anne related? of symbolic reasoning with deep learning but brother Rich's birthday party. Anne went shopping with her sister Kim. Rich Anne faces significant challenges in scaling to com- plex symbolic programs, large datasets, or both. Relationship We introduce D OLPHIN, a framework that tack- Extractor Symbolic Program les these challenges by supporting neurosymbolic Backpropagation programs in Python, executing complex symbolic brother sister ... wife reasoning on the CPU while vectorizing proba- 0.00 0.10 0.10 0.03 0.07 ... 0.07 ... 0.07 ... 0.39 0.39 ... bilistic computations and gradient propagation brother sister ... wife on the GPU. Across 13 benchmarks spanning 0.00 0.10 0.10 0.73 0.07 ... 0.07 ... 0.05 ... 0.39 0.39 tasks over text, image, and video data, with sym- bolic reasoning features like recursion and black- brother sister ... wife box functions, D OLPHIN converges to state-of- 0.03 0.01 0.10 0.10 0.07 ... 0.07 ... 0.03 ... 0.39 0.39 the-art accuracies on the more complex bench- Output marks while existing frameworks such as Scallop, father ISED, and IndeCateR+ fail to converge within the time limit. On simpler benchmarks, D OL - Figure 1: Illustration of the execution of a neurosymbolic PHIN matches their performance, while achieving program for the kinship reasoning task CLUTRR. While these results 1.71x to 62x faster than the baselines. existing neurosymbolic frameworks run the neural models Overall, D OLPHIN advances the sca"
36," Is Complex Query Answering Really Complex? Cosimo Gregucci 1 Bo Xiong 2 Daniel Hernández 1 Lorenzo Loconte 3 Pasquale Minervini 3 4 Steffen Staab 1 5 Antonio Vergari 3 Abstract over a KG such as FreeBase (Bollacker et al., 2008), one Complex query answering (CQA) on knowledge would need to first intersect the set of movies found on graphs (KGs) is gaining momentum as a challeng- Blue Ray and the ones shot in New York City, and then ing reasoning task. In this paper, we show that link these intermediate candidate answers to another entity, the current benchmarks for CQA might not be as i.e., an actor participating in it. However, if some links complex as we think, as the way they are built dis- are missing in the KG, not all relevant actor entities can be torts our perception of progress in this field. For immediately reachable. To deal with the unavoidable incom- example, we find that in these benchmarks, most pleteness of real-world KGs, ML methods were developed queries (up to 98% for some query types) can be to solve CQA in the presence of missing links. The current reduced to simpler problems, e.g. link prediction, state-of-the-art (SoTA) for CQA are neural query answering where only one link needs to be predicted.The models (Arakelyan et al., 2021; Zhu et al., 2022; Arakelyan performance of state-of-the-art CQA models de- et al., 2023; Ren et al., 2023; Galkin et al., 2024b), mapping creases significantly when such models are eval- queries and KGs (i.e., entities and relation names) into a uated on queries that cannot be reduced to easier unified latent space. Performance measured on de-facto- types. Thus, we propose a set of more challeng- standard benchmarks such as FB15k237 (Toutanova & Chen, ing benchmarks composed of queries that require 2015) and NELL995 (X"
37," MA-LoT: Model-Collaboration Lean-based Long Chain-of-Thought Reasoning enhances Formal Theorem Proving Ruida Wang * 1 Rui Pan * 1 Yuxin Li * 2 Jipeng Zhang 2 Yizhen Jia 1 Shizhe Diao 3 Renjie Pi 2 Junjie Hu 4 Tong Zhang 1 Abstract 1. Introduction Formal reasoning is a cornerstone of human intelligence and a key objective in machine learning (Newell & Simon, Solving mathematical problems using computer- 1956), often evaluated through rigorous mathematical deriva- verifiable languages like Lean has significantly tions (Yang et al., 2024a). With the rise of Large Language impacted the mathematical and computer sci- Models (LLMs), Chain-of-Thought (CoT) prompting has ence communities. State-of-the-art methods uti- emerged to formalize reasoning by generating intermediate lize a single Large Language Model (LLM) to steps. This approach improves interpretability and enhances generate complete proof or perform tree search, reasoning performance (Wei et al., 2022). but they fail to balance these tasks. We pro- Initial state pose MA-LoT: Model-CollAboration Lean-based Return Theorem last state Statement Long Chain-of-Thought, a comprehensive frame- work for Lean4 theorem proving to solve this is- Wrong state Prover Another sue. It separates the cognition tasks of general NL LLM generation for whole-proof generation and error analysis for ❌ Analysis + proof correction using the model-collaboration Complete proof method. We achieve this by structured interac- ✅ tion of the LLM and Lean4 verifier in Long CoT. Proof Done ✅ To implement the framework, we propose the Tree-Search Method: Whole-proof generation novel LoT-Transfer Learning training-inference ✅ Use ITP to check ✅ LLM NL planning and reasoning pipeline, which enables the Long CoT thinking ca- ✅ Find non-trivial proof ✅ Co"
38,"Trajectory Env. modes (e.g., water, land) We present Structured World Modeling for Policy New POMDP Optimization (SWMPO), a framework for unsu- pervised learning of neurosymbolic Finite State Ofﬂine data Collect data Machines (FSM) that capture environmental struc- NeuralPrimitives() FSMSynth() ture for policy optimization. SWMPO models (2) MDP-speciﬁc (1) Neural world- (3) Model-based neurosymbolic Control the environment as a FSM, where each state cor- model primitives RL policy world-model responds to a specific region of the state space with distinct dynamics (e.g., water and land). Figure 1. Proposed policy-optimization framework: (1) data is col- This structured representation can be leveraged lected from the input POMDP by interacting with the environment for tasks like policy optimization. Our proposed in a standard RL loop; (2) a world-model specific to the POMDP is FSM synthesis algorithm operates in an unsuper- synthesized leveraging neural primitives; (3) the world model and vised manner, leveraging low-level features from the POMDP’s reward function are used to perform model-based unprocessed, non-visual data to learn non-linear optimization. These steps are repeated until a termination con- models, making it adaptable across various do- dition is met. The neural primitives are learned from data from mains. The synthesized FSM models are expres- previous POMDPs. The output is a policy for the new POMPD. sive enough to be used in a model-based Rein- forcement Learning scheme that leverages offline data to efficiently synthesize environment-specific environments, these modes may appear in different config- world models. We demonstrate the advantages of urations (e.g., one environment may be a lake surrounded SWMPO by benchmarking its environment mod- by land, another may be mostly land separated by a small eling capabilities in a number of simulation tasks. stream). Instead of modeling each environment from scratch, a better approach might be to first construct ‘primitives’ for water and land, and then, given a specific environment, as-"
39,"Symbolic Regression (SR) algorithms select ex- pressions based on prediction performance while also keeping the expression lengths short to pro- duce explainable white box models. In this con- text, SR algorithms can be evaluated by measur- ing the extent to which the expressions discov- ered are Pareto-optimal, in the sense of having the best R-squared score for a given expression length. This evaluation is most commonly done based on relative performance, in the sense that an SR algorithm is judged on whether it Pareto- dominates other SR algorithms selected in the analysis, without any indication on efficiency or attainable limits. In this paper, we explore ab- solute Pareto-optimal (APO) solutions instead, which have the optimal tradeoff between the mul- tiple SR objectives, for 34 datasets in the widely- used SR benchmark, SRBench, by performing ex- haustive search. Additionally, we include compar- Figure 1: Our APO front on a subset of 34 datasets from isons between eight numerical optimization meth- SRBench (La Cava et al., 2021). The APO front informs ods. We extract, for every dataset, an APO front us that the benchmarked SR algorithms may not have suf- of expressions that can serve as a universal base- ficiently explored the search space of short expressions in line for SR algorithms that informs researchers these datasets. Note: Results here are aggregated over the of the best attainable performance for selected 34 datasets and we perform per-dataset analysis later. sizes. The APO fronts provided serves as an important benchmark and performance limit for SR algorithms and is made publicly available at: In contrast to black-box machine learning models, SR al- https://github.com/kentridgeai/SRParetoFronts gorithms produce expressions that are explainable and in- terpretable. Thus, SR has become a first-class algorithm in various fields including physics (Udrescu & Tegmark,"
40," ProofAug: Efficient Neural Theorem Proving via Fine-grained Proof Structure Analysis Haoxiong Liu 1 Jiacheng Sun 2 Zhenguo Li 2 Andrew C Yao 1 3 Abstract 1. Introduction The synergy between deep learning models and Automated theorem proving is a field that not only appeals traditional automation tools, such as built-in tac- to mathematicians looking for efficient formalization and tics of the proof assistant and off-the-shelf auto- proof automation for mathematical theorems, but also finds mated theorem provers, plays a crucial role in significant applications in real-world industries such as inte- developing robust and efficient neural theorem grated circuit design and software engineering (Bibel, 2013; provers (NTPs). However, for proof synthesis Schumann, 2013). Early applications of machine learn- with LLMs, previous work applies automation ing methods on automated theorem proving focus on tasks tools either only when explicitly invoked by the such as premise selection (Irving et al., 2016) and proof model or at a single granularity level, failing to search (Loos et al., 2017) in SMT solvers or resolution/- fully exploit their power. To solve this issue, we superposition provers, often interleaved with handcrafted propose ProofAug, a procedure that equips LLMs heuristics. Recently, rapid progress in mathematical rea- with automation methods at various granularities soning with large language models (LLMs) has awoken a through fine-grained structure analysis of model- flourishing interest for directly synthesizing formal proofs generated proof proposals. ProofAug also serves using generative language models. as a versatile plug-and-play module that seam- In literature, there are primarily two paradigms for direct lessly integrates with any tree-search algorithm, pro"
41," Regret-Free Reinforcement Learning for Temporal Logic Specifications Rupak Majumdar 1 Mahmoud Salamati 1 Sadegh Soudjani 1 2 Abstract the temporal specification is satisfied (Icarte et al., 2018; Learning to control an unknown dynamical sys- Camacho et al., 2019; Hasanbeig et al., 2019; Kazemi et al., tem with respect to high-level temporal specifi- 2022; Hahn et al., 2019; Oura et al., 2020; Cai et al., 2021; cations is an important problem in control the- Bozkurt et al., 2021; Sickert et al., 2016; Alur et al., 2022; ory. We present the first regret-free online algo- Fu & Topcu, 2014; Voloshin et al., 2022). In the limit, the rithm for learning a controller for linear temporal approximations converge to the optimal policy. logic (LTL) specifications for systems with un- In practice, it is not enough to know that approximations known dynamics. We assume that the underlying converge in the limit; we would prefer to know how close (unknown) dynamics is modeled by a finite-state our current policy is to the optimal one, and to stop learning and action Markov decision process (MDP). Our when the policy is close to optimal. One way to quantify this core technical result is a regret-free learning algo- is through regret minimization (Auer et al., 2008; Agarwal rithm for infinite-horizon reach-avoid problems et al., 2014; Srinivas et al., 2012; Dann et al., 2017). For on MDPs. For general LTL specifications, we an online learning algorithm, intuitively, regret is defined as show that the synthesis problem can be reduced the difference between the accumulated rewards collected to a reach-avoid problem once the graph structure by an optimal policy and the algorithm during learning. A is known. Additionally, we provide an algorithm learning algorithm is called regret-free if th"
42," Self-Improving Language Models for Evolutionary Program Synthesis: A Case Study on ARC-AGI Julien Pourcel 1 Cédric Colas* 1 2 Pierre-Yves Oudeyer* 1 Abstract search through the space of possible programs, using meth- Many program synthesis tasks prove too challeng- ods like genetic programming or sequential Bayesian infer- ing for even state-of-the-art language models to ence (Koza, 1994; Liang et al., 2010). These approaches solve in single attempts. Search-based evolution- generate initial candidates based on task constraints, then ary methods offer a promising alternative by ex- iteratively refine them through mutation and crossover op- ploring solution spaces iteratively, but their effec- erations. However, their effectiveness depends heavily on tiveness remain limited by the fixed capabilities having intelligent program generators and mutation opera- of the underlying generative model. We propose tors — without these, algorithms must expend massive com- SOAR, a method that learns program synthesis by putation, blindly exploring the space of possible solutions. integrating language models into a self-improving Large language models (LLMs) have marked a new turn in evolutionary loop. SOAR alternates between (1) program synthesis by acting as powerful program genera- an evolutionary search that uses an LLM to sam- tors (Roziere et al., 2023; Guo et al., 2024), solving many ple and refine candidate solutions, and (2) a hind- tasks in a single attempt (Li & Ellis, 2024). For harder sight learning phase that converts search attempts problems, they can serve as intelligent operators for evolu- into valid problem-solution pairs used to fine-tune tionary search, proposing targeted modifications to existing the LLM’s sampling and refinement capabilities — solutions (Lehman "
43,"STP: Self-play LLM Theorem Provers with Iterative Conjecturing and Proving Kefan Dong 1 Tengyu Ma 1 Abstract et al., 2023; Nijkamp et al., 2022). It is also a key criterion for achieving artificial general intelligence (AGI). Auto- A fundamental challenge in formal theorem prov- mated theorem proving with formal languages by LLMs ing by LLMs is the lack of high-quality training stands at the forefront of reasoning research (Yang et al., data. Although reinforcement learning or expert it- 2024a), partly because it allows objective and reliable eval- eration partially mitigates this issue by alternating uation through classical verifiers such as Lean (Moura & between LLM generating proofs and finetuning Ullrich, 2021) and Isabelle (Nipkow et al., 2002). Moreover, them on correctly generated ones, performance it arguably encapsulates the essence of advanced reasoning quickly plateaus due to the scarcity of correct tasks while abstracting away the ambiguity of natural lan- proofs (sparse rewards). To keep improving the guage, enabling meaningful studies on a relatively smaller models with limited data, we draw inspiration scale. from mathematicians, who continuously develop new results, partly by proposing novel conjectures However, a fundamental challenge in improving reasoning or exercises (which are often variants of known performance—whether in natural or formal languages—lies results) and attempting to solve them. We de- in the lack of high-quality training data. Collecting reason- sign the Self-play Theorem Prover (STP) that si- ing data requires domain experts, making it expensive to multaneously takes on two roles, conjecturer and scale. There are only a limited number of advanced math pa- prover, each providing training signals to the other. pers and theorems in ex"
44," TeLoGraF: Temporal Logic Planning via Graph-encoded Flow Matching Yue Meng 1 Chuchu Fan 1 Abstract stop before the stop sign and may proceed only if no other cars have the right of way, etc. These cases require precise Learning to solve complex tasks with signal tem- reasoning and planning to ensure safety, efficiency, and cor- poral logic (STL) specifications is crucial to many rectness. Hence, it is of utmost importance to endow agents real-world applications. However, most previous with the ability to tackle temporal logic constraints. works only consider fixed or parametrized STL specifications due to the lack of a diverse STL Existing temporal logic specifications can be mainly cat- dataset and encoders to effectively extract tempo- egorized into linear temporal logic (LTL) (Pnueli, 1977), ral logic information for downstream tasks. In this computation tree logic (CTL) (Clarke & Emerson, 1981), paper, we propose TeLoGraF, Temporal Logic metric temporal logic (MTL) (Koymans, 1990), and signal Graph-encoded Flow, which utilizes Graph Neu- temporal logic (STL) (Donzé & Maler, 2010; Raman et al., ral Networks (GNN) encoder and flow-matching 2015; He et al., 2022). LTL checks a single system trace to learn solutions for general STL specifications. via logical operators and temporal operators, whereas CTL We identify four commonly used STL templates reasons for a tree of possible futures. Extending from LTL, and collect a total of 200K specifications with MTL introduces timed intervals for the temporal operators paired demonstrations. We conduct extensive ex- and STL further generalizes this by handling continuous- periments in five simulation environments rang- valued signals. In this work, we focus on STL since it offers ing from simple dynamical models in the 2D the"
45," Verification Learning: Make Unsupervised Neuro-Symbolic System Feasible Lin-Han Jia 1 Wen-Chao Hu 1 2 Jie-Jing Shao 1 2 Lan-Zhe Guo 1 3 Yu-Feng Li 1 2 Abstract experience-based responses to simple tasks, while System 2 The current Neuro-Symbolic (NeSy) Learning (deliberative processing) engages slow, knowledge-intensive paradigm suffers from an over-reliance on la- reasoning for complex ones. This cognitive architecture mir- beled data, so if we completely disregard labels, rors the dichotomy in artificial intelligence (AI) between it leads to less symbol information, a larger so- data-driven and rule-driven learning paradigms. In the past, lution space, and more shortcuts-issues that cur- rule-driven symbolic learning systems were less favored rent Nesy systems cannot resolve. This paper in- compared to data-driven neural learning systems due to troduces a novel learning paradigm, Verification their high maintenance and search costs. However, with the Learning (VL), which addresses this challenge by continuous iteration of neural network models, they still per- transforming the label-based reasoning process form poorly on reasoning tasks. Consequently, an increasing in Nesy into a label-free verification process. VL number of research efforts are now focused on Nesy systems achieves excellent learning results solely by rely- capable of integrating data-driven and rule-driven methods. ing on unlabeled data and a function that verifies In the Nesy paradigm, a machine learning model f estab- whether the current predictions conform to the lishes a mapping between inputs X and symbolic represen- rules. We formalize this problem as a Constraint tations S, i.e., S = f (X). Then, using a knowledge base Optimization Problem (COP) and propose a Dy- KB and S, to infer the label "
46," ZebraLogic: On the Scaling Limits of LLMs for Logical Reasoning Bill Yuchen Lin 1 Ronan Le Bras 2 2 2 Kyle Richardson Ashish Sabharwal Radha Poovendran 1 Peter Clark 2 Yejin Choi 3 1 2 3 University of Washington Allen Institute for AI Stanford University byuchen@uw.edu ronanlb@allenai.org yejinc@stanford.edu https://hf.co/spaces/WildEval/ZebraLogic Abstract 1. Introduction Logical reasoning stands as a cornerstone of human intel- ligence and remains a central challenge in AI. While re- We investigate the logical reasoning capabilities cent advances have demonstrated promise in tasks requiring of large language models (LLMs) and their scal- common sense and general knowledge (Brown et al., 2020; ability in complex non-monotonic reasoning. To Chowdhery et al., 2022; Bubeck et al., 2023), the capabili- this end, we introduce ZebraLogic, a comprehen- ties of Large Language Models (LLMs) in handling complex sive evaluation framework for assessing LLM rea- deductive problems remain uncertain. This limitation in our soning performance on logic grid puzzles derived understanding is especially critical as systematic reasoning from constraint satisfaction problems (CSPs). Ze- underpins many real-world applications. To systematically braLogic enables the generation of puzzles with study LLMs’ logical reasoning capabilities and their scal- controllable and quantifiable complexity, facili- ing limits, an ideal evaluation framework must: (1) isolate tating a systematic study of the scaling limits of pure logical reasoning from domain knowledge; (2) enable models such as Llama, o1 models, and DeepSeek- precise control over problem complexity; (3) minimize data R1. By encompassing a broad range of search leakage to prevent training data memorization; (4) provide space complexities and"
47," A Deep Learning Model of Mental Rotation Informed by Interactive VR Experiments Raymond Khazoum 1 Daniela Fernandes 1 Aleksandr Krylov 1 Qin Li 2 Stéphane Deny 1 2 Abstract 1. Introduction arXiv:2512.13517v2 [q-bio.NC] 28 May 2026 Mental rotation—the ability to compare objects Mental rotation is the human ability to compare and as- seen from different viewpoints—is a fundamental sess the similarity of objects seen from different viewpoints. example of mental simulation and spatial world In the early 1970s, Shepard & Metzler (1971); Metzler & modeling in humans. Here we propose a mecha- Shepard (1974) systematically studied this ability through a nistic model of human mental rotation, leveraging task in which participants were asked to decide whether two recent advances in deep, equivariant, and neuro- images of three-dimensional objects made of cubes (here- symbolic learning. Our model consists of three after, Shepard-Metzler objects), shown rotated at different stacked components: (1) an equivariant neural angles, corresponded to the same object or mirror versions encoder, producing 3D spatial representations of of the same object. Subjects performed the task with high objects from images, (2) a neuro-symbolic ob- accuracy, confirming their ability to mentally rotate such ject encoder, deriving symbolic objects descrip- unfamiliar objects, but the key findings pertained to their tions from these spatial representations, and (3) underlying cognitive process: (1) the response time was a neural decision agent, comparing these sym- on average proportional to the angular disparity between bolic descriptions to prescribe rotation simula- the objects to compare, and (2) rotating an object in depth tions in 3D latent space via a recurrent pathway. took no longer than rotatin"
48," Automated Formal Proofs of Combinatorial Identities via Wilf–Zeilberger Guidance and LLMs Beibei Xiong 1 Hangyu Lv 1 Junqi Liu 2 Yisen Wang 2 Shaoshi Chen 2 Jianlin Wang 3 Zhengfeng Yang 1 Lihong Zhi 2 Abstract et al., 2025; Wang et al., 2025a; Chen et al., 2025), enabling formal reasoning toward research-level mathematics (Wei arXiv:2605.04472v1 [cs.LG] 6 May 2026 Automating formal proofs of combinatorial iden- et al., 2024; Yu et al., 2025b). However, scaling LLM-based tities is challenging for LLM-based provers, as provers to harder mathematical domains remains challeng- long-horizon proof planning is required and ing, largely due to the lack of principled proof planning unconstrained search quickly explodes. Sym- and the resulting combinatorial explosion in proof search. bolic methods such as the Wilf–Zeilberger (WZ) Combinatorics is widely considered one of the most difficult method can achieve a mechanized proof of com- areas for ATP (Chen et al., 2025; Google DeepMind, 2025), binatorial identities by constructing special aux- and combinatorial identities form a fundamental and ubiqui- iliary functions and demonstrating that they sat- tous class of statements within it. Consequently, automating isfy specific recurrence relations. We propose machine-checkable proofs of combinatorial identities is a WZ-LLM, a neuro-symbolic framework that turns key objective for scalable theorem proving, enabling the WZ proof plans into executable proof sketches construction of reusable verified libraries and reducing the in Lean 4 and uses an LLM-based prover to human effort required for formal proof development. discharge the resulting machine-checkable sub- goals. We also train a dedicated WZ-Prover We focus on automating formal proofs of combinatorial via a Lean-kernel-verified"
49,"Proposed Valid proof proof! We propose a minimal agentic baseline that en- ables systematic comparison across different AI- based theorem prover architectures. This design arXiv:2602.24273v3 [cs.AI] 14 May 2026 Target Tools Feedback implements the core features shared among state- theorem of-the-art systems: iterative proof refinement, li- brary search and context management. We evalu- ate this agentic approach using qualitatively dif- ferent benchmarks and compare various frontier language models and design choices. Our results Figure 1. Minimal agent for theorem proving. The design show competitive performance compared to state- focuses on three main aspects: iterative proof refinement, memory of-the-art approaches, while using a significantly system, and access to tools. A proposer agent writes Lean code to simpler architecture and a fraction of their cost. prove a given theorem. Then, a compiler verifies if the proposed Additionally, we demonstrate consistent advan- proof works. If so, it is double-checked by a reviewer agent to tages of an iterative approach over multiple single- prevent any form of cheating. If the code does not compile, or the reviewer objects, the feedback is sent to the memory module, shot generations, especially in terms of sample and the cycle starts over with the proposer refining its previous efficiency and cost effectiveness. The implemen- proof informed by the additional context provided by the memory tation is released open-source as a candidate ref- module. In addition, the proposer can be given access to tools such erence for future research and as an accessible as library search or web search, and call them a fixed number of prover for the community. times before giving its proposal. mathematical formalization projects (Becker et al., 2025;"
50," Breaking the Simplification Bottleneck in Amortized Neural Symbolic Regression Paul Saegert 1 Ullrich Köthe 1 Abstract process. Traditionally, this is framed as a combinatorial op- Symbolic regression (SR) aims to discover in- timization problem solved via genetic programming (GP) terpretable analytical expressions that accurately (Koza, 1994; Cranmer, 2023). While GP remains the gold describe observed data. Amortized SR promises standard for precision, it treats every dataset as a tabula rasa arXiv:2602.08885v5 [cs.LG] 29 May 2026 to be much more efficient than the predominant search instance, failing to transfer structural knowledge be- genetic programming SR methods, but currently tween tasks. struggles to scale to realistic scientific complexity. Pioneered by Lample & Charton (2020); Biggio et al. We find that a key obstacle is the lack of a fast re- (2021), amortized SR solves this by learning the posterior duction of equivalent expressions to a concise nor- p(expression | data) over millions of examples. It aims to malized form. Amortized SR has addressed this shift the computational burden to a one-time pre-training with general-purpose Computer Algebra Systems phase, encoding the prior of a simulation-based-inference (CAS) like SymPy, but the high computational simulator (SBI; Cranmer et al., 2020) into the model. Mean- cost severely limits training and inference speed. while, neural scaling laws dictate that robust generalization We propose SimpliPy, a rule-based simplification requires data that is vast, diverse (Kaplan et al., 2020), and engine achieving a 100-fold speed-up over SymPy high-quality (Lample & Charton, 2020; Lee et al., 2022; Gu- at comparable quality. This enables substantial nasekar et al., 2023). This presents a fundamental challenge: impro"
51," Decompose, Structure, and Repair: A Neuro-Symbolic Framework for Autoformalization via Operator Trees Xiaoyang Liu 1 Zineng Dong 1 Yifan Bai 1 Yantao Li 2 Yuntian Liu 1 Tao Luo 1 3 Abstract rectness for mathematical reasoning. Despite their potential, Statement autoformalization acts as a critical the widespread adoption of ITPs is hindered by the steep arXiv:2604.19000v2 [cs.LG] 22 May 2026 bridge between human mathematics and formal learning curve of formal languages and the labor-intensive mathematics by translating natural language prob- manual formalization. To bridge this gap, statement auto- lems into formal language. While prior works formalization has emerged as a promising field, aiming to have focused on data synthesis and diverse train- automatically translate statements from natural language ing paradigms to optimize end-to-end Large Lan- into their formal counterparts (Szegedy, 2020). guage Models (LLMs), they typically treat for- While recent advancements have evolved from simple neural mal code as flat sequences, neglecting the hierar- machine translation to sophisticated LLM-driven paradigms, chical logic inherent in mathematical statements. most existing approaches fundamentally treat formalization In this work, we introduce Decompose, Struc- as a monolithic, end-to-end sequence generation task. By ture, and Repair (DSR), a neuro-symbolic frame- mapping natural language (NL) directly to formal language work that restructures autoformalization into a (FL) as flat strings, these models often neglect the hierar- modular pipeline. DSR decomposes statements chical structure inherent in mathematical statements. This into logical components and maps them to struc- underscores the potential of incorporating explicit inter- tured operator trees, leveraging thi"
52,"(a) Symbolic Regression Task 𝑦=𝑥 𝑦 = 𝑥 + 𝑠𝑖𝑛(2𝑥2) arXiv:2606.04360v1 [cs.CL] 3 Jun 2026 Symbolic regression (SR) discovers compact Optimize 𝑦 mathematical expressions from data, yet recent LLM-based evolutionary methods remain sample- Data points inefficient because they rely mainly on scalar feed- Equation High MSE Low MSE back such as MSE. We identify a core limita- tion: existing methods conflate candidate pro- Direction 𝑦=𝑥 𝑦=𝑥 posal with search guidance, requiring the LLM to infer how to evolve an expression, diagnose Diagnosis its errors, and reuse past experience from a sin- 𝑦 =𝑥+1 𝑦 =𝑥+1 gle score. To address this, we propose Deliber- 𝑦 = 𝑥 + 𝑐𝑜𝑠(𝑥) Memory 𝑦 = 𝑥 + 𝑠𝑖𝑛(𝑥) ate Evolution (DE), an agentic framework that decouples symbolic generation from search con- 𝑦 = 𝑥 + 𝑠𝑖𝑛(𝑥2) 𝑦 = 𝑥 ⋅ 𝑐𝑜𝑠(𝑥) trol. DE guides LLM proposals with adaptive operators for search direction, analytical tools 𝑦 = 𝑥 + 𝑠𝑖𝑛(2𝑥2) for structural diagnosis, and reflective memory (b) Scalar-Based Evolution (c) Deliberate Evolution for trajectory-level experience. Experiments on Figure 1. Deliberate Evolution for symbolic regression. (a) LLM-SRBench show that DE consistently out- Symbolic regression seeks an interpretable equation that explains performs representative LLM-based SR base- observed data. (b) Existing scalar-based evolution relies primarily on MSE feedback, yielding weakly guided trial-and-error search. lines across diverse scientific domains while us- (c) Deliberate Evolution augments candidate proposals with direc- ing only 40% of the standard sample budget. tion, diagnosis, and memory, enabling structured symbolic edits Code is available at https://github.com/ and more accurate equation recovery. Xinyu-Pang/Deliberate-Evolution. et al., 2025a; Grayeli et al., 2024; Lange et al., 2025). This paradigm combines LLMs’ mathematical priors with verifi-"
53," DisjunctiveNet: Neural Symbolic Learning via Differentiable Convexified Optimization Layers Shraman Pal * 1 Can Li * 1 Abstract 1. Introduction Deep learning has achieved remarkable performance in ap- plications such as natural language processing (Vaswani Many learning tasks in science and engineering et al., 2023; Devlin et al., 2019), computer vision (He et al., are characterized by sparse datasets, which limits 2016). Similar learning-based approaches are increasingly the effectiveness of purely data-driven approaches. influential in scientific and engineering workflows, where At the same time, these problems are often accom- models must capture complex physical processes (Karni- panied by rich domain knowledge derived from adakis et al., 2021; Chen et al., 2018) or high-dimensional arXiv:2605.30456v3 [cs.LG] 3 Aug 2026 physical laws, operational requirements, and ex- biological structure (Jumper et al., 2021). However, many pert heuristics. Such knowledge is frequently ex- real-world scientific and engineering applications operate in pressed as rules involving logical propositions and regimes with limited labeled data and frequent distribution linear inequalities. Existing neuro-symbolic meth- shifts. In these settings, purely data-driven deep learning ods typically enforce these rules approximately models can make predictions that violate known structural, through soft penalties, assume input-independent physical, or safety constraints, undermining the reliability rules when designing specialized architectures, or of such systems. At the same time, these domains often rely on non-differentiable post-processing at infer- provide rich prior knowledge-physical laws, experimental ence time to achieve hard constraint satisfaction. protocols, and expert heuristics, tha"
54," Distilling Neuro-Symbolic Programs into 3D Multi-modal LLMs Wentao Mo 1 Yang Liu 1 Abstract ① 3D Multi-Modal LLMs Enc 3D Encoder 3D Enc Current 3D spatial reasoning methods face a fun- 3D MLLM Response damental trade-off: neuro-symbolic 3D (NS3D) Text concept learners achieve interpretable reasoning arXiv:2606.01215v2 [cs.CV] 29 Jun 2026 ✔ Complex Instruction through compositional programs but are con- ✔ Open-set Concepts ✘ Blackbox Reasoning strained to closed-set concept vocabularies and simple programs; end-to-end 3D multi-modal ② Neuro-Symbolic Methods Enc 3D Encoder LLMs (3D MLLMs) could handle complex nat- 3D Enc ural language and open-vocabulary concepts but suffer from black-box reasoning without explicit Text Parser Plan Program Executor Execute Response spatial verification. We introduce APEIRIA, ✔ Interpretable Reasoning ✘ Complex Instruction a neuro-symbolic 3D MLLM to bridge two ✔ Program Generalizability ✘ Open-Set Concepts paradigms by distilling symbolic reasoning pat- terns into MLLMs with natural language chain-of- ③ Our NS3D MLLM (Combines Best of Both!) Enc 3D Encoder thought. Our three-stage curriculum progressively 3D Enc NS3D MLLM builds reasoning capabilities: a) 3D perception Plan Execute Summarize alignment grounds object visual-geometric fea- Response Text tures to the LLM, b) CoT-SFT teaches query de- Program Execution Summary composition and stepwise verification from sym- Transparent 3D Chain-of-Thought bolic program traces, and c) CoT-RL extends rea- ✔ Interpretable Reasoning ✔ Complex Instruction ✔ Program Generalizability ✔ Open-set Concepts soning patterns to open-set concepts and deeply nested instructions. By transferring reasoning Figure 1. Bridging 3D MLLMs and neuro-symbolic reasoning. patterns rather than concept-specific knowled"
55," Faults in Our Formal Benchmarking: Dataset Defects and Evaluation Failures in Lean Theorem Proving Pawan Sasanka Ammanamanchi 1 Siddharth Bhat 2 Stella Biderman 1 Abstract benchmarks such as miniF2F and ProofNet. However, as in other LLM evaluation settings, benchmark scores can Benchmarks for LLM-assisted theorem proving be misleading when problem statements are mis-specified in Lean are often treated as intrinsically reli- arXiv:2606.29493v1 [cs.AI] 28 Jun 2026 or become outdated, or when evaluation protocols contain able because every solved instance comes with a loopholes. machine-checked proof. However, the kernel only checks that a proof establishes a formal statement; A common intuition is that Lean benchmarks are “self- it does not verify that the statement faithfully en- verifying” because the kernel checks every proof. This codes the intended informal problem, nor that intuition is incomplete. The Lean kernel provides certainty evaluation harnesses are robust to trivial or adver- about a narrow claim: a given proof artifact establishes a sarial solutions. We audit five widely used Lean given formal statement. This provides mathematical cer- theorem-proving benchmarks and their forks, us- tainty about the formal claim, but overall benchmark relia- ing corpus-scale static checkers to surface 4,833 bility is limited by specification accuracy and by the correct- findings, including 398 mechanically certified is- ness of the natural-language-to-Lean translation. Lean does sues such as counterexamples, vacuous theorems, not certify that the formal statement matches the intended and unsound axioms. We also document semantic informal problem, that the benchmark avoids Lean-specific defects such as missing hypotheses, problem sim- semantic pitfalls, or that the evalua"
56," From LLM-Generated Conjectures to Lean Formalizations: Automated Polynomial Inequality Proving via Sum-of-Squares Certificates Ruobing Zuo 1 Hanrui Zhao 2 Gaolei He 1 Zhengfeng Yang 1 Jianlin Wang 3 Abstract automation of complex inequality proving has recently emerged as an important benchmark for evaluating the lim- Automated proving of polynomial inequalities its of AI in mathematical reasoning (Trinh et al., 2024; arXiv:2605.15445v1 [cs.AI] 14 May 2026 is a fundamental challenge in automated mathe- Wei et al., 2024; He et al., 2024; Li et al., 2025c). Recent matical reasoning, where rich algebraic structure systems such as AlphaGeometry (Trinh et al., 2024; Cher- and a rapidly growing certificate search space hin- vonyi et al., 2025) and Seed-Prover (Chen et al., 2025b;a) der scalability. Purely symbolic approaches pro- have demonstrated impressive performance on Olympiad- vide strong guarantees but often scale poorly as level problems, highlighting the potential of large language the number of variables or the degree increases, models (LLMs) for theorem proving. Nevertheless, auto- due to expensive algebraic manipulations and mated inequality proving remains highly challenging due rapidly growing intermediate expressions. In to the long reasoning chains, vast search spaces, and sub- parallel, LLM-guided methods have made no- stantial computational complexity involved, especially for table progress, particularly on competition-style high-dimensional and multivariate cases. inequalities with a small number of variables. To address the remaining scalability challenges, Symbolic computation has long been a cornerstone for prov- we propose NSPI, a neuro-symbolic framework ing polynomial inequalities (Yang, 1999; Lasserre, 2002; that combines the complementary strengths"
57," Geodesic Flow Matching for Denoising High-Dimensional Structured Representations Karim Habashy 1 2 Chris Eliasmith 1 2 3 Abstract high-dimensional distributed vectors. A critical requirement for robust operation of VSA-based systems is “cleanup”: Vector Symbolic Algebras (VSAs) enable robust the ability to map noisy, composed, or partial inputs back to arXiv:2606.00248v1 [cs.AI] 29 May 2026 neurosymbolic reasoning by encoding symbolic valid, clean states. While this is well-explored for discrete information into high-dimensional distributed rep- symbols (e.g., via Hopfield networks (Hopfield, 1982; Stew- resentations. For continuous domains, Spatial art et al., 2011; Ramsauer et al., 2020)), it remains an open Semantic Pointers (SSPs) extend this framework challenge for continuous representations, where the “valid” by mapping variables onto continuous toroidal states form a continuous manifold rather than a discrete set manifolds. However, standard approaches like of attractors. Flow Matching assume a flat Euclidean geome- try, which fails to account for the geometric con- Recent theoretical work suggests that generative denoising straints imposed on valid SSP states. We demon- serves as a modern, continuous form of pattern comple- strate that this assumption fails for SSPs: Eu- tion. Hoover et al. (2023) highlight the intersection be- clidean linear interpolants “cut through” the man- tween diffusion models and associative memories, where ifold’s interior, destroying the phase and magni- denoising score matching parallels energy minimization in tude structure required for accurate decoding. To attractor networks. Unlike classical models that suffer from resolve this, we employ Geodesic Flow Match- limited capacity, generative transport models demonstrate ing, adapting"
58," Influence-Guided Symbolic Regression: Scientific Discovery via LLM-Driven Equation Search with Granular Feedback Evgeny S. Saveliev * 1 Samuel Holt * 1 Nabeel Seedat 2 1 David L. Bentley 3 Jim Weatherall 4 Mihaela van der Schaar 1 Abstract 1. Introduction arXiv:2605.29184v1 [cs.LG] 27 May 2026 Large Language Models (LLMs) offer a promis- The quest for interpretable and generalizable mathematical ing avenue for scientific discovery, yet their appli- models is a cornerstone of scientific advancement. In disci- cation to symbolic regression is often constrained plines ranging from epidemiology to high-energy physics, by inefficient search strategies and coarse feed- concise closed-form equations that accurately predict phe- back signals. Current methods typically guide nomena offer mechanistic insights that black-box approxi- LLMs using scalar metrics (e.g., global Mean mations cannot provide. This paper addresses P the challenge Squared Error), which fail to identify which com- of discovering a model of the form f (x) = j wj ψj (x), ponents of a proposed equation are driving perfor- where ψj (x) are basis functions representing potentially mance or causing error. We introduce Influence- nonlinear and complicated transformations of the input fea- Guided Symbolic Regression (IGSR), a method tures x, and wj are their corresponding weights. The equa- that frames equation discovery as an iterative two- tion is linear in these (possibly nonlinear) terms, so each step process combining diverse term generation retained term carries an explicit, interpretable weight. We with rigorous selection: an LLM generates can- therefore target compact closed-form equations rather than didate basis functions ψj (x) for a linear model, the deeply nested or recurrent dynamics of fully differen"
59,"goto(fridge) open(fridge) pick(apple) Skill Previous Action Trajectory Foundation model-driven agents often struggle Induction Induction arXiv:2605.01293v1 [cs.AI] 2 May 2026 with long-horizon planning due to the transient na- Open(Fridge) Pick(Apple) ture of purely prompting-based reasoning. While Failed existing skill induction methods mitigate this by goto(fridge) open(fridge) distilling experience into state-blind parameter- Our Logic-Grounded Induction Yes ized scripts, they fail to capture the conditional Has(Apple)? Pick(Apple) logic required for robust execution in dynamic No Goto(…) Execution Logic environments. In this paper, we propose Neuro- Symbolic Skill Induction (NSI), a framework that lifts interaction traces into modular, logic- Figure 1. From Trace Scripts to Logic-Grounded Programs. Existing methods induce skills as state-blind parameterized scripts, grounded programs. By synthesizing explicit con- often failing when environmental deviations occur. In contrast, trol flows and dynamic variable binding, NSI em- NSI lifts traces into logic-grounded workflows. By explicitly powers agents to discover when and why to act. synthesizing state predicates and control flow (e.g., branching This paradigm enables the efficient generalization, logic), our framework empowers agents to improve generalization. allowing agents to induce skills from few-shot examples and flexibly adapt to unseen goals. Ex- periments on a series of agentic tasks demonstrate reasoning gaps, leading to unreliable tool use and failures that NSI consistently outperforms state-of-the-art in long-horizon planning (Zhang et al., 2025c; Jiang et al., baselines, empowering agents to self-evolve into 2025). These limitations highlight that static pre-trained architects of logic-grounded skills. models are insufficient. Instead, an agentic system must self-evolve through environmental interaction to bridge the gap between general capabilities and task requirements."
60," Sonar-TS: Search-Then-Verify Natural Language Querying for Time Series Databases Zhao Tan 1 2 Yiji Zhao 3 Shiyu Wang Chang Xu 4 Yuxuan Liang 5 Xiping Liu † 1 Shirui Pan 2 Ming Jin † 2 Abstract Text-to-SQL Sonar-TS Time Series SQL Model Natural Language Querying for Time Series NLQ arXiv:2602.17001v3 [cs.AI] 10 Jun 2026 NLQ SQL SQL Search Databases (NLQ4TSDB) aims to assist non- Multi-scale Feature Tables expert users retrieve meaningful events, intervals, (Queryable Index) and summaries from massive temporal records. Failure: Python However, existing Text-to-SQL methods are not Morphology Verify Verification Failure: Gap Limited designed for continuous morphological intents Context such as shapes or anomalies, while time series Candidates models struggle to handle ultra-long histories. To address these challenges, we propose Sonar- TS, a neuro-symbolic framework that tackles NLQ4TSDB via a “Search-Then-Verify” pipeline. Massive Time Series Database Analogous to active sonar, it utilizes a feature index to “ping” candidate windows via SQL, fol- Figure 1. Comparison of querying paradigms. While Text-to-SQL fails to express morphological intents and Time Series Models are lowed by generated Python programs to “lock on” limited by context length, Sonar-TS adopts a “Search-Then-Verify” and verify candidates against raw signals. To en- pipeline: it uses SQL to search a symbolic index for candidates able effective evaluation, we introduce NLQTS- and Python to verify them on raw data. Bench, the first large-scale benchmark designed for NLQ over TSDB-scale histories. Our experi- ments highlight the unique challenges within this Databases (TSDBs) have become the standard solution for domain and demonstrate that Sonar-TS effectively storage (Pelkonen et al., 2015). However, query"
61,"Despite achieving tremendous success, existing deep learning models have exposed limitations in compositional generalization, the capability to learn compositional rules and apply them to unseen cases in a systematic manner. To tackle this issue, we propose the Neural-Symbolic Stack Machine (NeSS). It contains a neural network to generate traces, which are then executed by a symbolic stack machine enhanced with sequence manipulation operations. NeSS combines the expressive power of neural sequence models with the recursion supported by the symbolic stack machine. Without training supervision on execution traces, NeSS achieves 100% generalization performance in four domains: the SCAN benchmark of language-driven navigation tasks, the task of few-shot learning of compositional instructions, the compositional machine translation benchmark, and context-free grammar parsing tasks."
62,"structure for drawing by efficient motor program induction Lucas Y. Tian1,2,3 , Kevin Ellis1,2 , Marta Kryven1,2 , and Joshua B. Tenenbaum1,2 1 Brain and Cognitive Sciences, MIT 2 Center for Brains, Minds and Machines 3 Laboratory of Neural Systems, Rockefeller University {lyt,ellisk,mkryven,jbt}@mit.edu Abstract Humans flexibly solve new problems that differ from those previously practiced. This ability to flexibly generalize is supported by learned concepts that represent useful structure common across different problems. Here we develop a naturalistic drawing task to study how humans rapidly acquire structured prior knowledge. The task requires drawing visual figures that share underlying structure, based on a set of composable geometric rules and simple objects. We show that people spontaneously learn abstract drawing procedures that support generalization, and propose a model of how learners can discover these reusable drawing procedures. Trained in the same setting as humans, and constrained to produce efficient motor actions, this model discovers new drawing program subroutines that generalize to test figures and resemble learned features of human behavior. These results suggest that two principles guiding motor program induction in the model - abstrac- tion (programs can reflect high-level structure that ignores figure-specific details) and compositionality (new programs are discovered by recombining previously learned programs) - are key for explaining how humans learn structured internal representations that guide flexible reasoning and learning."
63,"We present an improved method for symbolic regression that seeks to fit data to formulas that are Pareto-optimal, in the sense of having the best accuracy for a given complexity. It improves on the previous state-of-the-art by typically being orders of magnitude more robust toward noise and bad data, and also by discovering many formulas that stumped previous methods. We develop a method for discovering generalized symmetries (arbitrary modularity in the computational graph of a formula) from gradient properties of a neural network fit. We use normalizing flows to generalize our symbolic regression method to probability distributions from which we only have samples, and employ statistical hypothesis testing to accelerate robust brute-force search."
64,"We study the problem of learning differentiable functions expressed as programs in a domain-specific language. Such programmatic models can offer benefits such as composability and interpretability; however, learning them requires optimizing over a combinatorial space of program “architectures”. We frame this optimization problem as a search in a weighted graph whose paths encode top-down derivations of program syntax. Our key innovation is to view various classes of neural networks as continuous relaxations over the space of programs, which can then be used to complete any partial program. This relaxed program is differentiable and can be trained end-to-end, and the resulting training loss is an approximately admissible heuristic that can guide the combinatorial search. We instantiate our approach on top of the A⇤ algorithm and an iteratively deepened branch-and-bound search, and use these algorithms to learn programmatic classifiers in three sequence classification tasks. Our experiments show that the algorithms outperform state- of-the-art methods for program learning, and that they discover programmatic classifiers that yield natural interpretations and achieve competitive accuracy."
65,"We present R EVEL, a partially neural reinforcement learning (RL) framework for provably safe exploration in continuous state and action spaces. A key challenge for provably safe deep RL is that repeatedly verifying neural networks within a learning loop is computationally infeasible. We address this challenge using two policy classes: a general, neurosymbolic class with approximate gradients and a more restricted class of symbolic policies that allows efﬁcient veriﬁcation. Our learning algorithm is a mirror descent over policies: in each iteration, it safely lifts a symbolic policy into the neurosymbolic space, performs safe gradient updates to the resulting policy, and projects the updated policy into the safe symbolic subset, all without requiring explicit veriﬁcation of neural networks. Our empirical results show that R EVEL enforces safe exploration in many scenarios in which Constrained Policy Optimization does not, and that it can discover policies that outperform those learned through prior approaches to veriﬁed exploration."
66,"We consider two important aspects in understanding and editing images: modeling regular, program-like texture or patterns in 2D planes, and 3D posing of these planes in the scene. Unlike prior work on image-based program synthesis, which assumes the image contains a single visible 2D plane, we present Box Program Induction (BPI), which infers a program-like scene representation that simultaneously models repeated structure on multiple 2D planes, the 3D position and orientation of the planes, and camera parameters, all from a single image. Our model assumes a box prior, i.e., that the image captures either an inner view or an outer view of a box in 3D. It uses neural networks to infer visual cues such as vanishing points or wireframe lines to guide a search-based algorithm to find the program that best explains the image. Such a holistic, structured scene representation enables 3D-aware interactive image editing operations such as inpainting missing pixels, changing camera parameters, and extrapolate the image contents."
67,"Many aspects of human reasoning, including language, require learning rules from very little data. Humans can do this, often learning systematic rules from very few examples, and combining these rules to form compositional rule-based systems. Current neural architectures, on the other hand, often fail to generalize in a compositional manner, especially when evaluated in ways that vary systematically from training. In this work, we present a neuro-symbolic model which learns entire rule systems from a small set of examples. Instead of directly predicting outputs from inputs, we train our model to induce the explicit system of rules governing a set of previously seen examples, drawing upon techniques from the neural program synthesis literature. Our rule-synthesis approach outperforms neural meta-learning techniques in three domains: an artificial instruction-learning domain used to evaluate human learning, the SCAN challenge datasets, and learning rule-based translations of number words into integers for a wide range of human languages."
68,"Reconciling symbolic and distributed representations is a crucial challenge that can potentially resolve the limitations of current deep learning. Remarkable advances in this direction have been achieved recently via generative object-centric representa- tion models. While learning a recognition model that infers object-centric symbolic representations like bounding boxes from raw images in an unsupervised way, no such model can provide another important ability of a generative model, i.e., generating (sampling) according to the structure of learned world density. In this paper, we propose Generative Neurosymbolic Machines, a generative model that combines the benefits of distributed and symbolic representations to support both structured representations of symbolic components and density-based generation. These two crucial properties are achieved by a two-layer latent hierarchy with the global distributed latent for flexible density modeling and the structured symbolic latent map. To increase the model flexibility in this hierarchical structure, we also propose the StructDRAW prior. In experiments, we show that the proposed model significantly outperforms the previous structured representation models as well as the state-of-the-art non-structured generative models in terms of both structure accuracy and image generation quality."
69,"Program synthesis techniques construct or infer programs from user-provided specifications, such as input-output examples. Yet most specifications, especially those given by end-users, leave the synthesis problem radically ill-posed, because many programs may simultaneously satisfy the specification. Prior work resolves this ambiguity by using various inductive biases, such as a preference for simpler programs. This work introduces a new inductive bias derived by modeling the program synthesis task as rational communication, drawing insights from recursive reasoning models of pragmatics. Given a specification, we score a candidate program both on its consistency with the specification, and also whether a rational speaker would chose this particular specification to communicate that program. We develop efficient algorithms for such an approach when learning from input-output examples, and build a pragmatic program synthesizer over a simple grid-like layout domain. A user study finds that end-user participants communicate more effectively with the pragmatic program synthesizer over a non-pragmatic one."
70,"We study the problem of inferring communication structures that can solve coop- erative multi-agent planning problems while minimizing the amount of commu- nication. We quantify the amount of communication as the maximum degree of the communication graph; this metric captures settings where agents have limited bandwidth. Minimizing communication is challenging due to the combinatorial na- ture of both the decision space and the objective; for instance, we cannot solve this problem by training neural networks using gradient descent. We propose a novel algorithm that synthesizes a control policy that combines a programmatic com- munication policy used to generate the communication graph with a transformer policy network used to choose actions. Our algorithm first trains the transformer policy, which implicitly generates a “soft” communication graph; then, it synthe- sizes a programmatic communication policy that “hardens” this graph, forming a neurosymbolic transformer. Our experiments demonstrate how our approach can synthesize policies that generate low-degree communication graphs while maintaining near-optimal performance."
71,"The use of deep learning techniques has achieved signiﬁcant progress for program synthesis from input-output examples. However, when the program semantics be- come more complex, it still remains a challenge to synthesize programs that are consistent with the speciﬁcation. In this work, we propose SED, a neural pro- gram generation framework that incorporates synthesis, execution, and debugging stages. Instead of purely relying on the neural program synthesizer to generate the ﬁnal program, SED ﬁrst produces initial programs using the neural program syn- thesizer component, then utilizes a neural program debugger to iteratively repair the generated programs. The integration of the debugger component enables SED to modify the programs based on the execution results and speciﬁcation, which resembles the coding process of human programmers. On Karel, a challenging input-output program synthesis benchmark, SED reduces the error rate of the neu- ral program synthesizer itself by a considerable margin, and outperforms the stan- dard beam search for decoding."
72,"One of the fundamental problems in Artificial Intelligence is to perform complex multi-hop logical reasoning over the facts captured by a knowledge graph (KG). This problem is challenging, because KGs can be massive and incomplete. Recent approaches embed KG entities in a low dimensional space and then use these embeddings to find the answer entities. However, it has been an outstanding challenge of how to handle arbitrary first-order logic (FOL) queries as present methods are limited to only a subset of FOL operators. In particular, the negation operator is not supported. An additional limitation of present methods is also that they cannot naturally model uncertainty. Here, we present B ETA E, a probabilistic embedding framework for answering arbitrary FOL queries over KGs. B ETA E is the first method that can handle a complete set of first-order logical operations: conjunction (∧), disjunction (∨), and negation (¬). A key insight of B ETA E is to use probabilistic distributions with bounded support, specifically the Beta distribution, and embed queries/entities as distributions, which as a consequence allows us to also faithfully model uncertainty. Logical operations are performed in the embedding space by neural operators over the probabilistic embeddings. We demonstrate the performance of B ETA E on answering arbitrary FOL queries on three large, incomplete KGs. While being more general, B ETA E also increases relative performance by up to 25.4% over the current state-of-the-art KG reasoning methods that can only handle conjunctive queries without negation."
73,"Recent years have seen the rise of statistical program learning based on neural models as an alternative to traditional rule-based systems for programming by example. Rule-based approaches offer correctness guarantees in an unsupervised way as they inherently capture logical rules, while neural models are more realisti- cally scalable to raw, high-dimensional input, and provide resistance to noisy I/O specifications. We introduce PLANS (Program LeArning from Neurally inferred Specifications), a hybrid model for program synthesis from visual observations that gets the best of both worlds, relying on (i) a neural architecture trained to extract abstract, high-level information from each raw individual input (ii) a rule-based system using the extracted information as I/O specifications to synthesize a pro- gram capturing the different observations. In order to address the key challenge of making PLANS resistant to noise in the network’s output, we introduce a dynamic filtering algorithm for I/O specifications based on selective classification tech- niques. We obtain state-of-the-art performance at program synthesis from diverse demonstration videos in the Karel and ViZDoom environments, while requiring no ground-truth program for training."
74,"The goal of program synthesis from examples is to find a computer program that is consistent with a given set of input-output examples. Most learning-based approaches try to find a program that satisfies all examples at once. Our work, by contrast, considers an approach that breaks the problem into two stages: (a) find programs that satisfy only one example, and (b) leverage these per-example solutions to yield a program that satisfies all examples. We introduce the Cross Aggregator neural network module based on a multi-head attention mechanism that learns to combine the cues present in these per-example solutions to synthesize a global solution. Evaluation across programs of different lengths and under two different experimental settings reveal that when given the same time budget, our technique significantly improves the success rate over PCCoder [30] and other ablation baselines. The code, data and trained models for our work can be found at: https://github.com/shrivastavadisha/N-PEPS."
75,"State-of-the-art approaches to reasoning and question answering over knowledge graphs (KGs) usually scale with the number of edges and can only be applied effectively on small instance-dependent subgraphs. In this paper, we address this issue by showing that multi-hop and more complex logical reasoning can be accom- plished separately without losing expressive power. Motivated by this insight, we propose an approach to multi-hop reasoning that scales linearly with the number of relation types in the graph, which is usually significantly smaller than the number of edges or nodes. This produces a set of candidate solutions that can be prov- ably refined to recover the solution to the original problem. Our experiments on knowledge-based question answering show that our approach solves the multi-hop MetaQA dataset, achieves a new state-of-the-art on the more challenging WebQues- tionsSP, is orders of magnitude more scalable than competitive approaches, and can achieve compositional generalization out of the training distribution."
76,"Program synthesis from input-output (IO) examples has been a long-standing challenge. While recent works demonstrated limited success on domain-specific languages (DSL), it remains highly challenging to apply them to real-world pro- gramming languages, such as C. Due to complicated syntax and token variation, there are three major challenges: (1) unlike many DSLs, programs in languages like C need to compile first and are not executed via interpreters; (2) the program search space grows exponentially when the syntax and semantics of the program- ming language become more complex; and (3) collecting a large-scale dataset of real-world programs is non-trivial. As a first step to address these challenges, we propose LaSynth and show its efficacy in a restricted-C domain (i.e., C code with tens of tokens, with sequential, branching, loop and simple arithmetic operations but no library call). More specifically, LaSynth learns the latent representation to approximate the execution of partially generated programs, even if they are in- complete in syntax (addressing (1)). The learned execution significantly improves the performance of next token prediction over existing approaches, facilitating search (addressing (2)). Finally, once trained with randomly generated ground- truth programs and their IO pairs, LaSynth can synthesize more concise programs that resemble human-written code. Furthermore, retraining our model with these synthesized programs yields better performance with fewer samples for both Karel and C program synthesis, indicating the promise of leveraging the learned program synthesizer to improve the dataset quality for input-output program synthesis (ad- dressing (3)). When evaluating on whether the program execution outputs match the IO pairs, LaSynth achieves 55.2% accuracy on generating simple C code with tens of tokens including loops and branches, outperforming existing approaches without executors by around 20%. 1"
77,"Symbolic regression is the process of identifying mathematical expressions that fit observed output from a black-box process. It is a discrete optimization problem generally believed to be NP-hard. Prior approaches to solving the problem include neural-guided search (e.g. using reinforcement learning) and genetic program- ming. In this work, we introduce a hybrid neural-guided/genetic programming approach to symbolic regression and other combinatorial optimization problems. We propose a neural-guided component used to seed the starting population of a random restart genetic programming component, gradually learning better starting populations. On a number of common benchmark tasks to recover underlying expressions from a dataset, our method recovers 65% more expressions than a recently published top-performing model using the same experimental setup. We demonstrate that running many genetic programming generations without interdependence on the neural-guided component performs better for symbolic regression than alternative formulations where the two are more strongly coupled. Finally, we introduce a new set of 22 symbolic regression benchmark problems with increased difficulty over existing benchmarks. Source code is provided at www.github.com/brendenpetersen/deep-symbolic-optimization."
78,"Deep learning and symbolic reasoning are complementary techniques for an intelli- gent system. However, principled combinations of these techniques are typically limited in scalability, rendering them ill-suited for real-world applications. We pro- pose Scallop, a system that builds upon probabilistic deductive databases, to bridge this gap. The key insight underlying Scallop is a provenance framework that in- troduces a tunable parameter to specify the level of reasoning granularity. Scallop thereby i) generalizes exact probabilistic reasoning, ii) asymptotically reduces computational cost, and iii) provides relative accuracy guarantees. On synthetic tasks involving mathematical and logical reasoning, Scallop scales significantly better without sacrificing accuracy compared to DeepProbLog, a principled neural logic programming approach. Scallop also scales to a newly created real-world Visual Question Answering (VQA) benchmark that requires multi-hop reasoning, achieving 84.22% accuracy and outperforming two VQA-tailored models based on Neural Module Networks and transformers by 12.42% and 21.66% respectively."
79,"Human reasoning can be understood as an interplay between two systems: the intuitive and associative (“System 1”) and the deliberative and logical (“System 2”). Neural sequence models—which have been increasingly successful at performing complex, structured tasks—exhibit the advantages and failure modes of System 1: they are fast and learn patterns from data, but are often inconsistent and incoherent. In this work, we seek a lightweight, training-free means of improving existing System 1-like sequence models by adding System 2-inspired logical reasoning. We explore several variations on this theme in which candidate generations from a neural sequence model are examined for logical consistency by a symbolic reasoning module, which can either accept or reject the generations. Our approach uses neural inference to mediate between the neural System 1 and the logical System 2. Results in robust story generation and grounded instruction-following show that this approach can increase the coherence and accuracy of neurally-based generations."
80,"To utilize the raw inputs and symbolic knowledge simultaneously, some recent neuro-symbolic learning methods use abduction, i.e., abductive reasoning, to inte- grate sub-symbolic perception and logical inference. While the perception model, e.g., a neural network, outputs some facts that are inconsistent with the symbolic background knowledge base, abduction can help revise the incorrect perceived facts by minimizing the inconsistency between them and the background knowledge. However, to enable effective abduction, previous approaches need an initialized per- ception model that discriminates the input raw instances. This limits the application of these methods, as the discrimination ability is usually acquired from a thorough pre-training when the raw inputs are difficult to classify. In this paper, we propose a novel abduction strategy, which leverages the similarity between samples, rather than the output information by the perceptual neural network, to guide the search in abduction. Based on this principle, we further present ABductive Learning with Similarity (ABLSim) and apply it to some difficult neuro-symbolic learning tasks. Experiments show that the efficiency of ABLSim is significantly higher than the state-of-the-art neuro-symbolic methods, allowing it to achieve better performance with less labeled data and weaker domain knowledge."
81,"Rules have a number of desirable properties. It is easy to understand, infer new knowledge, and communicate with other inference systems. One weakness of the previous rule induction systems is that they only find rules within a knowledge base (KB) and therefore cannot generalize to more open and complex real-world rules. Recently, the language model (LM)-based rule generation are proposed to enhance the expressive power of the rules. In this paper, we revisit the differences between KB-based rule induction and LM-based rule generation. We argue that, while KB-based methods inducted rules by discovering data commonalities, the current LM-based methods are “learning rules from rules”. This limits these methods to only produce “canned” rules whose patterns are constrained by the annotated rules, while discarding the rich expressive power of LMs for free text. Therefore, in this paper, we propose the open rule induction problem, which aims to induce open rules utilizing the knowledge in LMs. Besides, we propose the Orion (open rule induction) system to automatically mine open rules from LMs without supervision of annotated rules. We conducted extensive experiments to verify the quality and quantity of the inducted open rules. Surprisingly, when applying the open rules in downstream tasks (i.e. relation extraction), these automatically inducted rules even outperformed the manually annotated rules. 2"
82,"A key challenge for reinforcement learning is solving long-horizon planning prob- lems. Recent work has leveraged programs to guide reinforcement learning in these settings. However, these approaches impose a high manual burden on the user since they must provide a guiding program for every new task. Partially ob- served environments further complicate the programming task because the program must implement a strategy that correctly, and ideally optimally, handles every possible configuration of the hidden regions of the environment. We propose a new approach, model predictive program synthesis (MPPS), that uses program synthesis to automatically generate the guiding programs. It trains a generative model to predict the unobserved portions of the world, and then synthesizes a program based on samples from this model in a way that is robust to its uncer- tainty. In our experiments, we show that our approach significantly outperforms non-program-guided approaches on a set of challenging benchmarks, including a 2D Minecraft-inspired environment where the agent must complete a complex sequence of subtasks to achieve its goal, and achieves a similar performance as using handcrafted programs to guide the agent. Our results demonstrate that our approach can obtain the benefits of program-guided reinforcement learning without requiring the user to provide a new guiding program for every new task."
83,"Answering complex queries over knowledge graphs (KG) is an important yet chal- lenging task because of the KG incompleteness issue and cascading errors during reasoning. Recent query embedding (QE) approaches embed the entities and rela- tions in a KG and the first-order logic (FOL) queries into a low dimensional space, answering queries by dense similarity search. However, previous works mainly concentrate on the target answers, ignoring intermediate entities’ usefulness, which is essential for relieving the cascading error problem in logical query answering. In addition, these methods are usually designed with their own geometric or distribu- tional embeddings to handle logical operators like union(∨), intersection(∧), and negation(¬), with the sacrifice of the accuracy of the basic operator – projection, and they could not absorb other embedding methods to their models. In this work, we propose a Neural and Symbolic Entangled framework (ENeSy) 3 ) for complex query answering, which enables the neural and symbolic reasoning to enhance each other to alleviate the cascading error and KG incompleteness. The projection operator in ENeSy could be any embedding method with the capability of link prediction, and the other FOL operators are handled without parameters. With both neural and symbolic reasoning results contained, ENeSy answers queries in ensembles. ENeSy achieves the SOTA performance on several benchmarks, especially in the setting of training model only with the link prediction task."
84,"Recently, research has increasingly focused on developing efficient neural network architectures. In this work, we explore logic gate networks for machine learning tasks by learning combinations of logic gates. These networks comprise logic gates such as ªANDº and ªXORº, which allow for very fast execution. The difficulty in learning logic gate networks is that they are conventionally non-differentiable and therefore do not allow training with gradient descent. Thus, to allow for effective training, we propose differentiable logic gate networks, an architecture that combines real-valued logics and a continuously parameterized relaxation of the network. The resulting discretized logic gate networks achieve fast inference speeds, e.g., beyond a million images of MNIST per second on a single CPU core."
85,"We present VAEL, a neuro-symbolic generative model integrating variational autoencoders (VAE) with the reasoning capabilities of probabilistic logic (L) pro- gramming. Besides standard latent subsymbolic variables, our model exploits a probabilistic logic program to define a further structured representation, which is used for logical reasoning. The entire process is end-to-end differentiable. Once trained, VAEL can solve new unseen generation tasks by (i) leveraging the pre- viously acquired knowledge encoded in the neural component and (ii) exploiting new logical programs on the structured latent space. Our experiments provide support on the benefits of this neuro-symbolic integration both in terms of task generalization and data efficiency. To the best of our knowledge, this work is the first to propose a general-purpose end-to-end framework integrating probabilistic logic programming into a deep generative model."
86,"Learning the underlying equation from data is a fundamental problem in many disciplines. Recent advances rely on Neural Networks (NNs) but do not provide theoretical guarantees in obtaining the exact equations owing to the non-convexity of NNs. In this paper, we propose Convex Neural Symbolic Learning (C O NS O L E) to seek convexity under mild conditions. The main idea is to decompose the recovering process into two steps and convexify each step. In the first step of searching for right symbols, we convexify the deep Q-learning. The key is to maintain double convexity for both the negative Q-function and the negative reward function in each iteration, leading to provable convexity of the negative optimal Q function to learn the true symbol connections. Conditioned on the exact searching result, we construct a Locally-Convex equation Learner (L O C A L) neural network to convexify the estimation of symbol coefficients. With such a design, we quantify a large region with strict convexity in the loss surface of L O C A L for commonly used physical functions. Finally, we demonstrate the superior performance of the C O NS O L E framework over the state-of-the-art on a diverse set of datasets."
87," ZeroC: A Neuro-Symbolic Model for Zero-shot Concept Recognition and Acquisition at Inference Time Tailin Wu Megan Tjandrasuwita Department of Computer Science Department of Computer Science Stanford University California Institute of Technology tailin@cs.stanford.edu megantj@mit.edu Zhengxuan Wu Xuelin Yang Department of Computer Science Department of Computer Science Stanford University Stanford University wuzhengx@cs.stanford.edu xyang23@cs.stanford.edu Kevin Liu Rok Sosič Department of Computer Science Department of Computer Science Stanford University Stanford University liuk@cs.stanford.edu rok@cs.stanford.edu Jure Leskovec Department of Computer Science Stanford University jure@cs.stanford.edu Abstract Humans have the remarkable ability to recognize and acquire novel visual con- cepts in a zero-shot manner. Given a high-level, symbolic description of a novel concept in terms of previously learned visual concepts and their relations, humans can recognize novel concepts without seeing any examples. Moreover, they can acquire new concepts by parsing and communicating symbolic structures using learned visual concepts and relations. Endowing these capabilities in machines is pivotal in improving their generalization capability at inference time. In this work, we introduce Zero-shot Concept Recognition and Acquisition (ZeroC), a neuro-symbolic architecture that can recognize and acquire novel concepts in a zero-shot way. ZeroC represents concepts as graphs of constituent concept models (as nodes) and their relations (as edges). To allow inference time composition, we employ energy-based models (EBMs) to model concepts and relations. We design ZeroC architecture so that it allows a one-to-one mapping between a symbolic graph structure of a concept and its corresponding"
88,"Symbolic regression, the task of predicting the mathematical expression of a function from the observation of its values, is a difficult task which usually involves a two-step procedure: predicting the ""skeleton"" of the expression up to the choice of numerical constants, then fitting the constants by optimizing a non-convex loss function. The dominant approach is genetic programming, which evolves candidates by iterating this subroutine a large number of times. Neural networks have recently been tasked to predict the correct skeleton in a single try, but remain much less powerful. In this paper, we challenge this two-step procedure, and task a Transformer to directly predict the full mathematical expression, constants included. One can subsequently refine the predicted constants by feeding them to the non-convex optimizer as an informed initialization. We present ablations to show that this end-to-end approach yields better results, sometimes even without the refinement step. We evaluate our model on problems from the SRBench benchmark and show that our model approaches the performance of state-of-the-art genetic programming with several orders of magnitude faster inference."
89,"Semantic code search is the task of retrieving a code snippet given a textual descrip- tion of its functionality. Recent work has been focused on using similarity metrics between neural embeddings of text and code. However, current language models are known to struggle with longer, compositional text, and multi-step reasoning. To overcome this limitation, we propose supplementing the query sentence with a layout of its semantic structure. The semantic layout is used to break down the final reasoning decision into a series of lower-level decisions. We use a Neural Module Network architecture to implement this idea. We compare our model - NS3 (Neuro-Symbolic Semantic Search) - to a number of baselines, including state-of-the-art semantic code retrieval methods, and evaluate on two datasets - CodeSearchNet and Code Search and Question Answering. We demonstrate that our approach results in more precise code retrieval, and we study the effectiveness of our modular design when handling compositional queries1 ."
90,"Learning general-purpose representations from perceptual inputs is a hallmark of human intel- ligence. For example, people can write out numbers or characters, or even draw doodles, by characterizing these tasks as different instantiations of the same generic underlying process— compositional arrangements of different forms of pen strokes. Crucially, learning to do one task, say writing, implies reasonable competence at another, say drawing, on account of this shared process. We present Drawing out of Distribution (DooD), a neuro-symbolic generative model of stroke-based drawing that can learn such general-purpose representations. In contrast to prior work, DooD operates directly on images, requires no supervision or expensive test-time inference, and performs unsupervised amortised inference with a symbolic stroke model that better enables both interpretability and generalization. We evaluate DooD on its ability to generalise across both data and tasks. We first perform zero-shot transfer from one dataset (e.g. MNIST) to another (e.g. Quickdraw), across five different datasets, and show that DooD clearly outperforms different baselines. An analysis of the learnt representations further highlights the benefits of adopting a symbolic stroke model. We then adopt a subset of the Omniglot challenge tasks, and evaluate its ability to generate new exemplars (both unconditionally and conditionally), and perform one-shot classification, showing that DooD matches the state of the art. Taken together, we demonstrate that DooD does indeed capture general-purpose representations across both data and task, and takes a further step towards building general and robust concept-learning systems. w ra T ot T IS D T IS gl → IS ck"
91,"We present LogiGAN, an unsupervised adversarial pre-training framework for im- proving logical reasoning abilities of language models. Upon automatic identifica- tion of logical reasoning phenomena in massive text corpus via detection heuristics, we train language models to predict the masked-out logical statements. Inspired by the facilitation effect of reflective thinking in human learning, we analogically simulate the learning-thinking process with an adversarial Generator-Verifier ar- chitecture to assist logic learning. LogiGAN implements a novel sequential GAN approach that (a) circumvents the non-differentiable challenge of the sequential GAN by leveraging the Generator as a sentence-level generative likelihood scorer with a learning objective of reaching scoring consensus with the Verifier; (b) is computationally feasible for large-scale pre-training with longer target length. Both base and large size language models pre-trained with LogiGAN demonstrate obvious performance improvement on 12 datasets requiring general reasoning abilities, revealing the fundamental role of logic in broad reasoning, as well as the effectiveness of LogiGAN. Ablation studies on LogiGAN components reveal the relative orthogonality between linguistic and logic abilities and suggest that reflective thinking’s facilitation effect might also generalize to machine learning 2 ."
92,"We propose an online training procedure for a transformer-based automated the- orem prover. Our approach leverages a new search algorithm, HyperTree Proof Search (HTPS), that learns from previous proof searches through online training, allowing it to generalize to domains far from the training distribution. We report detailed ablations of our pipeline’s main components by studying performance on three environments of increasing complexity. In particular, we show that with HTPS alone, a model trained on annotated proofs manages to prove 65.4% of a held-out set of Metamath theorems, significantly outperforming the previous state of the art of 56.5% by GPT-f. Online training on these unproved theorems increases accuracy to 82.6%. With a similar computational budget, we improve the state of the art on the Lean-based miniF2F-curriculum dataset from 31% to 42% proving accuracy."
93,"We design a predictive layer for structured-output prediction (SOP) that can be plugged into any neural network guaranteeing its predictions are consistent with a set of predefined symbolic constraints. Our Semantic Probabilistic Layer (SPL) can model intricate correlations, and hard constraints, over a structured output space all while being amenable to end-to-end learning via maximum likelihood. SPLs combine exact probabilistic inference with logical reasoning in a clean and modular way, learning complex distributions and restricting their support to solutions of the constraint. As such, they can faithfully, and efficiently, model complex SOP tasks beyond the reach of alternative neuro-symbolic approaches. We empirically demonstrate that SPLs outperform these competitors in terms of accuracy on challenging SOP tasks including hierarchical multi-label classification, pathfinding and preference learning, while retaining perfect constraint satisfaction. Our code is made publicly available on Github at github.com/KareemYousrii/SPL."
94,"The last few years have witnessed a surge in methods for symbolic regression, from advances in traditional evolutionary approaches to novel deep learning-based systems. Individual works typically focus on advancing the state-of-the-art for one particular class of solution strategies, and there have been few attempts to investigate the benefits of hybridizing or integrating multiple strategies. In this work, we identify five classes of symbolic regression solution strategies—recursive problem simplification, neural-guided search, large-scale pre-training, genetic programming, and linear models—and propose a strategy to hybridize them into a single modular, unified symbolic regression framework. Based on empirical evaluation using SRBench, a new community tool for benchmarking symbolic regression methods, our unified framework achieves state-of-the-art performance in its ability to (1) symbolically recover analytical expressions, (2) fit datasets with high accuracy, and (3) balance accuracy-complexity trade-offs, across 252 ground-truth and black-box benchmark problems, in both noiseless settings and across various noise levels. Finally, we provide practical use case-based guidance for constructing hybrid symbolic regression algorithms, supported by extensive, combinatorial ablation studies."
95,"Intensive algorithmic efforts have been made to enable the rapid improvements of certificated robustness for complex ML models recently. However, current robustness certification methods are only able to certify under a limited pertur- bation radius. Given that existing pure data-driven statistical approaches have reached a bottleneck, in this paper, we propose to integrate statistical ML mod- els with knowledge (expressed as logical rules) as a reasoning component using Markov logic networks (MLN), so as to further improve the overall certified ro- bustness. This opens new research questions about certifying the robustness of such a paradigm, especially the reasoning component (e.g., MLN). As the first step towards understanding these questions, we first prove that the computational com- plexity of certifying the robustness of MLN is #P-hard. Guided by this hardness result, we then derive the first certified robustness bound for MLN by carefully analyzing different model regimes. Finally, we conduct extensive experiments on five datasets including both high-dimensional images and natural language texts, and we show that the certified robustness with knowledge-based logical reasoning indeed significantly outperforms that of the state-of-the-arts."
96,"There has been significant recent progress designing deep generative models that generate realistic sequence data such as text or music. Nevertheless, it remains difficult to incorporate high-level structure to guide the generative process, and many such models perform well on local coherence, but less so on global coherence. We propose a novel approach for incorporating global structure in the form of relational constraints between different subcomponents of an example (e.g., lines of a poem or measures of music). Our generative model has two parts: (i) one model to generate a realistic set of relational constraints, and (ii) a second model to generate realistic data satisfying these constraints. For model (i), we propose a program synthesis algorithm that infers the relational constraints present in the training data, and then learn a generative model based on the resulting constraint data. In our experiments, we show that our approach significantly improves over state-of-the-art in terms of capturing high-level structure in the data, while performing comparably or better in terms of low-level structure."
97,"Program synthesis aims to automatically generate an executable program that conforms to the given specification. Recent advancements have demonstrated that deep neural methodologies and large-scale pretrained language models are highly proficient in capturing program semantics. For robot programming, prior works have facilitated program synthesis by incorporating global environments. However, the assumption of acquiring a comprehensive understanding of the entire environment is often excessively challenging to achieve. In this work, we present a framework that learns to synthesize a program by rectifying potentially erroneous code segments, with the aid of partially observed environments. To tackle the issue of inadequate attention to partial observations, we propose to first learn an environment embedding space that can implicitly evaluate the impacts of each program token based on the precondition. Furthermore, by employing a graph structure, the model can aggregate both environmental and syntactic information flow and furnish smooth program rectification guidance. Extensive experimental evaluations and ablation studies on the partially observed VizDoom domain authenticate that our method offers superior generalization capability across various tasks and greater robustness when encountering noises."
98,"Neuro-symbolic systems combine neural perception and logical reasoning, repre- senting one of the priorities of AI research. End-to-end learning of neuro-symbolic systems is highly desirable, but remains to be challenging. Resembling the dis- tinction and cooperation between System 1 and System 2 of human thought (à la Kahneman), this paper proposes a framework that fuses neural network training, symbol grounding, and logical constraint synthesis to support learning in a weakly supervised setting. Technically, it is cast as a game with two optimization problems which correspond to neural network learning and symbolic constraint learning re- spectively. Such a formulation naturally embeds symbol grounding and enables the interaction between the neural and the symbolic part in both training and inference. The logical constraints are represented as cardinality constraints, and we use the trust region method to avoid degeneracy in learning. A distinguished feature of the optimization lies in the Boolean constraints for which we introduce a difference-of- convex programming approach. Both theoretical analysis and empirical evaluations substantiate the effectiveness of the proposed framework."
99,"We study the problem of combining neural networks with symbolic reasoning. Recently introduced frameworks for Probabilistic Neurosymbolic Learning (PNL), such as DeepProbLog, perform exponential-time exact inference, limiting the scalability of PNL solutions. We introduce Approximate Neurosymbolic Inference (A-N E SI): a new framework for PNL that uses neural networks for scalable approximate inference. A-N E SI 1) performs approximate inference in polynomial time without changing the semantics of probabilistic logics; 2) is trained using data generated by the background knowledge; 3) can generate symbolic explanations of predictions; and 4) can guarantee the satisfaction of logical constraints at test time, which is vital in safety-critical applications. Our experiments show that A-N E SI is the first end-to-end method to solve three neurosymbolic tasks with exponential combinatorial scaling. Finally, our experiments show that A-N E SI achieves explainability and safety without a penalty in performance."
100,"Answering complex queries on incomplete knowledge graphs is a challenging task where a model needs to answer complex logical queries in the presence of missing knowledge. Prior work in the literature has proposed to address this problem by designing architectures trained end-to-end for the complex query answering task with a reasoning process that is hard to interpret while requiring data and resource-intensive training. Other lines of research have proposed re-using simple neural link predictors to answer complex queries, reducing the amount of training data by orders of magnitude while providing interpretable answers. The neural link predictor used in such approaches is not explicitly optimised for the complex query answering task, implying that its scores are not calibrated to interact together. We propose to address these problems via CQDA , a parameter-efficient score adaptation model optimised to re-calibrate neural link prediction scores for the complex query answering task. While the neural link predictor is frozen, the adaptation component – which only increases the number of model parameters by 0.03% – is trained on the downstream complex query answering task. Furthermore, the calibration component enables us to support reasoning over queries that include atomic negations, which was previously impossible with link predictors. In our experiments, CQDA produces significantly more accurate results than current state-of-the-art methods, improving from 34.4 to 35.1 Mean Reciprocal Rank values averaged across all datasets and query types while using ≤ 30% of the available training query types. We further show that CQDA is data-efficient, achieving competitive results with only 1% of the complex training queries, and robust in out-of-domain evaluations. Source code and datasets are available at https://github.com/EdinburghNLP/adaptive-cqd."
101,"Knowledge graph (KG) reasoning utilizes two primary techniques, i.e., rule-based and KG-embedding based. The former provides precise inferences, but inferring via concrete rules is not scalable. The latter enables efficient reasoning at the cost of ambiguous inference accuracy. Neuro-symbolic reasoning seeks to amalgamate the advantages of both techniques. The crux of this approach is replacing the predicted existence of all possible triples (i.e., truth scores inferred from rules) with a suitable approximation grounded in embedding representations. However, constructing an effective approximation of all possible triples’ truth scores is a challenging task, because it needs to balance the tradeoff between accuracy and efficiency, while compatible with both the rule-based and KG-embedding models. To this end, we proposed a differentiable framework - DiffLogic. Instead of directly approximating all possible triples, we design a tailored filter to adaptively select essential triples based on the dynamic rules and weights. The truth scores assessed by KG-embedding are continuous, so we employ a continuous Markov logic network named probabilistic soft logic (PSL). It employs the truth scores of essential triples to assess the overall agreement among rules, weights, and observed triples. PSL enables end-to-end differentiable optimization, so we can alternately update embedding and weighted rules. On benchmark datasets, we empirically show that DiffLogic surpasses baselines in both effectiveness and efficiency."
102,"Querying knowledge graphs (KGs) using deep learning approaches can naturally leverage the reasoning and generalization ability to learn to infer better answers. Traditional neural complex query answering (CQA) approaches mostly work on entity-centric KGs. However, in the real world, we also need to make logical inferences about events, states, and activities (i.e., eventualities or situations) to push learning systems from System I to System II, as proposed by Yoshua Bengio. Querying logically from an EVentuality-centric KG (EVKG) can naturally provide references to such kind of intuitive and logical inference. Thus, in this paper, we propose a new framework to leverage neural methods to answer complex logical queries based on an EVKG, which can satisfy not only traditional first-order logic constraints but also implicit logical constraints over eventualities concerning their occurrences and orders. For instance, if we know that Food is bad happens before PersonX adds soy sauce, then PersonX adds soy sauce is unlikely to be the cause of Food is bad due to implicit temporal constraint. To facilitate consistent reasoning on EVKGs, we propose Complex Eventuality Query Answering (CEQA), a more rigorous definition of CQA that considers the implicit logical constraints governing the temporal order and occurrence of eventualities. In this manner, we propose to leverage theorem provers for constructing benchmark datasets to ensure the answers satisfy implicit logical constraints. We also propose a Memory-Enhanced Query Encoding (MEQE) approach to significantly improve the performance of state-of-the-art neural query encoders on the CEQA task."
103,"The capacity to reason logically is a hallmark of human cognition. Humans excel at integrating multimodal information for logical reasoning, as exemplified by the Visual Question Answering (VQA) task, which is a challenging multimodal task. VQA tasks and large vision-and-language models aim to tackle reasoning problems, but the accuracy, consistency and integrity of the generated answers is hard to evaluate in the absence of a VQA dataset that can offer formal, comprehensive and systematic complex logical reasoning questions. To address this gap, we present LoRA, a novel Logical Reasoning Augmented VQA dataset that requires formal and complex description logic reasoning based on a food-and-kitchen knowledge base. Our main objective in creating LoRA is to enhance the complex and formal logical reasoning capabilities of VQA models, which are not adequately measured by existing VQA datasets. We devise strong and flexible programs to automatically generate 200,000 diverse description logic reasoning questions based on the SROIQ Description Logic, along with realistic kitchen scenes and ground truth answers. We fine-tune the latest transformer VQA models and evaluate the zero-shot performance of the state-of-the-art large vision-and-language models on LoRA. The results reveal that LoRA presents a unique challenge in logical reasoning, setting a systematic and comprehensive evaluation standard.1 2"
104,"Deep reinforcement learning (DRL) has led to a wide range of advances in sequen- tial decision-making tasks. However, the complexity of neural network policies makes it difficult to understand and deploy with limited computational resources. Currently, employing compact symbolic expressions as symbolic policies is a promising strategy to obtain simple and interpretable policies. Previous symbolic policy methods usually involve complex training processes and pre-trained neural network policies, which are inefficient and limit the application of symbolic poli- cies. In this paper, we propose an efficient gradient-based learning method named Efficient Symbolic Policy Learning (ESPL) that learns the symbolic policy from scratch in an end-to-end way. We introduce a symbolic network as the search space and employ a path selector to find the compact symbolic policy. By doing so we represent the policy with a differentiable symbolic expression and train it in an off-policy manner which further improves the efficiency. In addition, in contrast with previous symbolic policies which only work in single-task RL because of complexity, we expand ESPL on meta-RL to generate symbolic policies for unseen tasks. Experimentally, we show that our approach generates symbolic policies with higher performance and greatly improves data efficiency for single-task RL. In meta-RL, we demonstrate that compared with neural network policies the pro- posed symbolic policy achieves higher performance and efficiency and shows the potential to be interpretable."
105,
106,"People are adept at learning a wide variety of structured patterns from small amounts of data, presenting a conundrum from the standpoint of the bias-variance tradeoff: what kinds of representations and algorithms support the joint flexibility and data-paucity of human learning? One possibility is that people “learn by programming”: inducing probabilistic models to fit observed data. Here, we experimentally test human learning in the domain of structured 2-dimensional patterns, using a task in which participants repeatedly predicted where a dot would move based on its previous trajectory. We evaluate human performance against standard parametric and non-parametric time-series models, as well as two Bayesian program synthesis models whose hypotheses vary in their degree of structure: a compositional Gaussian Process model and a structured “Language of Thought” (LoT) model. We find that signatures of human pattern learning are best explained by the LoT model, supporting the idea that the flexibility and data- efficiency of human structure learning can be understood as probabilistic inference over an expressive space of programs."
107,"A fundamental challenge in neuro-symbolic AI is to devise primitives that fuse the logical and neural concepts. The Neural Theorem Prover has proposed the notion of soft-unification to turn the symbolic comparison between terms (i.e. unification) into a comparison in embedding space. It has been shown that soft-unification is a powerful mechanism that can be used to learn logic rules in an end-to-end differentiable manner. We study soft-unification from a conceptual point and outline several desirable properties of this operation. These include non-redundancy in the proof, well-defined proof scores, and non-sparse gradients. Unfortunately, these properties are not satisfied by previous systems such as the Neural Theorem Prover. Therefore, we introduce a more principled framework called DeepSoftLog based on probabilistic rather than fuzzy semantics. Our experiments demonstrate that DeepSoftLog can outperform the state-of-the-art on neuro-symbolic benchmarks, highlighting the benefits of these properties."
108,"We propose a logic-informed knowledge-driven modeling framework for human movements by analyzing their trajectories. Our approach is inspired by the fact that human actions are usually driven by their intentions or desires, and are influenced by environmental factors such as the spatial relationships with surrounding objects. In this paper, we introduce a set of spatial-temporal logic rules as knowledge to explain human actions. These rules will be automatically discovered from observational data. To learn the model parameters and the rule content, we design an expectation-maximization (EM) algorithm, which treats the rule content as latent variables. The EM algorithm alternates between the E-step and M-step: in the E-step, the posterior distribution over the latent rule content is evaluated; in the M-step, the rule generator and model parameters are jointly optimized by maximizing the current expected log-likelihood. Our model may have a wide range of applications in areas such as sports analytics, robotics, and autonomous cars, where understanding human movements are essential. We demonstrate the model’s superior interpretability and prediction performance on pedestrian and NBA basketball player datasets, both achieving promising results."
109,"Neuro-Symbolic (NeSy) predictive models hold the promise of improved compli- ance with given constraints, systematic generalization, and interpretability, as they allow to infer labels that are consistent with some prior knowledge by reasoning over high-level concepts extracted from sub-symbolic inputs. It was recently shown that NeSy predictors are affected by reasoning shortcuts: they can attain high accu- racy but by leveraging concepts with unintended semantics, thus coming short of their promised advantages. Yet, a systematic characterization of reasoning shortcuts and of potential mitigation strategies is missing. This work fills this gap by charac- terizing them as unintended optima of the learning objective and identifying four key conditions behind their occurrence. Based on this, we derive several natural mitigation strategies, and analyze their efficacy both theoretically and empirically. Our analysis shows reasoning shortcuts are difficult to deal with, casting doubts on the trustworthiness and interpretability of existing NeSy solutions."
110,"Many structured prediction and reasoning tasks can be framed as program synthesis problems, where the goal is to generate a program in a domain-specific language (DSL) that transforms input data into the desired output. Unfortunately, purely neural approaches, such as large language models (LLMs), often fail to produce fully correct programs in unfamiliar DSLs, while purely symbolic methods based on combinatorial search scale poorly to complex problems. Motivated by these limitations, we introduce a hybrid approach, where LLM completions for a given task are used to learn a task-specific, context-free surrogate model, which is then used to guide program synthesis. We evaluate this hybrid approach on three domains, and show that it outperforms both unguided search and direct sampling from LLMs, as well as existing program synthesizers."
111,"Vision models excel in image classification but struggle to generalize to unseen data, such as classifying images from unseen domains or discovering novel categories. In this paper, we explore the relationship between logical reasoning and deep learning generalization in visual classification. A logical regularization termed L-Reg is de- rived which bridges a logical analysis framework to image classification. Our work reveals that L-Reg reduces the complexity of the model in terms of the feature dis- tribution and classifier weights. Specifically, we unveil the interpretability brought by L-Reg, as it enables the model to extract the salient features, such as faces to persons, for classification. Theoretical analysis and experiments demonstrate that L-Reg enhances generalization across various scenarios, including multi-domain generalization and generalized category discovery. In complex real-world scenar- ios where images span unknown classes and unseen domains, L-Reg consistently improves generalization, highlighting its practical efficacy."
112,"A critical question about Large Language Models (LLMs) is whether their apparent deficiency in mathematical reasoning is inherent, or merely a result of insufficient exposure to high-quality mathematical data. To explore this, we developed an automated method for generating high-quality, supervised mathematical datasets. The method carefully mutates existing math problems, ensuring both diversity and validity of the newly generated problems. This is achieved by a neuro-symbolic data generation framework combining the intuitive informalization strengths of LLMs, and the precise symbolic reasoning of math solvers along with projected Markov chain Monte Carlo sampling in the highly-irregular symbolic space. Empirical experiments demonstrate the high quality of data generated by the proposed method, and that the LLMs, specifically LLaMA-2 and Mistral, when realigned with the generated data, surpass their state-of-the-art counterparts."
113,"We present a novel method for symbolic regression (SR), the task of searching for compact programmatic hypotheses that best explain a dataset. The problem is com- monly solved using genetic algorithms; we show that we can enhance such methods by inducing a library of abstract textual concepts. Our algorithm, called L A SR, uses zero-shot queries to a large language model (LLM) to discover and evolve abstract concepts occurring in known high-performing hypotheses. We discover new hypotheses using a mix of standard evolutionary steps and LLM-guided steps (obtained through zero-shot LLM queries) conditioned on discovered concepts. Once discovered, hypotheses are used in a new round of concept abstraction and evolution. We validate L A SR on the Feynman equations, a popular SR benchmark, as well as a set of synthetic tasks. On these benchmarks, L A SR substantially outperforms a variety of state-of-the-art SR approaches based on deep learning and evolutionary algorithms. Moreover, we show that L A SR can be used to discover a new and powerful scaling law for LLMs."
114,"Recent years have witnessed the rapid development of Neuro-Symbolic (NeSy) AI systems, which integrate symbolic reasoning into deep neural networks. However, most of the existing benchmarks for NeSy AI fail to provide long-horizon reason- ing tasks with complex multi-agent interactions. Furthermore, they are usually constrained by fixed and simplistic logical rules over limited entities, making them far from real-world complexities. To address these crucial gaps, we introduce LogiCity, the first simulator based on customizable first-order logic (FOL) for an urban-like environment with multiple dynamic agents. LogiCity models diverse urban elements using semantic and spatial concepts, such as IsAmbulance(X) and IsClose(X, Y). These concepts are used to define FOL rules that govern the behavior of various agents. Since the concepts and rules are abstractions, they can be universally applied to cities with any agent compositions, facilitating the instantiation of diverse scenarios. Besides, a key feature of LogiCity is its support for user-configurable abstractions, enabling customizable simulation complexities for logical reasoning. To explore various aspects of NeSy AI, LogiCity introduces two tasks, one features long-horizon sequential decision-making, and the other focuses on one-step visual reasoning, varying in difficulty and agent behaviors. Our extensive evaluation reveals the advantage of NeSy frameworks in abstract reasoning. Moreover, we highlight the significant challenges of handling more com- plex abstractions in long-horizon multi-agent scenarios or under high-dimensional, imbalanced data. With its flexible design, various features, and newly raised chal- lenges, we believe LogiCity represents a pivotal step forward in advancing the next generation of NeSy AI. All the code and data are open-sourced at our website."
115,"The advent of powerful neural classifiers has increased interest in problems that require both learning and reasoning. These problems are critical for understanding important properties of models, such as trustworthiness, generalization, inter- pretability, and compliance to safety and structural constraints. However, recent research observed that tasks requiring both learning and reasoning on background knowledge often suffer from reasoning shortcuts (RSs): predictors can solve the downstream reasoning task without associating the correct concepts to the high- dimensional data. To address this issue, we introduce rsbench, a comprehensive benchmark suite designed to systematically evaluate the impact of RSs on models by providing easy access to highly customizable tasks affected by RSs. Further- more, rsbench implements common metrics for evaluating concept quality and introduces novel formal verification procedures for assessing the presence of RSs in learning tasks. Using rsbench, we highlight that obtaining high quality concepts in both purely neural and neuro-symbolic models is a far-from-solved problem. rsbench is available at: https://unitn-sml.github.io/rsbench. neuro symbolic is bool juice."
116,"With the increasing inference cost of machine learning models, there is a growing interest in models with fast and efficient inference. Recently, an approach for learning logic gate networks directly via a differentiable relaxation was proposed. Logic gate networks are faster than conventional neural network approaches be- cause their inference only requires logic gate operators such as NAND, OR, and XOR, which are the underlying building blocks of current hardware and can be efficiently executed. We build on this idea, extending it by deep logic gate tree convolutions, logical OR pooling, and residual initializations. This allows scaling logic gate networks up by over one order of magnitude and utilizing the paradigm of convolution. On CIFAR-10, we achieve an accuracy of 86.29% using only 61 million logic gates, which improves over the SOTA while being 29× smaller."
117,"Symbolic regression (SR) seeks interpretable analytical expressions that uncover the governing relationships within data, providing mechanistic insight beyond ‘black-box’ models. However, existing SR methods often suffer from two key limitations: (1) redundant representations that fail to capture mathematical equiv- alences and higher-order operand relations, breaking permutation invariance and hindering efficient learning; and (2) sparse rewards caused by incomplete incor- poration of constraints that can only be evaluated on full expressions, such as constant fitting or physical-law verification. To address these challenges, we pro- pose a unified framework, Graph-based Symbolic Regression (GSR), which compresses the search space through the permutation-invariant representations, expression graphs (EGs), that intrinsically encode expression equivalences via a term-rewriting system (TRS) and a directed acyclic graph (DAG) structure. GSR mitigates reward sparsity by employing a hybrid neural-guided Monte Carlo tree search (hnMCTS) on EGs, where constraint-informed neural guidance enables the direct incorporation of expression-level constraint priors, and an adaptive ϵ-UCB policy balances exploration and exploitation. Theoretical analyses establish the uniqueness of our proposed EG representation and the convergence of the hnMCTS algorithm. Experiments on synthetic and real-world scientific datasets demonstrate the efficiency and accuracy of GSR in discovering underlying expressions and adhering to physical laws, offering practical solutions for scientific discovery."
118,"We consider how to construct state abstractions compatible with a given set of abstract actions, to obtain a well-formed abstract Markov decision process (MDP). We show that the Bellman equation suggests that abstract states should represent distributions over states in the ground MDP; we characterize the conditions under which the resulting process is Markov and approximately model-preserving, derive an algorithm for constructing the abstract MDP, and apply it to visual chain and maze tasks. We generalize these results to the factored actions case, characterize the conditions that lead to factored abstract states, and apply the resulting algorithm to a visual grid and Montezuma’s Revenge. These results provide a principled, powerful framework for learning neurosymbolic abstract Markov decision processes."
119,"We introduce transductive program synthesis, a new formulation of the program synthesis task that explicitly leverages test inputs during synthesis. While prior approaches to program synthesis—whether based on natural language descriptions or input-output examples—typically aim to generalize from training examples, they often struggle with robustness, especially in real-world settings where train- ing examples are limited and test inputs involve various edge cases. To address this, we propose a novel framework that improves robustness by treating syn- thesis as an active learning over a finite hypothesis class defined by programs’ outputs. We use an LLM to predict outputs for selected test inputs and elimi- nate inconsistent hypotheses, where the inputs are chosen via a greedy maximin algorithm to minimize the number of LLM queries required. We evaluate our approach on four benchmarks: Playgol, MBPP+, 1D-ARC, and programmatic world modeling on MiniGrid. We demonstrate that our method significantly im- proves program synthesis in both accuracy and efficiency. We release our code at https://github.com/klee972/SYNTRA."
120,"Symbolic regression aims to discover concise, interpretable mathematical expres- sions that satisfy desired objectives, such as fitting data, posing a highly combina- torial optimization problem. While genetic programming has been the dominant approach, recent efforts have explored reinforcement learning methods for im- proving search efficiency. Monte Carlo Tree Search (MCTS), with its ability to balance exploration and exploitation through guided search, has emerged as a promising technique for symbolic expression discovery. However, its traditional bandit strategies and sequential symbol construction often limit performance. In this work, we propose an improved MCTS framework for symbolic regression that addresses these limitations through two key innovations: (1) an extreme ban- dit allocation strategy tailored for identifying globally optimal expressions, with finite-time performance guarantees under polynomial reward decay assumptions; and (2) evolution-inspired state-jumping actions such as mutation and crossover, which enable non-local transitions to promising regions of the search space. These state-jumping actions also reshape the reward landscape during the search process, improving both robustness and efficiency. We conduct a thorough numerical study to the impact of these improvements and benchmark our approach against existing symbolic regression methods on a variety of datasets, including both ground-truth and black-box datasets. Our approach achieves competitive performance with state-of-the-art libraries in terms of recovery rate, attains favorable positions on the Pareto frontier of accuracy versus model complexity. Code is available at https://github.com/PKU-CMEGroup/MCTS-4-SR."
121,"The integration of logic programs with embedding models resulted in a class of neurosymbolic frameworks that jointly learn symbolic rules and representations for the symbols in the logic (constant or predicate). The key idea that enabled this integration was the differentiable relaxation of unification, the algorithm for variable instantiation during inference in logic programs. Unlike unification, its relaxed counterpart exploits the similarity between symbols in the embedding space to decide when two symbols are semantically equivalent. We show that this similarity between symbols violates the transitive law of equivalence, leading to undesirable side effects in learning and inference. To alleviate those side effects, we are the first to revamp the well-known possible world semantics of probabilistic logic programs into new semantics called equivalence semantics. In our semantics, a probabilistic logic program induces a probability distribution over all possible equivalence relations between symbols, instead of a probability distribution over all possible subsets of probabilistic facts. We propose a factorization of the equiva- lence distribution using latent random variables and characterize its expressivity. Additionally, we propose both exact and approximate techniques for reasoning in our semantics. Experiments on well-known benchmarks show that the equiva- lence semantics leads to neurosymbolic models with up to 42% higher results than state-of-the-art baselines."
122,"Multimodal symbolic logical reasoning, which aims to deduce new facts from multimodal input via formal logic, is critical in high-stakes applications such as autonomous driving and medical diagnosis, as its rigorous, deterministic reasoning helps prevent serious consequences. To eval- uate such capabilities of current state-of-the-art vision language models (VLMs), we introduce MuSLR, the first multimodal symbolic logical reasoning grounded in formal logical rules. We curate a benchmark dataset for MuSLR comprising 1,093 instances across 7 domains, including 35 atomic symbolic logic and 976 logical combinations, with reasoning depths ranging from 2 to 9. We evaluate 7 state-of-the-art VLMs on our benchmark and find that they all struggle with multimodal symbolic reasoning, with the best model, GPT-4.1, achieving only 46.8%. Thus, we propose LogiCAM, a modular framework that applies formal logical rules to multimodal inputs, boosting GPT-4.1’s Chain-of-Thought performance by 14.13%, and delivering even larger gains on complex logics such as first-order logic. We also conduct a comprehensive error analysis, showing that around 70% of failures stem from logical misalignment between modalities, offering key insights to guide future improvements. All data and code are publicly available at https://llm-symbol.github.io/MuSLR."
123,"In human-AI interaction, effective communication relies on aligning the AI agent’s model with the human user’s mental model, a process known as model reconcilia- tion. However, existing model reconciliation approaches predominantly assume deterministic models, overlooking the fact that human knowledge is often uncertain or probabilistic. To bridge this gap, we present a probabilistic model reconciliation framework that resolves inconsistencies in MPE outcome probabilities between an agent’s and a user’s models. Our approach is built on probabilistic logic pro- gramming (PLP) using ProbLog, where explanations are generated as cost-optimal model updates that reconcile these probabilistic differences. We develop two search algorithms – a generic baseline and an optimized version. The latter is guided by theoretical insights and further extended with greedy and weighted variants to enhance scalability and efficiency. Our approach is validated through a user study on explanation types and computational experiments showing that the optimized version consistently outperforms the generic baseline."
124,"Discovering symbolic Partial Differential Equation (PDE) from data is one of the most promising directions of modern scientific discovery. Effectively constructing an expressive yet concise hypothesis space and accurately evaluating expression values, however, remain challenging due to the exponential explosion with the spatial dimension and the noise in the measurements. To address these challenges, we propose the ABL-PDE approach that employs the Abductive Learning (ABL) framework to discover symbolic PDEs. By introducing a First-Order Logic (FOL) knowledge base, ABL-PDE can represent various PDEs, significantly constraining the hypothesis space without sacrificing expressive power, while also facilitating the incorporation of problem-specific knowledge. The proposed consistency opti- mization process establishes a synergistic interaction between the knowledge base and the neural network learning module, achieving robust structure identification, accurate coefficient estimation, and enhanced stability against hyperparameter variation. Experimental results on three benchmarks across different noise levels demonstrate the effectiveness of our approach in PDE discovery."
125,"Can we build accurate world models out of large language models (LLMs)? How can world models benefit LLM agents? The gap between the prior knowledge of LLMs and the specified environment’s dynamics usually bottlenecks LLMs’ performance as world models. To bridge the gap, we propose a training-free “world alignment” that learns an environment’s symbolic knowledge complementary to LLMs. The symbolic knowledge covers action rules, knowledge graphs, and scene graphs, which are extracted by LLMs from exploration trajectories and encoded into executable codes to regulate LLM agents’ policies. We further propose an RL-free, model-based agent “WALL-E” through the model-predictive control (MPC) framework. Unlike classical MPC requiring costly optimization on the fly, we adopt an LLM agent as an efficient look-ahead optimizer of future steps’ actions by interacting with the neurosymbolic world model. While the LLM agent’s strong heuristics make it an efficient planner in MPC, the quality of its planned actions is also secured by the accurate predictions of the aligned 39th Conference on Neural Information Processing Systems (NeurIPS 2025). world model. They together considerably improve learning efficiency in a new environment. On open-world challenges in Mars (Minecraft like) and ALFWorld (embodied indoor environments), WALL-E significantly outperforms existing methods, e.g., surpassing baselines in Mars by 16.1%–51.6% of success rate and by at least 61.7% in score. In ALFWorld, it achieves a new record 98% success rate after only 4 iterations. Our code is available here."
126,"Modern language models (LMs) exhibit strong deductive reasoning capabilities, yet standard evaluations emphasize correctness while overlooking a key aspect of reasoning: efficiency. In real-world reasoning scenarios, much of the available information is irrelevant, and effective deductive inference requires identifying and ignoring such distractions. We propose a framework for assessing LM reasoning efficiency through the lens of logic programming, introducing a simple method to align proofs written in natural language—as generated by an LM—with shortest proofs found by executing the logic program. Efficiency is quantified by measuring how well a model avoids unnecessary inference. Empirically, we construct a dataset of math word problems injected with various number of irrelevant axioms that vary in semantic overlap with the goal theorem. We find that current LMs show marked accuracy declines under such conditions—even with minimal, domain- consistent distractions—and the proofs they generate frequently exhibit detours through irrelevant inferences.2"
127,"Recent advances in large language models (LLMs) have enabled the automatic generation of executable code for task planning and control in embodied agents such as robots, demonstrating the potential of LLM-based embodied intelligence. However, these LLM-based code-as-policies approaches often suffer from limited environmental grounding, particularly in dynamic or partially observable settings, leading to suboptimal task success rates due to incorrect or incomplete code generation. In this work, we propose a neuro-symbolic embodied task planning framework that incorporates explicit symbolic verification and interactive validation processes during code generation. In the validation phase, the framework generates exploratory code that actively interacts with the environment to acquire missing observations while preserving task-relevant states. This integrated process enhances the grounding of generated code, resulting in improved task reliability and success rates in complex environments. We evaluate our framework on RLBench and in real- world settings across dynamic, partially observable scenarios. Experimental results demonstrate that our framework improves task success rates by 46.2% over Code as Policies baselines and attains over 86.8% executability of task-relevant actions, thereby enhancing the reliability of task planning in dynamic environments."
128,"Many computational tasks benefit from being formulated as the composition of neu- ral networks followed by a discrete symbolic program. The goal of neurosymbolic learning is to train the neural networks using end-to-end input-output labels of the composite. We introduce CTSketch, a novel, scalable neurosymbolic learning algo- rithm. CTSketch uses two techniques to improve the scalability of neurosymbolic inference: decompose the symbolic program into sub-programs and summarize each sub-program with a sketched tensor. This strategy allows us to approximate the output distribution of the program with simple tensor operations over the input distributions and the sketches. We provide theoretical insight into the maximum approximation error. Furthermore, we evaluate CTSketch on benchmarks from the neurosymbolic learning literature, including some designed for evaluating scalabil- ity. Our results show that CTSketch pushes neurosymbolic learning to new scales that were previously unattainable, with neural predictors obtaining high accuracy on tasks with one thousand inputs, despite supervision only on the final output. 2"
129,"This paper presents a comprehensive theoretical analysis of the learnability of neuro-symbolic (NeSy) tasks within hybrid systems. We characterize the learn- ability of NeSy tasks by their derived constraint satisfaction problems (DCSPs), demonstrating that a task is learnable if and only if its corresponding DCSP admits a unique solution. Under mild assumptions, we establish the sample complexity for learnable tasks and show that, for general tasks, the asymptotic expected con- cept error is controlled by the degree of disagreement among DCSP solutions. Our findings unify the characterization of learnability and the phenomenon of rea- soning shortcuts, providing theoretical guarantees and actionable guidance for the principled design of NeSy systems."
130,"Entity alignment (EA) aims to merge two knowledge graphs (KGs) by identify- ing equivalent entity pairs. Existing methods can be categorized into symbolic and neural models. Symbolic models, while precise, struggle with substructure heterogeneity and sparsity, whereas neural models, although effective, generally lack interpretability and cannot handle uncertainty. We propose NeuSymEA, a unified neuro-symbolic reasoning framework that combines the strengths of both methods to fully exploit the cross-KG structural pattern for robust entity align- ment. NeuSymEA models the joint probability of all possible pairs’ truth scores in a Markov random field, regulated by a set of rules, and optimizes it with the variational EM algorithm. In the E-step, a neural model parameterizes the truth score distributions and infers missing alignments. In the M-step, the rule weights are updated based on the observed and inferred alignments, handling uncertainty. We introduce an efficient symbolic inference engine driven by logic deduction, enabling reasoning with extended rule lengths. NeuSymEA achieves a significant 7.6% hit@1 improvement on DBP15KZH-EN compared with strong baselines and demonstrates robustness in low-resource settings, achieving 73.7% hit@1 accuracy on DBP15KFR-EN with only 1% pairs as seed alignments. Codes are released at https://github.com/chensyCN/NeuSymEA-NeurIPS25."
131,"Modern neural networks exhibit state-of-the-art performance on many existing benchmarks, but their high computational requirements and energy usage cause researchers to explore more efficient solutions for real-world deployment. Differ- entiable logic gate networks (DLGNs) learns a large network of logic gates for efficient image classification. However, learning a network that can solve simple problems like CIFAR-10 or CIFAR-100 can take days to weeks to train. Even then, almost half of the neurons remains unused, causing a discretization gap. This discretization gap hinders real-world deployment of DLGNs, as the performance drop between training and inference negatively impacts accuracy. We inject Gum- bel noise with a straight-through estimator during training to significantly speed up training, improve neuron utilization, and decrease the discretization gap. We theoretically show that this results from implicit Hessian regularization, which improves the convergence properties of DLGNs. We train networks 4.5× faster in wall-clock time, reduce the discretization gap by 98%, and reduce the number of unused gates by 100%. ∗ Equal contribution."
132,"Neurosymbolic (NeSy) predictors combine neural perception with symbolic reasoning to solve tasks like visual reasoning. However, standard NeSy predictors assume conditional independence between the symbols they extract, thus limiting their ability to model interactions and uncertainty — often leading to overconfident predictions and poor out-of-distribution generalisation. To overcome the limitations of the independence assumption, we introduce neurosymbolic diffusion models (N E S Y DM S), a new class of NeSy predictors that use discrete diffusion to model dependencies between symbols. Our approach reuses the independence assumption from NeSy predictors at each step of the diffusion process, enabling scalable learn- ing while capturing symbol dependencies and uncertainty quantification. Across both synthetic and real-world benchmarks — including high-dimensional visual path planning and rule-based autonomous driving — N E S Y DM S achieve state-of- the-art accuracy among NeSy predictors and demonstrate strong calibration."
133,"Large language models (LLMs) excel at zero-shot inference but continue to strug- gle with complex, multi-step reasoning. Recent methods that augment LLMs with intermediate reasoning steps such as Chain of Thought (CoT) and Program of Thought (PoT) improve performance but often produce undesirable solutions, especially in algorithmic domains. We introduce Per-Instance Program Synthe- sis (PIPS), a method that generates and refines programs at the instance-level using structural feedback without relying on task-specific guidance or explicit test cases. To further improve performance, PIPS incorporates a confidence metric that dynamically chooses between direct inference and program synthesis on a per-instance basis. Experiments across three frontier LLMs and 30 benchmarks including all tasks of Big Bench Extra Hard (BBEH), visual question answering tasks, relational reasoning tasks, and mathematical reasoning tasks show that PIPS improves the absolute harmonic mean accuracy by up to 8.6% and 9.4% compared to PoT and CoT respectively, and reduces undesirable program generations by 65.1% on the algorithmic tasks compared to PoT with Gemini-2.0-Flash. 2"
134,"We study one of the most popular problems in neurosymbolic learning (NSL), that of learning neural classifiers given only the result of applying a symbolic component σ to the gold labels of the elements of a vector x. The gold labels of the elements in x are unknown to the learner. We make multiple contributions, theoretical and practical, to address a problem that has not been studied so far in this context, that of characterizing and mitigating learning imbalances, i.e., major differences in the errors that occur when classifying instances of different classes (aka class-specific risks). Our theoretical reveals a unique phenomenon: that σ can greatly impact learning imbalances. This result sharply contrasts with previous research on supervised and weakly supervised learning, which only studies learning imbalances under data imbalances. On the practical side, we introduce a technique for estimating the marginal of the hidden gold labels using weakly supervised data. Then, we introduce algorithms that mitigate imbalances at training and testing time by treating the marginal of the hidden labels as a constraint. We demonstrate the effectiveness of our techniques using strong baselines from NSL and long-tailed learning, suggesting performance improvements of up to 14%."
135,"Neurosymbolic AI is growing in popularity thanks to its ability to combine neural perception and symbolic reasoning in end-to-end trainable models. However, recent findings reveal these are prone to shortcut reasoning, i.e., to learning unindented concepts–or neural predicates–which exploit spurious correlations to satisfy the symbolic constraints. In this paper, we address reasoning shortcuts at their root cause and we introduce Prototypical Neurosymbolic architectures. These models are able to satisfy the symbolic constraints (be right) because they have learnt the correct basic concepts (for the right reasons) and not because of spurious correla- tions, even in extremely low data regimes. Leveraging the theory of prototypical learning, we demonstrate that we can effectively avoid reasoning shortcuts by train- ing the models to satisfy the background knowledge while taking into account the similarity of the input with respect to the handful of labelled datapoints. We exten- sively validate our approach on the recently proposed rsbench benchmark suite in a variety of settings and tasks with very scarce supervision: we show significant im- provements in learning the right concepts both in synthetic tasks (MNIST-EvenOdd and Kand-Logic) and real-world, high-stake ones (BDD-OIA). Our findings pave the way to prototype grounding as an effective, annotation-efficient strategy for safe and reliable neurosymbolic learning. 1"
136,"Concept-based Models are neural networks that learn a concept extractor to map inputs to high-level concepts and an inference layer to translate these into predic- tions. Ensuring these modules produce interpretable concepts and behave reliably in out-of-distribution is crucial, yet the conditions for achieving this remain unclear. We study this problem by establishing a novel connection between Concept-based Models and reasoning shortcuts (RSs), a common issue where models achieve high accuracy by learning low-quality concepts, even when the inference layer is fixed and provided upfront. Specifically, we extend RSs to the more complex setting of Concept-based Models and derive theoretical conditions for identifying both the concepts and the inference layer. Our empirical results highlight the impact of RSs and show that existing methods, even combined with multiple natural mitigation strategies, often fail to meet these conditions in practice."
137,"Abductive Learning (ABL) integrates machine learning with logical reasoning in a loop: a learning model predicts symbolic concept labels from raw inputs, which are revised through abduction using domain knowledge and then fed back for retraining. Due to the nondeterminism of abduction, the training process often suffers from instability, especially when the knowledge base is large and complex, resulting in a prohibitively large abduction space. While prior works focus on improving candidate selection within this space, they typically treat the knowl- edge base as a static black box. In this work, we propose Curriculum Abductive Learning (C-ABL), a method that explicitly leverages the internal structure of the knowledge base to address the ABL training challenges. C-ABL partitions the knowledge base into a sequence of sub-bases, progressively introduced during training. This reduces the abduction space throughout training and enables the model to incorporate logic in a stepwise, smooth way. Experiments across multiple tasks show that C-ABL outperforms previous ABL implementations, significantly improves training stability, convergence speed, and final accuracy, especially under complex knowledge setting."
138,"We address the challenge of adopting language models (LMs) for embodied tasks in dynamic environments, where online access to large-scale inference engines or symbolic planners is constrained due to latency, connectivity, and resource limita- tions. To this end, we present N E S Y P R, a novel embodied reasoning framework that compiles knowledge via neurosymbolic proceduralization, thereby equipping LM-based agents with structured, adaptive, and timely reasoning capabilities. In N E S Y P R, task-specific plans are first explicitly generated by a symbolic tool lever- aging its declarative knowledge. These plans are then transformed into composable procedural representations that encode the plans’ implicit production rules, en- abling the resulting composed procedures to be seamlessly integrated into the LM’s inference process. This neurosymbolic proceduralization abstracts and generalizes multi-step symbolic structured path-finding and reasoning into single-step LM inference, akin to human knowledge compilation. It supports efficient test-time inference without relying on external symbolic guidance, making it well suited for deployment in latency-sensitive and resource-constrained physical systems. We evaluate N E S Y P R on the embodied benchmarks PDDLGym, VirtualHome, and ALFWorld, demonstrating its efficient reasoning capabilities over large-scale reasoning models and a symbolic planner, while using more compact LMs."
139,"approach should be equally applicable to other existing se- mantics that have been proposed. Epistemic logic programs (ELPs) are a popular generalization Evaluating ELPs is a computationally hard task. The of standard Answer Set Programming (ASP) providing means for reasoning over answer sets within the language. This central decision problem, checking whether an ELP has richer formalism comes at the price of higher computational a world view, is ΣP 3 -complete, and problems even higher complexity reaching up to the fourth level of the polynomial on the polynomial hierarchy exist (Shen and Eiter 2016; hierarchy. However, in contrast to standard ASP, dedicated Morak 2019). In order to deal with this high complexity investigations towards tractability have not been undertaken efﬁciently, we propose to use a method from the ﬁeld of yet. In this paper, we give ﬁrst results in this direction and parameterized complexity, namely, investigate how the run- show that central ELP problems can be solved in linear time time behaves when looking at different structural parame- for ELPs exhibiting structural properties in terms of bounded ters of the problem. For standard ASP, this topic has re- treewidth. We also provide a full dynamic programming al- ceived considerable interest, (Lonc and Truszczynski 2003; gorithm that adheres to these bounds. Finally, we show that Gottlob, Pichler, and Wei 2010; Fichte and Szeider 2015; applying treewidth to a novel dependency structure—given in terms of epistemic literals—allows to bound the number of Bliem, Ordyniak, and Woltran 2016; Fichte, Kronegger, ASP solver calls in typical ELP solving procedures. and Woltran 2019; Fichte and Hecher 2019). However, the parameterized complexity of epistemic ASP has remained largely unexplored so far. From the ASP case, we see strong"
140," The Thirty-Fourth AAAI Conference on Artiﬁcial Intelligence (AAAI-20) FastLAS: Scalable Inductive Logic Programming Incorporating Domain-Speciﬁc Optimisation Criteria Mark Law Alessandra Russo Elisa Bertino Imperial College London, UK Imperial College London, UK Purdue University, USA mark.law09@imperial.ac.uk a.russo@imperial.ac.uk bertino@purdue.edu Krysia Broda Jorge Lobo Imperial College London, UK ICREA - Universitat Pompeu Fabra k.broda@imperial.ac.uk jorge.lobo@upf.edu Abstract more conservative policy. Equally, for access control where the need for resources is time critical, wrongly denying ac- Inductive Logic Programming (ILP) systems aim to ﬁnd a set cess could be more dangerous than wrongly allowing access. of logical rules, called a hypothesis, that explain a set of ex- amples. In cases where many such hypotheses exist, ILP sys- When learning such policies, and choosing between alterna- tems often bias towards shorter solutions, leading to highly tive hypotheses, it would be useful to specify whether the general rules being learned. In some application domains like search should be biased towards more or less general hy- security and access control policies, this bias may not be de- potheses. sirable, as when data is sparse more speciﬁc rules that guaran- In this paper, we introduce a new ILP system, called Fast- tee tighter security should be preferred. This paper presents a LAS, for learning Answer Set Programs (ASP) (Gelfond and new general notion of a scoring function over hypotheses that Lifschitz 1988; Brewka, Eiter, and Truszczyński 2011), tar- allows a user to express domain-speciﬁc optimisation criteria. geted at solving a restricted version of the context-dependent This is incorporated into a new ILP system, called FastLAS, learning from answer "
141," The Thirty-Fourth AAAI Conference on Artiﬁcial Intelligence (AAAI-20) Resilient Logic Programs: Answer Set Programs Challenged by Ontologies Sanja Lukumbuzya, Magdalena Ortiz, Mantas Šimkus Institute of Logic and Computation, TU Wien, Austria {lukumbuzya, ortiz}@kr.tuwien.ac.at, simkus@dbai.tuwien.ac.at Abstract and Hitzler 2011). Such hybrid languages can be divided into two classes: the world-centric and the entailment- We introduce resilient logic programs (RLPs) that couple a non-monotonic logic program and a ﬁrst-order (FO) theory or centric approaches. The languages in (Rosati 2005; 2006; description logic (DL) ontology. Unlike previous hybrid lan- Bajraktari, Ortiz, and Šimkus 2018) are world-centric be- guages, where the interaction between the program and the cause an intended structure (i.e., an answer set) of a HKB is theory is limited to consistency or query entailment tests, in a single ﬁrst-oder structure that is “acceptable” both to the RLPs answer sets must be ‘resilient’ to the models of the the- rule and to the DL component of that HKB. Intuitively, in ory, allowing non-output predicates of the program to respond such HKBs the rules base their inferences on a given model differently to different models. RLPs can elegantly express of the DL component, rather than accessing the knowledge ∃∀∃-QBFs, disjunctive ASP, and conﬁguration problems un- that is entailed. In other words, this means that inferences via der incompleteness of information. RLPs are decidable when rules must only be consistent with the DL component, which a couple of natural assumptions are made: (i) satisﬁability of FO theories in the presence of closed predicates is decid- is a rather weak way of using the knowledge stored there. able, and (ii) rules are safe in the style of the we"
142,"However, no approach has been shown to work on Most program induction approaches require predeﬁned, often many (>10,000) tasks. Moreover, most approaches strug- hand-engineered, background knowledge (BK). To overcome gle even on few tasks (Quinlan 1990; Ferri, Hernández- this limitation, we explore methods to automatically acquire Orallo, and Ramı́rez-Quintana 2001). By contrast, humans BK through multi-task learning. In this approach, a learner easily learn thousands of diverse concepts. If we want to adds learned programs to its BK so that they can be reused to develop human-like AI systems that support lifelong learn- help learn other programs. To improve learning performance, ing – a grand challenge in AI (Silver, Yang, and Li 2013; we explore the idea of forgetting, where a learner can addition- Lake et al. 2017) – then we need to overcome this limitation. ally remove programs from its BK. We consider forgetting in We think the key limitation with existing approaches is that an inductive logic programming (ILP) setting. We show that they save all learned programs to the BK, which is a prob- forgetting can signiﬁcantly reduce both the size of the hypoth- esis space and the sample complexity of an ILP learner. We lem because too much irrelevant BK is detrimental to learn- introduce Forgetgol, a multi-task ILP learner which supports ing performance (Srinivasan, Muggleton, and King 1995; forgetting. We experimentally compare Forgetgol against ap- Srinivasan, King, and Bain 2003). The Blumer bound proaches that either remember or forget everything. Our exper- (Blumer et al. 1987)1 helps explain this problem. This bound imental results show that Forgetgol outperforms the alternative states that given two hypothesis spaces, searching the smaller approaches when learning from over 10,000 tasks. space will result in fewer errors compared to the larger space, assuming that the target hypothesis is in both spaces. Here"
143," The Thirty-Fourth AAAI Conference on Artiﬁcial Intelligence (AAAI-20) Differentiable Reasoning on Large Knowledge Bases and Natural Language Pasquale Minervini,∗†1 Matko Bošnjak,∗‡1 Tim Rocktäschel,1,2 Sebastian Riedel,1,2 Edward Grefenstette1,2 1 UCL Centre for Artiﬁcial Intelligence, University College London 2 Facebook AI Research {p.minervini, m.bosnjak, t.rocktaschel, s.riedel, e.grefenstette}@cs.ucl.ac.uk Abstract standard deductive reasoners (Huang, van Harmelen, and ten Teije 2005). Reasoning with knowledge expressed in natural language and Knowledge Bases (KBs) is a major challenge for Artiﬁcial In- A rich and broad literature in MR has approached this telligence, with applications in machine reading, dialogue, and problem within a variety of frameworks, including Natu- question answering. General neural architectures that jointly ral Logic (MacCartney and Manning 2007), Semantic Pars- learn representations and transformations of text are very data- ing (Bos 2008), Natural Language Inference and Recognising inefﬁcient, and it is hard to analyse their reasoning process. Textual Entailment (Fyodorov, Winter, and Francez 2000; These issues are addressed by end-to-end differentiable reason- Bowman et al. 2015), and Question Answering (Hermann et ing systems such as Neural Theorem Provers (NTPs), although al. 2015). Nonetheless, such methods suffer from several lim- they can only be used with small-scale symbolic KBs. In this itations. They rely on signiﬁcant amounts of annotated data paper we ﬁrst propose Greedy NTPs (GNTPs), an extension to to suitably approximate the implicit distribution from which NTPs addressing their complexity and scalability limitations, thus making them applicable to real-world datasets. This re- the data is drawn. In practice, this mak"
144," The Thirty-Fourth AAAI Conference on Artiﬁcial Intelligence (AAAI-20) Just Add Functions: A Neural-Symbolic Language Model David Demeter Doug Downey Northwestern University Allen Institute for Artiﬁcial Intelligence Evanston, IL, USA Seattle, WA, USA ddemeter@u.northwestern.edu dougd@allenai.org Abstract tain spatial, temporal, or quantitative relationships, that are commonplace in text and are second-nature for human read- Neural network language models (NNLMs) have achieved ers. Consider the following examples in which a language ever-improving accuracy due to more sophisticated archi- tectures and increasing amounts of training data. However, model is asked to predict the ﬁnal word shown in square the inductive bias of these models (formed by the distribu- brackets: tional hypothesis of language), while ideally suited to mod- William the Conqueror won the Battle of Hastings in eling most running text, results in key limitations for today’s models. In particular, the models often struggle to learn cer- 1066, and died in [1087] tain spatial, temporal, or quantitative relationships, which are Exciting European cities are Paris, Rome and [London] commonplace in text and are second-nature for human read- ers. Yet, in many cases, these relationships can be encoded Based on the context, a human reader can predict that the with simple mathematical or logical expressions. How can target word in the ﬁrst case will likely be a four-digit number we augment today’s neural models with such encodings? that is at least as large as (but not much larger than) 1066. In this paper, we propose a general methodology to en- Likewise, the target word in the second case will be a city hance the inductive bias of NNLMs by incorporating sim- that is geographically close to the other locations"
145,"van Bremen, Dries, and Jung 2019), where determining the relevant grounding explores a large search space, but only State-of-the-art inference approaches in probabilistic logic small parts of this space contribute to the formulas. programming typically start by computing the relevant ground program with respect to the queries of interest, and We address this bottleneck, building upon the Tc P oper- then use this program for probabilistic inference using knowl- ator (Vlasselaer et al. 2015), which integrates formula con- edge compilation and weighted model counting. We propose struction into forward reasoning for ground programs and an alternative approach that uses efﬁcient Datalog techniques is state-of-the-art for highly cyclic PLP programs. Our key to integrate knowledge compilation with forward reasoning contribution is a program transformation approach that al- with a non-ground program. This effectively eliminates the grounding bottleneck that so far has prohibited the applica- lows us to implement forward inference using an efﬁcient tion of probabilistic logic programming in query answering Datalog engine that directly operates on non-ground functor- scenarios over knowledge graphs, while also providing fast free programs. We focus on programs without negation for approximations on classical benchmarks in the ﬁeld. simplicity, though the Tc P operator has been studied for general probabilistic logic programs (Bogaerts and Van den Broeck 2015; Riguzzi 2016) as well; the extension to strat-"
146," The Thirty-Fifth AAAI Conference on Artificial Intelligence (AAAI-21) Conversational Neuro-Symbolic Commonsense Reasoning Forough Arabshahi1 * , Jennifer Lee1 , Mikayla Gawarecki2 Kathryn Mazaitis2 , Amos Azaria3 , Tom Mitchell2 1 Facebook, 2 Carnegie Mellon University, 3 Ariel University {forough, jenniferlee98}@fb.com, {mgawarec, krivard}@cs.cmu.edu, amos.azaria@ariel.ac.il, tom.mitchell@cs.cmu.edu Abstract A study, in which we collected such if(state)-then(action) commands from human subjects, revealed that humans often In order for conversational AI systems to hold more natural and broad-ranging conversations, they will require much more under-specify conditions in their statements; perhaps because commonsense, including the ability to identify unstated pre- they are used to speaking with other humans who possess the sumptions of their conversational partners. For example, in common sense needed to infer their more specific intent by the command “If it snows at night then wake me up early making presumptions about their statement. because I don’t want to be late for work” the speaker relies on The inability to make these presumptions makes it chal- commonsense reasoning of the listener to infer the implicit pre- lenging for computers to engage in natural sounding conver- sumption that they wish to be woken only if it snows enough sations with humans. While conversational AI systems such to cause traffic slowdowns. We consider here the problem of understanding such imprecisely stated natural language com- as Siri, Alexa, and others are entering our daily lives, their mands given in the form of if-(state), then-(action), because- conversations with us humans remains limited to a set of pre- (goal) statements. More precisely, we consider the problem programmed tasks. "
147,"Kai knew that things were getting out of control and managed to Understanding narratives requires reasoning about implicit keep his temper in check world knowledge related to the causes, effects, and states of situations described in text. At the core of this challenge is how to access contextually relevant knowledge on demand Link to static KG Generate dynamic and reason over it. graph with COMET In this paper, we present initial studies toward zero-shot com- monsense question answering by formulating the task as in- bad ference over dynamically generated commonsense knowledge no links linking graphs. In contrast to previous studies for knowledge integra- tion that rely on retrieval of existing knowledge from static knowledge graphs, our study requires commonsense knowl- edge integration where contextually relevant knowledge is X keeps ___ X keeps X's under control ___ in check often not present in existing knowledge bases. Therefore, we Kai stays present a novel approach that generates contextually-relevant X keeps X’s Kai wants to calm symbolic knowledge structures on demand using generative temper avoid trouble neural commonsense knowledge models. X sweats X wants to Kai intends Kai is viewed Empirical results on two datasets demonstrate the efficacy of show strength to be calm as cautious our neuro-symbolic approach for dynamically constructing context-free knowledge graphs for reasoning. Our approach achieves signif- X avoids a fight knowledge contextual knowledge icant performance boosts over pretrained language models and vanilla knowledge models, all while providing interpretable reasoning paths for its predictions. Figure 1: Previous approaches for accessing knowledge link situational contexts to static knowledge graphs. Our work"
148," The Thirty-Fifth AAAI Conference on Artificial Intelligence (AAAI-21) Self-Supervised Self-Supervision by Combining Deep Learning and Probabilistic Logic Hunter Lang,1* Hoifung Poon 2 MIT 1 Microsoft Research 2 hjl@mit.edu, hoifung@microsoft.com Abstract labels as latent variables, and incorporates prior beliefs over Labeling training examples at scale is a perennial challenge labels and their dependencies as virtual evidence in a graph- in machine learning. Self-supervision methods compensate ical model. The marginal beliefs over the latent variables are for the lack of direct supervision by leveraging prior knowl- used as probabilistic labels to train a deep neural network for edge to automatically generate noisy labeled examples. Deep the end prediction task. The trained neural network in turn probabilistic logic (DPL) is a unifying framework for self- provides belief updates to refine the graphical model param- supervised learning that represents unknown labels as la- eters, and the process continues, using variational EM. tent variables and incorporates diverse self-supervision us- Wang and Poon (2018) show that DPL can effectively ing probabilistic logic to train a deep neural network end-to- combine diverse sources of self-supervision in a coherent end using variational EM. While DPL is successful at com- probabilistic framework and subsume supervised and semi- bining pre-specified self-supervision, manually crafting self- supervision to attain high accuracy may still be tedious and supervised learning as special cases. While promising, DPL challenging. In this paper, we propose Self-Supervised Self- and related approaches still require human experts to manu- Supervision (S4), which adds to DPL the capability to learn ally specify self-supervision. This is parti"
149,"weights. In a nutshell, our approach is realized in an inte- grated framework, Semantic Stream Reasoning (SSR), that Driven by deep neural networks (DNN), the recent development (a) can emulate common computer vision algorithms fusing of computer vision makes vision sensors such as stereo cameras and Lidars ubiquitous in autonomous cars, robotics and traffic multiple deep learning models via imperative programming; monitoring. However, a traditional DNN-based data fusion (b) allows one to translate heuristics, multiple hypotheses pipeline like object tracking has to hard-wire an engineered (Kim et al. 2015; Rezatofighi et al. 2015) and domain-specific set of DNN models to a fixed processing logic, which makes it observations (Ciaparrone et al. 2019) into rules; and (c) can difficult to infuse new models to that pipeline. To overcome fit rules with/learn them from labeled data as weight rules this, we propose a novel neural-symbolic stream reasoning ap- (clustering to if-then-else or classification logics with DNN proach realised by semantic stream reasoning programs which models). specify DNN-based data fusion pipelines via logic rules with learnable probabilistic degrees as weights. The reasoning task Contributions and Novelty over this program is governed by a novel incremental reasoning algorithm, which lends itself also as a core building block for The novelty and advance of our approach consists in the a scalable and parallel algorithm to learn the weights for such interwoven combination of the following key contributions. program. Extensive experiments with our first prototype on multi-object tracking benchmarks for autonomous driving and traffic monitoring show that our flexible approach can con- Integrated framework The first contribution of the paper siderably improve both accuracy and processing throughput is a general integrated framework for semantic stream fusion compared to the DNN-based counterparts. and reasoning on top that supports automated learning. The framework is realized with a sophisticated prototype imple- mentation. A first benefit of having these capabilities in one"
150," The Thirty-Fifth AAAI Conference on Artificial Intelligence (AAAI-21) Differentiable Inductive Logic Programming for Structured Examples Hikaru Shindo1 , Masaaki Nishino2 , Akihiro Yamamoto1 1 Kyoto University 2 NTT Communication Science Laboratories, NTT Corporation shindo@iip.ist.i.kyoto-u.ac.jp, masaaki.nishino.uh@hco.ntt.co.jp, akihiro@i.kyoto-u.ac.jp Abstract existing approaches involve the learning of continuous pa- rameters, not discrete structures. Structure learning (Kok The differentiable implementation of logic yields a seam- and Domingos 2005), in which logical expressions are ob- less combination of symbolic reasoning and deep neural net- tained explicitly, presents a challenge to neuro-symbolic ap- works. Recent research, which has developed a differentiable framework to learn logic programs from examples, can even proaches (De Raedt et al. 2020). acquire reasonable solutions from noisy datasets. However, Evans and Grefenstette proposed (Evans and Grefenstette this framework severely limits expressions for solutions, e.g., 2018) Differentiable Inductive Logic Programming (∂ILP), no function symbols are allowed, and the shapes of clauses which is a framework for learning logic programs from are fixed. As a result, the framework cannot deal with struc- given examples in a differentiable manner. Inductive Logic tured examples. Therefore we propose a new framework to Programming (ILP) (Muggleton 1991) is a sound formal- learn logic programs from noisy and structured examples, ization for finding theories from given examples using first- including the following contributions. First, we propose an adaptive clause search method by looking through structured order logic as its language (Nienhuys-Cheng et al. 1997). space, which is defined by the generality of the"
151," The Thirty-Fifth AAAI Conference on Artificial Intelligence (AAAI-21) Neural-Symbolic Integration: A Compositional Perspective Efthymia Tsamoura1 , Timothy Hospedales1 , Loizos Michael2,3 1 Samsung AI Research 2 Open University of Cyprus 3 CYENS Center of Excellence efi.tsamoura@samsung.com, t.hospedales@samsung.com, loizos@ouc.ac.cy Abstract constraints or other constructs), which is far from straight- forward since logical inference cannot be, in general, cap- Despite significant progress in the development of neural- symbolic frameworks, the question of how to integrate a neu- tured via a differentiable function. ral and a symbolic system in a compositional manner remains To accommodate the integration of neural modules with open. Our work seeks to fill this gap by treating these two logical theories, the majority of neural-symbolic frame- systems as black boxes to be integrated as modules into a sin- works restrict the type of the theories (e.g., to non-recursive gle architecture, without making assumptions on their inter- or acyclic propositional ones), and they either translate them nal structure and semantics. Instead, we expect only that each into neural networks (d’Avila Garcez, Broda, and Gabbay module exposes certain methods for accessing the functions 2002; Hölldobler, Störr, and Kalinke 1999; Towell and Shav- that the module implements: the symbolic module exposes lik 1994), or they replace logical computations by differen- a deduction method for computing the function’s output on a tiable functions (Bošnjak et al. 2017; Gaunt et al. 2017). A given input, and an abduction method for computing the func- tion’s inputs for a given output; the neural module exposes a second line of work abandons the use of classical logic al- deduction method for computing "
152,"These aspects include heterogeneous resources, where only a subset of all units may be assigned to a job for each resource, The Test Laboratory Scheduling Problem (TLSP) and its sub- problem TLSP-S are real-world industrial scheduling prob- linked jobs, which must be performed by the same employees, lems that are extensions of the Resource-Constrained Project and non-standard objectives. Scheduling Problem (RCPSP). Besides several additional con- Solution methods that have been applied to TLSP-S in- straints, TLSP includes a grouping phase where the jobs to clude Simulated Annealing (Mischek and Musliu 2019), Con- be scheduled have to be assembled from smaller tasks and straint Programming (CP) (Geibinger, Mischek, and Mus- derive their properties from this grouping. For TLSP-S such a liu 2019b), and a hybrid Very Large Neighborhood Search grouping is already part of the input. (VLNS) based on the CP model (Geibinger, Mischek, and In this work, we show how TLSP-S can be solved by Answer- Musliu 2019a). Although these approaches provide good so- set Programming extended with ideas from other constraint lutions for existing benchmark instances, for many instances solving paradigms. We propose a novel and efficient encoding the optimal solutions are still not known. and apply an answer-set solver for constraint logic programs In this paper, we investigate Constraint Answer-set Pro- called clingcon. Additionally, we utilize our encoding in a gramming (CASP) for solving TLSP-S. We introduce and Very Large Neighborhood Search framework and compare our methods with the state of the art approaches. Our approach describe a new CASP model for the problem and investi- provides new upper bounds and optimality proofs for several gate/evaluate different formulations for the resource overlap existing benchmark instances in the literature. constraint. Additionally, we incorporate this CASP model into a robust framework that is based on Very Large Neigh- borhood Search."
153,"Humans constantly restructure knowledge to use it more effi- ciently. Our goal is to give a machine learning system similar abilities so that it can learn more efficiently. We introduce the knowledge refactoring problem, where the goal is to re- structure a learner’s knowledge base to reduce its size and to minimise redundancy in it. We focus on inductive logic programming, where the knowledge base is a logic program. We introduce Knorf, a system which solves the refactoring Figure 1: Complex Lego arcades (top, built with only two problem using constraint optimisation. A key feature of Knorf distinct Lego bricks: and ) become easier to build is that, rather than simply removing knowledge, it also intro- after new, useful types of bricks are introduced (bottom). The duces new knowledge through predicate invention. We evalu- complexity is measured as the number of pieces needed for ate our approach on two domains: building Lego structures and the construction. real-world string transformations. Our experiments show that learning from refactored knowledge can improve predictive accuracies fourfold and reduce learning times by half. abstractions, we can make the structures, and potentially future structures, easier and faster to build."
154,"cally use a set covering algorithm (Muggleton 1995; Srini- vasan 2001; Ahlgren and Yuen 2013). By relying heavily on Two fundamental challenges in program synthesis, i.e. learn- having been provided good examples, these systems tend to ing programs from specifications, are (1) program correct- ness and (2) search efficiency. We claim logical constraints be quite efficient. This comes at the cost of learning overly can address both: (1) by expressing strong requirements on specific solutions and struggling to learn recursive programs solutions and (2) due to being effective at eliminating non- (Cropper, Dumancic, and Muggleton 2020). solutions. When learning from examples, a hypothesis fail- Recently, encoding the ILP problem as a satisfiability ing on an example means that (a class of) related programs problem has become popular (Law, Russo, and Broda 2014; fail as well. We encode these classes into constraints, thereby Kaminski, Eiter, and Inoue 2018; Evans and Grefenstette pruning away many a failing hypothesis. We are expanding 2018). Typically, it is possible for these systems to learn op- this method with failure explanation: identify failing sub- timal and recursive programs. Their performance hinges on programs the related programs of which can be eliminated as the effectiveness of conflict-driven clause learning in mod- well. In addition to reasoning about examples, programming ern SAT solvers. However, these systems tend to scale badly, involves ensuring general properties are not violated. Inspired by the synthesis of functional programs, we intend to encode especially in terms of the size of the examples’ domain. correctness properties as well as runtime complexity bounds into constraints. Learning from Failures In this past year, myself and Andrew Cropper have worked on introducing the learning from failures (LFF) approach to"
155,") Gunjan Singh,1 Sutapa Mondal,1 Sumit Bhatia,2 Raghava Mutharaju1 1 Knowledgeable Computing and Reasoning (KRaCR) Lab, IIIT-Delhi, India, 2 IBM Research AI, New Delhi, India {gunjans, sutapa18056, raghava.mutharaju}@iiitd.ac.in, sumitbhatia@in.ibm.com Abstract Embedding Model for EL++ Description Logic We propose an ontology embedding model (EmEL++ ) as a With the goal to find scalable reasoning approaches, neuro- non-traditional way of performing reasoning tasks. In our symbolic techniques have gained significant attention. How- ever, the existing approaches do not take into account the first step towards ontology embedding we looked at OWL inference capabilities of ontology languages that are based 2 EL profiles which have lot of applications in biomedi- on expressive description logic (such as OWL 2). To fill this cal domain. Our proposed approach is similar to embedding gap, we propose two approaches: an ontology-based embed- model (ElEm) by Kulmanov et al. (2019). Although, Kul- ding model for theories in EL++ description logic and a rein- manov et al. (2019) focused on a link prediction task for forcement learning-based solution for efficient tableau-based protein interaction network, our work is more challenging reasoning on description logic. We describe promising initial as it addresses the ontology which deals with more complex results of our efforts towards these directions and lay down relations compared to KGs. In EL++ , every reasoning task the direction for future work. can be reduced to subsumption task (Baader, Brandt, and Lutz 2005). Thus, in this work, we evaluate the performance of embeddings on a subsumption reasoning task. Further, an"
156," The Thirty-Fifth AAAI Conference on Artificial Intelligence (AAAI-21) IBM Scenario Planning Advisor: A Neuro-Symbolic ERM Solution Mark Feblowitz, Oktie Hassanzadeh, Michael Katz, Shirin Sohrabi, Kavitha Srinivas, Octavian Udrea IBM Research {mfeb, hassanzadeh, ssohrab, udrea}@us.ibm.com, {michael.katz1, kavitha.srinivas}@ibm.com Abstract dimensions that we want to assign to our forces. When man- ually executed, scenario planning can only focus on small Scenario Planning is a commonly used Enterprise Risk Man- models (at most tens of forces and relations) and results in agement (ERM) technique to help decision makers with long- term plans by considering multiple alternative futures. It is few and relatively compact scenarios. typically a manual, highly labor intensive process involving dozens of experts and hundreds to thousands of person-hours. Scenario Planning Advisor We previously introduced a Scenario Planning Advisor pro- In 2016-2017, in collaboration with the IBM Chief Risk Of- totype (Sohrabi et al. 2018a,b) that focuses on generating ficer’s program for managing emerging risk, we deployed a scenarios quickly based on expert-developed models. We research prototype internally focused on creating scenarios present the evolution of that prototype into a full-scale, cloud- at scale, assuming risk forces models were already provided deployed ERM solution that: (i) can automatically (through NLP) create models from authoritative documents such as by experts in the form of mindmaps (Sohrabi et al. 2018a,b). books, reports and articles, such that what typically took hun- While this greatly reduced the effort involved in generating dreds to thousands of person-hours can now be achieved in scenarios, the effort in creating models remained, estimated minutes to hours; (i"
157,"intensional sets as first-class citizens into Quantified Equi- librium Logic (Pearce and Valverde 2005) with partial func- The paper presents a characterization of logic programs with tions (Cabalar 2011) and provide a formalisation of aggre- aggregates based on a many-sorted generalization of opera- gates that directly corresponds to the idea that aggregates are tor SM that refers neither to grounding nor to fixpoints. This characterization introduces new function symbols for aggre- functions that apply to sets. This approach is truly general: it gate operations and aggregate elements, whose meaning can covers arbitrary aggregates including nested ones. The price be fixed by adding appropriate axioms to the result of the SM for the generality of this formalism is complexity. transformation. We prove that for programs without positive Similar to the work by Cabalar et al. (2018), our approach recursion through aggregates our semantics coincides with provides a direct formalisation of the idea that aggregates the semantics of the answer set solver clingo. are functions that apply to sets, but it aims to exclusively use the language of classical logic (instead of adding inten-"
158," The Thirty-Sixth AAAI Conference on Artificial Intelligence (AAAI-22) Weakly Supervised Neural Symbolic Learning for Cognitive Tasks Jidong Tian1, 2 , Yitian Li1, 2 , Wenqing Chen1, 2 , Liqiang Xiao1, 2 , Hao He * 1, 2 , Yaohui Jin1, 2 1 MoE Key Lab of Artificial Intelligence, AI Institute, Shanghai Jiao Tong University 2 State Key Lab of Advanced Optical Communication System and Network, School of Electronic Information and Electrical Engineering, Shanghai Jiao Tong University {frank92, yitian li, wenqingchen,xiaoliqiang, hehao, jinyh}@sjtu.edu.cn Abstract Context: Kristin and her son Justin went to visit her mother Despite the recent success of end-to-end deep neural net- Carol on a nice Sunday afternoon. They went out for a movie works, there are growing concerns about their lack of log- together and had a good time. ical reasoning abilities, especially on cognitive tasks with Question: How is Carol related to Justin? perception and reasoning processes. A solution is the neu- Answer: Grandmother. ral symbolic learning (NeSyL) method that can effectively utilize pre-defined logic rules to constrain the neural archi- Mother ∧ Mother → Grandmother tecture making it perform better on cognitive tasks. How- ever, it is challenging to apply NeSyL to these cognitive tasks because of the lack of supervision, the non-differentiable manner of the symbolic system, and the difficulty to prob- Carol Kristin Kristin Justin Carol Justin abilistically constrain the neural network. In this paper, we propose WS-NeSyL, a Weakly Supervised Neural Symbolic Figure 1: An example of a cognitive problem. To solve the Learning model for cognitive tasks with logical reasoning. First, WS-NeSyL employs a novel back search algorithm to problem, we are required to perceive information (colorful sa"
159,"generalises the examples. Many modern systems can learn optimal and recursive programs but struggle to learn large We introduce an inductive logic programming approach that programs. For instance, M ETAGOL (Muggleton, Lin, and combines classical divide-and-conquer search with modern constraint-driven search. Our anytime approach can learn op- Tamaddoni-Nezhad 2015) struggles to learn programs with timal, recursive, and large programs and supports predicate more than six rules and ILASP3 (Law 2018) struggles to invention. Our experiments on three domains (classification, learn rules with more than a few body literals. inductive general game playing, and program synthesis) show To address these limitations, we introduce an approach that our approach can increase predictive accuracies and re- that combines classical D&C search with modern constraint- duce learning times. driven search. As with D&C approaches, we divide the ex- amples into disjoint subsets and induce separate hypotheses for them. Specifically, we first learn a hypothesis for each"
160,"to act as a language model over source code that conditions on input-outputs (Polosukhin and Skidanov 2018). Here, we We consider the problem of automatically constructing com- puter programs from input-output examples. We investigate ‘pop up’ a level and instead ask: given a neural net that how to augment probabilistic and neural program synthe- probabilistically generates source code, how can we most sis methods with new search algorithms, proposing a frame- efficiently deploy that model in order to find a program work called distribution-based search. Within this framework, consistent with some input-outputs? This concern arises be- we introduce two new search algorithms: H EAP S EARCH, cause program synthesis requires solving a hard combinato- an enumerative method, and SQRT S AMPLING, a proba- rial search problem (exploring a possibly infinite space of bilistic method. We prove certain optimality guarantees for programs), so taming this combinatorial explosion makes both methods, show how they integrate with probabilistic the difference between a practically useful system, and a and neural techniques, and demonstrate how they can operate system which cannot scale to anything but the most trivial at scale across parallel compute environments. Collectively of programs. these findings offer theoretical and applied studies of search algorithms for program synthesis that integrate with recent At a high-level the approaches we develop in this work developments in machine-learned program synthesizers. follow a 2-stage pipeline: in the first stage a learned model predicts probabilistic weights, and in the second stage a symbolic search algorithm uses those weights to explore the"
161,"seems to lead to the best ILP result. This indicates that the learning approach, rather than the user, should be in charge Recent work on neuro-symbolic inductive logic programming of substituting logical connectives besides learning the rules has led to promising approaches that can learn explanatory rules from noisy, real-world data. While some proposals ap- themselves. Neural logic machine (NLM) (Dong et al. 2019) proximate logical operators with differentiable operators from achieves this but at the cost of interpretability. More precisely, fuzzy or real-valued logic that are parameter-free thus di- it models propositional formulae (consisting of conjunctions, minishing their capacity to fit the data, other approaches are disjunctions and/or negations) with multi-layer perceptrons only loosely based on logic making it difficult to interpret (MLP). Once trained, it may not be possible to interpret NLM the learned “rules”. In this paper, we propose learning rules as rules since there exists no standard translation from MLP with the recently proposed logical neural networks (LNN). to logic. What is needed is an extension of classical logic Compared to others, LNNs offer a strong connection to classi- with ties strong enough to be amenable to interpretation and cal Boolean logic thus allowing for precise interpretation of can learn not only rules but also the logical connectives using learned rules while harboring parameters that can be trained gradient-based optimization. with gradient-based optimization to effectively fit the data. We extend LNNs to induce rules in first-order logic. Our experi- In this paper, we propose ILP with the recently proposed ments on standard benchmarking tasks confirm that LNN rules logical neural networks (LNN) (Riegel et al. 2020). Instead are highly interpretable and can achieve comparable or higher of forcing the user to choose a function that mimics a logical accuracy due to their flexible parameterization. connective, LNNs employ constraints to ensure that neurons behave like conjunctions or disjunctions. By decoupling neu- ron activation from the mechanism to ensure that it behaves"
162,"not exactly defined. In contrast, BetaProbLog has a well- defined semantics rooted in probability theory. Second, al- An issue that has so far received only limited attention in probabilistic logic programming (PLP) is the modeling of though convex sets of distributions can suffice to make more so-called epistemic uncertainty, the uncertainty about the informed decisions, CS lacks the ability to calculate ex- model itself. Accurately quantifying this model uncertainty pectation values. With so-called second-order queries, Be- is paramount to robust inference, learning and ultimately de- taProbLog can calculate any expectation value, offering a cision making. We introduce BetaProbLog, a PLP language vast range of query types. Third, we provide an easy to in- that can model epistemic uncertainty. BetaProbLog has sound terpret Monte Carlo inference algorithm for BetaProbLog semantics, an effective inference algorithm that combines based on knowledge compilation (Darwiche and Marquis Monte Carlo techniques with knowledge compilation, and 2002) combined with parallelized tensor operations, imple- a parameter learning algorithm. We empirically outperform mented with PyTorch (Paszke et al. 2019). This leads to an state-of-the-art methods on probabilistic inference tasks in inference algorithm that is more than an order of magnitude second-order Bayesian networks, digit classification and dis- criminative learning in the presence of epistemic uncertainty. faster than the one proposed by Cerutti et al. (2019). Fourth, we tackle (discriminative) parameter learning with epistemic uncertainty. To our knowledge, learning in second-order net-"
163,"To fill this gap, we introduce DeepStochLog, a neural stochas- tic logic programming approach. It incorporates ideas from Recent advances in neural-symbolic learning, such as Deep- DeepProbLog, such as the neural predicate. The neural predi- ProbLog, extend probabilistic logic programs with neural pred- icates. Like graphical models, these probabilistic logic pro- cate encapsulates neural networks to cope with sub-symbolic grams define a probability distribution over possible worlds, data such as images. Without loss of generality, we base for which inference is computationally hard. We propose Deep- DeepStochLog on stochastic definite clause grammars (SD- StochLog, an alternative neural-symbolic framework based CGs) as this notation is not only easier to introduce and use, on stochastic definite clause grammars, a kind of stochastic but also results in a sequence-based model. SDCGs are a kind logic program. More specifically, we introduce neural gram- of probabilistic unification-based grammar formalism (Have mar rules into stochastic definite clause grammars to create 2009). However, SDCGs and SLPs are very closely related. a framework that can be trained end-to-end. We show that SDCGs can be directly translated and executed as SLPs, and inference and learning in neural stochastic logic program- all the concepts we introduce for SDCGs can directly apply to ming scale much better than for neural probabilistic logic pro- SLPs as well. More specifically, the key contributions of this grams. Furthermore, the experimental evaluation shows that DeepStochLog achieves state-of-the-art results on challenging paper are: 1) the"
164," The Thirty-Sixth AAAI Conference on Artificial Intelligence (AAAI-22) Weakly Supervised Neuro-Symbolic Module Networks for Numerical Reasoning over Text Amrita Saha,1 Shafiq Joty, 1,2 Steven C.H. Hoi 1 1 Salesforce Research Asia 2 Nanyang Technological University amrita.saha, sjoty, shoi@salesforce.com Abstract not) over those entities to reach the final numerical answer. There have been three broad genres of models that have Neural Module Networks (NMNs) have been quite success- ful in incorporating explicit reasoning as learnable modules in proven successful on the DROP numerical reasoning task. various question answering tasks, including the most generic First, large-scale pretrained language models like Gen- form of numerical reasoning over text in Machine Reading BERT (Geva, Gupta, and Berant 2020) use a monolithic Comprehension (MRC). However to achieve this, contempo- Transformer architecture and decodes numerical answers rary Neural Module Networks models obtain strong supervi- digit-by-digit. Though they deliver mediocre performance sion in form of specialized program annotation from the QA when trained only on the target data, their competency is de- pairs through various heuristic parsing and exhaustive com- rived from pretraining on massive synthetic data augmented putation of all possible discrete operations on discrete argu- with explicit supervision of the gold numerical reasoning. ments. Consequently they fail to generalize to more open- ended settings without such supervision. Hence, we pro- These are specifically synthetic datasets of numerical ex- pose Weakly-Supervised Neuro-Symbolic Module Network pressions and numerical MRC carefully designed with over- (WNSMN) trained with answers as the sole supervision for lapping vocabulary, question templates"
165,"designed representation structures. However, the practical Temporal facts, the facts for characterizing events that hold KGs are far from complete, and have quality issues. Exam- in specific time periods, are attracting rising attention in ple 1 illustrates a real conflict in Wikidata. the knowledge graph (KG) research communities. In terms Example 1. Wikidata, one of the most widely used KG, con- of quality management, the"
166,"didate logic rules are obtained via relational path enumer- ation. Yang, Yang, and Cohen (2017) use neural logic pro- We present a simple linear programming (LP) based method to learn compact and interpretable sets of rules encoding the gramming to simultaneously obtain rules and rule weights. facts in a knowledge graph (KG) and use these rules to solve In (Qu et al. 2021), rules and rule weights are computed the KG completion problem. Our LP model chooses a set of in sequence, but there is a feedback loop from the latter rules of bounded complexity from a list of candidate first- learning problem to the former. Recursive neural networks order logic rules and assigns weights to them. The complex- (RNN) are widely used to learn rules, though rule-mining ity bound is enforced via explicit constraints. We combine approaches can be very effective (Meilicke et al. 2019). simple rule generation heuristics with our rule selection LP Embedding-based methods for KGC consist of represent- to obtain predictions with accuracy comparable to state-of- ing nodes by vectors, and relations by vector transformations the-art codes, even while generating much more compact rule sets. Furthermore, when we take as input rules generated by that are consistent with the KG facts. They exhibit better other codes, we often improve interpretability by reducing the scaling with KG size, and yield more accurate predictions. number of chosen rules, while maintaining accuracy. See the surveys by Ji et al. (2021) and Wang et al. (2017a). However, they are less interpretable than logical rules. Besides predictive accuracy, Michie (1988) identified"
167," The Thirty-Seventh AAAI Conference on Artificial Intelligence (AAAI-23) NQE: N-ary Query Embedding for Complex Query Answering over Hyper-Relational Knowledge Graphs Haoran Luo1 , Haihong E1 * , Yuhao Yang2 , Gengxian Zhou1 , Yikai Guo3 , Tianyu Yao1 , Zichen Tang1 , Xueyuan Lin1 , Kaiyang Wan1 1 School of Computer Science, Beijing University of Posts and Telecommunications, Beijing, China 2 School of Automation Science and Electrical Engineering, Beihang University, Beijing, China 3 Beijing Institute of Computer Technology and Application, Beijing, China {luohaoran, ehaihong}@bupt.edu.cn, yangyuhao818@buaa.edu.cn Abstract qualifiers n-1 anchor nodes Complex query answering (CQA) is an essential task for multi-hop and logical reasoning on knowledge graphs (KGs). anchor node target node anchor node target node target node Currently, most approaches are limited to queries among bi- (a) Triple-based 1p Query (b) Hyper-relational 1p Query (c) N-ary 1p Query nary relational facts and pay less attention to n-ary facts (n≥2) containing more than two entities, which are more prevalent in the real world. Moreover, previous CQA methods Figure 1: The difference between (a) triple-based 1p query, can only make predictions for a few given types of queries (b) hyper-relational 1p query, and (c) n-ary 1p query, three and cannot be flexibly extended to more complex logical one-hop (1p) queries. queries, which significantly limits their applications. To over- come these challenges, in this work, we propose a novel N- ary Query Embedding (NQE) model for CQA over hyper- relational knowledge graphs (HKGs), which include massive nary relational facts in the form of triples (subject, relation, n-ary facts. The NQE utilizes a dual-heterogeneous Trans- object), as in Figure 1(a). former encod"
168," The Thirty-Seventh AAAI Conference on Artificial Intelligence (AAAI-23) Online Symbolic Regression with Informative Query Pengwei Jin1,2,3 , Di Huang1,2,3 , Rui Zhang1, 3 , Xing Hu1 , Ziyuan Nan1,2,3 , Zidong Du1 , Qi Guo1 , Yunji Chen1,2 * 1 State Key Lab of Processors, Institute of Computing Technology, CAS 2 University of Chinese Academy of Sciences 3 Cambricon Technologies {jinpengwei20z, huangdi20b, zhangrui, huxing, nanziyuan21s, duzidong, guoqi, cyj}@ict.ac.cn Abstract points D = {(xi , yi )}N i=1 as given ones and simply sam- Symbolic regression, the task of extracting mathematical ex- ple them from uniform distributions without exploring the pressions from the observed data {xi , yi }, plays a crucial role expressive potential of data. In real-world scientific discov- in scientific discovery. Despite the promising performance of ery, however, data can be collected actively by doing spe- existing methods, most of them conduct symbolic regression cific experiments (Hernandez et al. 2019; Weng et al. 2020), in an offline setting. That is, they treat the observed data points which is an online setting. Overall, online symbolic regres- as given ones that are simply sampled from uniform distri- sion is a worth-studying and challenging problem that un- butions without exploring the expressive potential of data. derexplored. However, for real-world scientific problems, the data used for The unique problem introduced by online symbolic re- symbolic regression are usually actively obtained by doing gression is how to actively collect informative data that best experiments, which is an online setting. Thus, how to obtain distinguish the target expression from other similar expres- informative data that can facilitate the symbolic regression process is an important proble"
169,"told that some relations are irreflexive. Furthermore, exist- ing bias approaches, such as mode declarations (Muggle- The goal of inductive logic programming (ILP) is to search for a hypothesis that generalises training examples and back- ton 1995), cannot describe many useful properties, such as ground knowledge (BK). To improve performance, we in- antitransitivity and functional dependencies (Mannila and troduce an approach that, before searching for a hypothesis, Räihä 1994). In general, developing automatic bias discovery first discovers where not to search. We use given BK to dis- approaches is a grand challenge in the field (Cropper and cover constraints on hypotheses, such as that a number cannot Dumancic 2022). be both even and odd. We use the constraints to bootstrap a To overcome this limitation, we introduce an automated constraint-driven ILP system. Our experiments on multiple do- bias discovery approach. The key idea is to use given BK to mains (including program synthesis and game playing) show discover how to restrict the hypothesis space before search- that our approach can (i) substantially reduce learning times ing for a solution2 . For instance, consider the previous list by up to 97%, and (ii) scale to domains with millions of facts. transformation example. Assume we have BK with only the facts:"
170,"explicit way to express quantifiers and quantifier alterna- tions in ASP, reminiscent of Quantified Boolean Formulas In this paper we introduce a simple way to evaluate epistemic (QBFs), but also different in spirit. It has the form logic programs by means of answer set programming with quantifiers, a recently proposed extension of answer set pro- 1 P1 2 P2 · · · n Pn : C, gramming. The method can easily be adapted for most of the where the Pi are classical ASP programs, i are quantifiers, many semantics that were proposed for epistemic logic pro- grams. We evaluate the proposed transformation on existing and C expresses a set of constraints in ASP. benchmarks using a recently proposed solver for answer set Example 2. The intuitive reading of the ASP(Q) program programming with quantifiers, which relies on QBF solvers. ∃P1 ∀P2 : C is that there exists an answer set A1 of ASP program P1"
171," The Thirty-Seventh AAAI Conference on Artificial Intelligence (AAAI-23) Characterizing Structural Hardness of Logic Programs: What Makes Cycles and Reachability Hard for Treewidth? Markus Hecher Computer Science and Artificial Intelligence Lab, Massachusetts Institute of Technology, Cambridge, United States hecher@mit.edu Abstract Example 1 (Encoding with ASP). The classical way of encoding satisfiability (SAT) of a formula F is to guess for Answer Set Programming (ASP) is a problem modeling and each variable v ∈ at(F ) its truth value via the two rules solving framework for several problems in KR with growing v ← ¬v̂ and v̂ ← ¬v. Then, for every clause l1 ∨ l2 ∨ . . . ∨ ln industrial applications. Also for studies of computational com- plexity and deeper insights into the hardness and its sources, in F , an additional constraint ensures the clause: ⊥ ← ASP has been attracting researchers for many years. These l¯1 , l¯2 , . . . , l¯n with l¯i being vi , if li = ¬vi , and ˆli otherwise. studies resulted in fruitful characterizations in terms of com- The computational complexity of ASP is fairly well stud- plexity classes, fine-grained insights in form of dichotomy- ied, where for the consistency problem of deciding whether style results, as well as detailed parameterized complexity a so-called normal logic program admits an answer set landscapes. Recently, this lead to a novel result establishing is NP-complete (Bidoı́t and Froidevaux 1991; Marek and that for the measure treewidth, which captures structural den- sity of a program, the evaluation of the well-known class of Truszczyński 1991). This result also extends to the class of normal programs is expected to be slightly harder than decid- head-cycle-free (HCF) programs (Ben-Eliyahu and Dechter ing satisfiability (S"
172,"Positive example Negative example Learning programs with numerical values is fundamental to many AI applications, including bio-informatics and drug de- sign. However, current program synthesis approaches struggle to learn programs with numerical values. An especially dif- ficult problem is learning continuous values from multiple examples, such as intervals. To overcome this limitation, we (a) Examples introduce an inductive logic programming approach which combines relational learning with numerical reasoning. Our zendo(A) ← piece(A,B), contact(B,C), approach, which we call N UM S YNTH, uses satisfiability mod- size(C,D), geq(D,7) ulo theories solvers to efficiently learn programs with numer- ical values. Our approach can identify numerical values in (b) A rule which states that two pieces are in contact, linear arithmetic fragments, such as real difference logic, and one with size greater or equal to 7. from infinite domains, such as real numbers or integers. Our experiments on four diverse domains, including game playing zendo(A) ← piece(A,B), contact(B,C), size(C,D), and program synthesis, show that our approach can (i) learn geq(D,N), @numerical(N) programs with numerical values from linear arithmetical rea- (c) Intermediate hypothesis. soning, and (ii) outperform existing approaches in terms of predictive accuracies and learning times. Figure 1: Learning a hypothesis for Zendo. Learning this hypothesis involves reasoning with the numerical predicate"
173," The Thirty-Seventh AAAI Conference on Artificial Intelligence (AAAI-23) Learning to Break Symmetries for Efficient Optimization in Answer Set Programming Alice Tarzariol1 , Martin Gebser1,2 , Konstantin Schekotihin1 , Mark Law3 1 University of Klagenfurt, Klagenfurt, Austria 2 Graz University of Technology, Graz, Austria 3 ILASP Limited, Grantham, UK {alice.tarzariol, martin.gebser, konstantin.schekotihin}@aau.at, mark@ilasp.com Abstract In the context of ASP, Drescher, Tifrea, and Walsh (2011) suggested an instance-specific approach to symmetry break- The ability to efficiently solve hard combinatorial optimiza- ing, called SBASS. This approach identifies symmetries of tion problems is a key prerequisite to various applications a ground ASP program by (i) representing the input pro- of declarative programming paradigms. Symmetries in solu- gram as a colored graph, (ii) finding symmetric vertex per- tion candidates pose a significant challenge to modern op- timization algorithms since the enumeration of such candi- mutations in the graph using SAUCY (Codenotti et al. 2013; dates might substantially reduce their optimization perfor- Darga et al. 2004), and (iii) constructing ground SBCs from mance. This paper proposes a novel approach using Induc- the permutations. Recently, Tarzariol, Gebser, and Schekoti- tive Logic Programming (ILP) to lift symmetry-breaking con- hin (2021) suggested an approach that learns first-order con- straints for optimization problems modeled in Answer Set straints by lifting ground SBCs of SBASS using Inductive Programming (ASP). Given an ASP encoding with optimiza- Logic Programming (ILP) (Cropper, Dumančić, and Mug- tion statements and a set of small representative instances, gleton 2020). Their method applies SBASS to a set of repre- our"
174," The Thirty-Seventh AAAI Conference on Artificial Intelligence (AAAI-23) Neurosymbolic Reasoning and Learning with Restricted Boltzmann Machines Son N. Tran1 , Artur d’Avila Garcez2 1 The University of Tasmania, Launceston, Tasmania, 7248, Australia 2 City, University of London, Northampton Square, London, EC1V 0HB, UK sn.tran@utas.edu.au, a.garcez@city.ac.uk Abstract when performing transfer learning. Over the years, many neurosymbolic approaches have used a form of knowledge Knowledge representation and reasoning in neural networks representation based on if-then rules (Towell and Shavlik has been a long-standing endeavour which has attracted much attention recently. The principled integration of reasoning 1994; França, Zaverucha, and Garcez 2014; Tran and Garcez and learning in neural networks is a main objective of the 2018; Evans and Grefenstette 2018; Yang, Yang, and Cohen area of neurosymbolic Artificial Intelligence. In this paper, 2017; Manhaeve et al. 2018; Tran 2021). Assuming Modus- a neurosymbolic system is introduced that can represent any Ponens1 as the only rule of inference, given a logical formula propositional logic formula. A proof of equivalence is pre- of the form B ← A (read “B is true if A is true”), under sented showing that energy minimization in restricted Boltz- the convention that 1 represents true and 0 represents f alse, mann machines corresponds to logical reasoning. We demon- a neurosymbolic network would infer that approximately strate the application of our approach empirically on logical B = 1 given A = 1. This has two shortcomings. First, reasoning and learning from data and knowledge. Experimen- Modus-Ponens alone may not capture the entire reasoning tal results show that reasoning can be performed effectively required by the appli"
175,"We present a self-learning approach for synthesizing programs tnn = random_initialization (); from integer sequences. Our method relies on a tree search while(true) guided by a learned policy. Our system is tested on the On- { Line Encyclopedia of Integer Sequences. There, it discovers, programs = generate (tnn, sequences); on its own, solutions for 27987 sequences starting from basic solutions = test (programs, oeis); operators and without human-written training examples. tnn = train (solutions) }"
176," The Thirty-Seventh AAAI Conference on Artificial Intelligence (AAAI-23) Enabling Knowledge Refinement upon New Concepts in Abductive Learning Yu-Xuan Huang, Wang-Zhou Dai, Yuan Jiang, Zhi-Hua Zhou National Key Laboratory for Novel Software Technology, Nanjing University, Nanjing 210023, China {huangyx, daiwz, jiangy, zhouzh}@lamda.nju.edu.cn Abstract Representative frameworks include DeepProbLog (Man- haeve et al. 2018) and ABductive Learning (ABL) (Zhou Recently there are great efforts on leveraging machine learn- ing and logical reasoning. Many approaches start from a 2019; Zhou and Huang 2022), in which the perception given knowledge base, and then try to utilize the knowl- model learns to convert raw data into primitive logic facts, edge to help machine learning. In real practice, however, the serving as input to symbolic reasoning; while the reason- given knowledge base can often be incomplete or even noisy, ing model tries to infer the truth-value of the perceived logic and thus, it is crucial to develop the ability of knowledge facts based on a given knowledge base, for updating the per- refinement or enhancement. This paper proposes to enable ception model. The integration of the two systems is realized the Abductive learning (ABL) paradigm to have the ability by abduction, also known as abductive reasoning. of knowledge refinement/enhancement. In particular, we fo- Most of the above methods focus on closed-environment cus on the problem that, in contrast to closed-environment tasks where a fixed set of symbols are enough to represent tasks, where a fixed and complete set of symbols represent- the concepts in the domain, in open-environment tasks new ing the primitive concepts in domain are predefined in the concepts may emerge. Ignoring those new concepts can "
177,"2020; Amado, Mirsky, and Meneguzzi 2022). Learning ap- proaches deal well with noisy data (Kim et al. 2011; Schlim- Goal Recognition is the task of discerning the intended goal mer and Granger 1986), creating robust models capable of agent aims to achieve given a sequence of observations, whereas Plan Recognition consists of identifying the plan accurate predictions with missing or noisy data. Inspired to achieve such intended goal. Regardless of the underlying by such developments, we develop novel recognition ap- techniques, most recognition approaches are directly affected proaches that mitigate low and faulty observability, solv- by the quality of the available observations. In this paper, ing both goal and plan recognition problems simultaneously, we develop neuro-symbolic recognition approaches that can combining planning heuristics and learning models into a combine learning and planning techniques, compensating for novel class of neuro-symbolic approaches. On the learn- noise and missing observations using prior data. We evalu- ing side, we train a predictive statistical model of the most ate our approaches in standard human-designed planning do- likely next states given a set of state observations. We com- mains as well as domain models automatically learned from bine such predictive models with symbolic heuristics for real-world data. Empirical experimentation shows that our goal recognition to predict relevant states towards a goal approaches reliably infer goals and compute correct plans in the experimental datasets. An ablation study shows that we hypothesis given a sequence of observations. In the result- outperform existing approaches that rely exclusively on the ing approaches, the predictive models address the two most domain model, or exclusively on machine learning, in prob- common flaws in observations in goal and plan recogni- lems with both noisy observations and low observability. tion: missing and noisy observations. This allows us to fill in missing observations and rebuild the sequence of states of a complete plan from an initial state to a goal state. While"
178," The Thirty-Seventh AAAI Conference on Artificial Intelligence (AAAI-23) Out-of-Distribution Generalization by Neural-Symbolic Joint Training Anji Liu2 , Hongming Xu3 , Guy Van den Broeck2 , Yitao Liang1,3 1 Institute for Artificial Intelligence, Peking University 2 Computer Science Department, University of California, Los Angeles 3 Beijing Institute of General Artificial Intelligence (BIGAI) {liuanji, guyvdb}@cs.ucla.edu, xuhongming@bigai.ai, yitaol@pku.edu.cn Abstract types of distribution shift of the input (e.g., longer numbers) since the NN only needs to accurately predict the digit of This paper develops a novel methodology to simultaneously MNIST images and the addition rules are invariant to input learn a neural network and extract generalized logic rules. Different from prior neural-symbolic methods that require length. background knowledge and candidate logical rules to be pro- Some prior work has success in addressing such an inte- vided, we aim to induce task semantics with minimal priors. gration (Dai and Muggleton 2021). However, they often re- This is achieved by a two-step learning framework that it- quire abundant prior knowledge. Specifically, most of them erates between optimizing neural predictions of task labels require the ground-truth symbolic knowledge to be pro- and searching for a more accurate representation of the hid- vided (Yang, Ishay, and Lee 2020; Manhaeve et al. 2018). den task semantics. Notably, supervision works in both direc- In other word, such success has not been transferred to the tions: (partially) induced task semantics guide the learning of setting where priors on task semantics are limited or not the neural network and induced neural predictions admit an improved semantic representation. We demonstrate that our provided. We"
179," The Thirty-Seventh AAAI Conference on Artificial Intelligence (AAAI-23) Learning Logical Reasoning Using an Intelligent Tutoring System: A Hybrid Approach to Student Modeling Roger Nkambou1 , Janie Brisson1 , Ange Tato1,2 , Serge Robert1 1 Université du Québec à Montréal, Centre de Recherche en Intelligence Artificielle 201 President-Kennedy Avenue, Montreal, Quebec, H2X 3Y7, Canada 2 École de Technologie Supérieure 1111 Notre-Dame W. st., Montréal, Quebec, H3C 6M8, Canada {nkambou.roger, brisson.janie, robert.serge}@uqam.ca, ange-adrienne.nyamen-tato@etsmtl.ca Abstract be answered with a proper understanding of human reason- ing processes and the active participation of relevant ex- In our previous works, we presented Logic-Muse as an Intelli- perts, including logicians, psychologists, education profes- gent Tutoring System that helps learners improve logical rea- soning skills in multiple contexts. Logic-Muse components sionals, and IT specialists. By bringing together specialists were validated and argued by experts throughout the design- from these different fields, the Logic-Muse project aims to ing process (ITS researchers, logicians, and reasoning psy- study the basics of logical reasoning skills acquisition, un- chologists). A catalog of reasoning errors (syntactic and se- derstand the difficulties associated with this learning, and mantic) has been established, in addition to an explicit repre- create an ITS that can detect, diagnose, and correct reason- sentation of semantic knowledge and the structures and meta- ing errors in various situations. Logic-Muse’s architecture structures underlying conditional reasoning. A Bayesian net- looks like a classical ITS with its three standard model com- work with expert validation has been developed and used in a"
180,"When faced with novel tasks, humans have the ability to form successful strategies, seemingly without much effort. Arti- ficial systems, on the other, hand cannot, at least when the flexibility at which humans perform is considered. For my Figure 1: A simple “odd-one-out” task that demonstrates flu- dissertation, I am using program synthesis as a tool to study idity of human strategy learning. the factors that affect strategy choices in intelligent systems. I am evaluating my work through agents that reason through problems from the Abstract Reasoning Corpus and The Block Design Task. In this dissertation pursuit, I will be answering the fol- lowing research questions, with a focus on a small set of visuospatial reasoning tasks:"
181," The Thirty-Eighth AAAI Conference on Artificial Intelligence (AAAI-24) Unveiling Implicit Deceptive Patterns in Multi-Modal Fake News via Neuro-Symbolic Reasoning Yiqi Dong1 , Dongxiao He1,2 * , Xiaobao Wang2 * , Youzhu Jin3 , Meng Ge4 , Carl Yang5 , Di Jin1,2 1 School of New Media and Communication, Tianjin University, Tianjin, China, 2 Tianjin Key Laboratory of Cognitive Computing and Application, College of Intelligence and Computing, Tianjin University, Tianjin, China, 3 Beijing-Dublin International College, Beijing University of Technology, Beijing, China, 4 Saw Swee Hock School of Public Health, National University of Singapore, Singapore, 5 Department of Computer Science, Emory University, Georgia, USA. {dongyiqi, hedongxiao,wangxiaobao}@tju.edu.cn, youzhu.jin@ucdconnect.ie, gemeng@nus.edu.sg, j.carlyang@emory.edu, jindi@tju.edu.cn. Abstract In the current Internet landscape, the rampant spread of fake news, particularly in the form of multi-modal content, poses a great social threat. While automatic multi-modal fake news detection methods have shown promising results, the lack of explainability remains a significant challenge. Existing approaches provide superficial explainability by displaying learned important components or views from well-trained networks, but they often fail to uncover the implicit decep- A picture authentically shows This is Elon musk and his parent. tive patterns that reveal how fake news is fabricated. To ad- former U.S. President Donald They had a black women helper. dress this limitation, we begin by predefining three typical de- Trump holding a ""24-karat, Who was not allowed to seat on ceptive patterns, namely image manipulation, cross-modal in- gold-plated Trump bill."" their sofas. consistency, and image repurposing, which shed light"
182," The Thirty-Eighth AAAI Conference on Artificial Intelligence (AAAI-24) On the Structural Hardness of Answer Set Programming: Can Structure Efficiently Confine the Power of Disjunctions?* Markus Hecher1 , Rafael Kiesel2 1 Massachusetts Institute of Technology, Cambridge, USA 2 TU Wien, Vienna, Austria hecher@mit.edu, rkiesel@tuwien.ac.at Abstract Unfortunately, in terms of computational complexity, there is a catch to ASP’s modeling comfort. Indeed, while there Answer Set Programming (ASP) is a generic problem model- exist NP-complete fragments (Bidoı́t and Froidevaux 1991; ing and solving framework with a strong focus on knowledge Marek and Truszczyński 1991; Ben-Eliyahu and Dechter representation and a rapid growth of industrial applications. So far, the study of complexity resulted in characterizing hard- 1994), the consistency problem of deciding whether a dis- ness and determining their sources, fine-grained insights in junctive program admits an answer set is inherently hard, the form of dichotomy-style results, as well as detailed pa- yielding ΣP2 -completeness (Eiter and Gottlob 1995), even if rameterized complexity landscapes. Unfortunately, for the we restrict rule body sizes to a constant (Truszczynski 2011). well-known parameter treewidth disjunctive programs require How do we deal with this high complexity? Parameterized double-exponential runtime under reasonable complexity as- complexity (Cygan et al. 2015; Niedermeier 2006; Downey sumptions. This quickly becomes out of reach. We deal with and Fellows 2013; Flum and Grohe 2006), offers a frame- the classification of structural parameters for disjunctive ASP work, enabling to analyze a problem’s hardness in terms of on the program’s rule structure (incidence graph). certain parameter(s), which has been ex"
183,"a larger program. Cropper and Hocquette (2023) search for a combination that strictly generalises all the positive and Many inductive logic programming approaches struggle to none of the negative examples, i.e. they cannot learn from learn programs from noisy data. To overcome this limitation, we introduce an approach that learns minimal description noisy data. By contrast, we relax this condition to learn from length programs from noisy data, including recursive pro- noisy data. To avoid overfitting, we search for a combination grams. Our experiments on several domains, including drug that trades off model complexity (program size) and data fit design, game playing, and program synthesis, show that our (training accuracy). To do so, we use the minimal description approach can outperform existing approaches in terms of pre- length (MDL) principle (Rissanen 1978). In other words, we dictive accuracies and scale to moderate amounts of noise. introduce an approach that learns MDL programs from noisy data. To explore our idea, we build on learning from failures"
184," The Thirty-Eighth AAAI Conference on Artificial Intelligence (AAAI-24) A Unified View on Forgetting and Strong Equivalence Notions in Answer Set Programming Zeynep G. Saribatur, Stefan Woltran Institute of Logic and Computation, TU Wien, Austria {zeynep.saribatur,stefan.woltran}@tuwien.ac.at Abstract within KR appear in action theories (Luo et al. 2020), ex- planations for planning (Vasileiou and Yeoh 2022) and ar- Answer Set Programming (ASP) is a prominent rule-based gumentation (Berthold, Rapberger, and Ulbricht 2023; Bau- language for knowledge representation and reasoning with mann and Berthold 2022). roots in logic programming and non-monotonic reasoning. The aim to capture the essence of removing (ir)relevant de- The theoretical underpinnings of forgetting has been in- tails in ASP programs led to the investigation of different vestigated for classical logic and logic programming for over notions, from strong persistence (SP) forgetting, to faithful decades. Answer Set Programming (ASP), is a well estab- abstractions, and, recently, strong simplifications, where the lished logic programming language, characterized by non- latter two can be seen as relaxed and strengthened notions of monotonic declarative semantics. Its non-monotonic nature forgetting, respectively. Although it was observed that these resulted in various forgetting operators satisfying different notions are related, especially given that they have character- desirable properties (see recent survey (Gonçalves, Knorr, izations through the semantics for strong equivalence, it re- and Leite 2023)). The property strong persistence (SP) mained unclear whether they can be brought together. In this (Knorr and Alferes 2014) is considered to best capture the work, we bridge this gap by introducing a novel"
185,"and Kauffman 1973; Wang, Saadatpour, and Albert 2012). Attractor analysis can provide insights into the origin of dis- Boolean Networks (BNs) are widely used as a modeling eases (e.g., SARS-CoV-2, Alzheimer, and cancers) or play formalism in several domains, notably systems biology and computer science. A fundamental problem in BN analysis a role in systems medicine (Schwab et al. 2020; Park et al. is the enumeration of trap spaces, which are hypercubes in 2021). However, exact attractor enumeration is challenging the state space that cannot be escaped once entered. Several due to the complex dynamics of large-scale models. methods have been proposed for enumerating trap spaces, Recently, the concept of trap spaces (Klarner, Bockmayr, however they often suffer from scalability and efficiency and Siebert 2015) was introduced as a more computation- issues, particularly for large and complex models. To our ally viable alternative to attractors. A trap space is a hyper- knowledge, the most efficient and recent methods for the cube in the state space of a BN that cannot be escaped once trap space enumeration all rely on Answer Set Programming entered. Every such minimal hypercube thus approximates (ASP), which has been widely applied to the analysis of BNs. Motivated by these considerations, our work proposes a new one or more attractors. Not only are minimal trap spaces a method for enumerating trap spaces in BNs using ASP. We good approximation of attractors in practice, but the much evaluate the method on a mix of 250+ real-world and 400+ improved tractability of this problem also enabled analysis randomly generated BNs, showing that it enables analysis of a significantly larger class of Boolean models. This makes of models beyond the capabilities of existing tools (namely minimal (and other) trap spaces popular in many biological pyboolnet, mpbn, trappist, and trapmvn). applications such as control (cell reprogramming) and model inference (Chevalier et al. 2019; Paulevé et al. 2020; Rozum et al. 2021b; Trinh et al. 2022; Richard and Tonello 2023;"
186," The Thirty-Eighth AAAI Conference on Artificial Intelligence (AAAI-24) Symbolic Regression Enhanced Decision Trees for Classification Tasks Kei Sen Fong1 , Mehul Motani1, 2 1 Department of Electrical and Computer Engineering, National University of Singapore 2 N.1 Institute for Health, Institute for Digital Medicine (WisDM), Institute of Data Science, National University of Singapore fongkeisen@u.nus.edu, motani@nus.edu.sg Abstract a model can be evaluated by the number of cognitive visual chunks (e.g., number of DT nodes) (Lage et al. 2019; Abdul We introduce a conceptually simple yet effective method to create small, compact decision trees – by using splits found et al. 2020). via Symbolic Regression (SR). Traditional decision tree (DT) Traditional DT algorithms partition a dataset on axis- algorithms partition a dataset on axis-parallel splits. When the parallel splits. In a tree node with n data points and d fea- true boundaries are not along the feature axes, DT is likely tures (i.e., [x1 , x2 , ...xd ]), each split is in the form of xi > k, to have a complicated structure and a dense decision bound- representing an axis-parallel hyperplane. The small class of ary. In this paper, we introduce SR-Enhanced DT (SREDT) possible splits may lead to bloated and less explainable trees, – a method which utilizes SR to increase the richness of such as the tree shown in Fig. 1a when solving the XOR the class of possible DT splits. We evaluate SREDT on both classification task from MLxtend (Raschka 2018) shown in synthetic and real-world datasets. Despite its simplicity, our Fig. 1b. This weakness becomes more apparent in real-world method produces surprisingly small trees that outperform both DT and oblique DT (ODT) on supervised classifica- applications with a large number "
187,"π1 default schedule ⇒ π2 π3 Symbolic regression, as one of the most crucial tasks in AI π4 ⇐best alternative schedule for science, discovers governing equations from experimen- π5 π6 Experiment Schedules tal data. Popular approaches based on genetic programming, π7 Monte Carlo tree search, or deep reinforcement learning learn π8 symbolic regression from a fixed dataset. These methods re- π9 π10 quire massive datasets and long training time especially when π11 learning complex equations involving many variables. Re- π12 π13 cently, Control Variable Genetic Programming (CVGP) has π14 been introduced which accelerates the regression process by π15 π16 discovering equations from designed control variable exper- π17 iments. However, the set of experiments is fixed a-priori in π18 CVGP and we observe that sub-optimal selection of experi- π19 π20 ment schedules delay the discovery process significantly. To π21 overcome this limitation, we propose Racing Control Vari- π22 π23 able Genetic Programming (Racing-CVGP), which carries π24 out multiple experiment schedules simultaneously. A selec- 10−3 10−2 10−1 100 tion scheme similar to that used in selecting good symbolic Normalized Mean Square Error equations in genetic programming is implemented to ensure that promising experiment schedules eventually win over the Figure 1: Impact of experiment schedules (noted as π) on average ones. The unfavorable schedules are terminated early learning performance of control variable genetic program- to save time for the promising ones. We evaluate Racing- CVGP on several synthetic and real-world datasets corre- ming. For the discovery of expression with 4 variables, sponding to true physics laws. We demonstrate that Racing- there exists a better experiment schedule (i.e., π4 ) among CVGP outperforms CVGP and a series of symbolic regres- all schedules than the default one (i.e., π1 ), in terms of nor- sors which discover equations from fixed datasets. malized mean square error (more examples in Appendix D)."
188," The Thirty-Eighth AAAI Conference on Artificial Intelligence (AAAI-24) NESTER: An Adaptive Neurosymbolic Method for Causal Effect Estimation Abbavaram Gowtham Reddy, Vineeth N Balasubramanian Indian Institute of Technology Hyderabad, India cs19resch11002@iith.ac.in, vineethnb@iith.ac.in Abstract individually, say, on consuming a medicinal drug and an alter- nate placebo). Observational data also suffers from selection Causal effect estimation from observational data is a central bias (e.g., certain age groups are more likely to take certain problem in causal inference. Methods based on potential out- kinds of medication compared to other age groups) (Collier comes framework solve this problem by exploiting inductive and Mahoney 1996). For these reasons, estimating unbiased biases and heuristics from causal inference. Each of these methods addresses a specific aspect of causal effect estima- causal effects from observational data is challenging. How- tion, such as controlling propensity score, enforcing random- ever, due to the many use cases in the real-world, estimating ization, etc., by designing neural network (NN) architectures causal effects from observational data has remained an im- and regularizers. In this paper, we propose an adaptive method portant problem in causal inference (Rosenbaum and Rubin called Neurosymbolic Causal Effect Estimator (NESTER), 1983, 1985; Brady, Collier, and Sekhon 2008; Morgan and a generalized method for causal effect estimation. NESTER Winship 2014), with recent efforts leveraging learning-based integrates the ideas used in existing methods based on multi- methods to this end (Curth and van der Schaar 2021a). head NNs for causal effect estimation into one framework. We design a Domain Specific Language (DSL) tailored for Simpson’s "
189,"1. Perception 1∧0=1 Neuro-symbolic hybrid systems are promising for integrating Perceived Labels f𝑓(𝑋) (X) machine learning and symbolic reasoning, where perception Classifier Knowledge models are facilitated with information inferred from a sym- 0∧0=0 Base bolic knowledge base through logical reasoning. Despite em- Minimal 0∧1=0 pirical evidence showing the ability of hybrid systems to learn 3. Learning Inconsistency accurate perception models, the theoretical understanding of 1∧0=0 learnability is still lacking. Hence, it remains unclear why a 1∧1=1 hybrid system succeeds for a specific task and when it may Raw Inputs X 𝑋 2. Abduction Abduced Labels 𝑌 Ȳ fail given a different knowledge base. In this paper, we intro- duce a novel way of characterising supervision signals from Figure 1: An illustration of the hybrid learning framework. a knowledge base, and establish a criterion for determining the knowledge’s efficacy in facilitating successful learning. First, raw data such as handwritten equations are perceived This, for the first time, allows us to address the two questions by a classifier. Next, the perceived labels are revised via log- above by inspecting the knowledge base under investigation. ical abduction under the principle of minimal inconsistency. Our analysis suggests that many knowledge bases satisfy the Finally, the abduced labels are used to update the classifier. criterion, thus enabling effective learning, while some fail to satisfy it, indicating potential failures. Comprehensive experi- ments confirm the utility of our criterion on benchmark tasks. edge helps improve learning performance; there are fail- ures in practice (Cai et al. 2021; Marconato et al. 2023a,b). More importantly, the theoretical underpinnings that drive"
190," The Thirty-Eighth AAAI Conference on Artificial Intelligence (AAAI-24) TEILP: Time Prediction over Knowledge Graphs via Logical Reasoning Siheng Xiong1 , Yuan Yang1 , Ali Payani2 , James C Kerce1 , Faramarz Fekri1 1 Georgia Institute of Technology, 225 North Avenue, Atlanta, Georgia 30332 USA 2 Cisco Systems Inc, 300 East Tasman Dr, San Jose, California 95134 USA {sxiong45, yyang754}@gatech.edu, apayani@cisco.com, clayton.kerce@gtri.gatech.edu, faramarz.fekri@ece.gatech.edu Abstract Dumančić, and Niepert 2018), DE-SimplE (Goel et al. 2020) and TNT-ComplEx (Lacroix, Obozinski, and Usunier 2020). Conventional embedding-based models approach event time The underlying principle is to calculate the score of each prediction in temporal knowledge graphs (TKGs) as a rank- ing problem. However, they often fall short in capturing es- timestamp given the triple of subject, object and relation. sential temporal relationships such as order and distance. In To predict intervals, TimePlex (Jain et al. 2020) introduces this paper, we propose TEILP, a logical reasoning framework a greedy coalescing strategy, which greedily extends the that naturaly integrates such temporal elements into knowl- timestamp with the highest score into an interval. Although edge graph predictions. We first convert TKGs into a tem- these methods give time predictions, they can neither han- poral event knowledge graph (TEKG) which has a more ex- dle unseen timestamps nor utilize the intrinsic connections plicit representation of time in term of nodes of the graph. between timestamps such as temporal order and distance. The TEKG equips us to develop a differentiable random walk Alternatively, inductive logical reasoning methods, e.g., approach to time prediction. Finally, we introduce conditional StreamLearn"
191,"Integrating complementary strengths of raw data and logical rules to improve the learning generalization has been recently shown promising and effective, e.g., abductive learning is one generic framework that can learn the perception model from data and reason between rules simultaneously. However, the performance would be seriously decreased when inaccurate logical rules appear, which may be even worse than base- lines using only raw data. Efforts on this issue are highly de- sired while remain to be limited. This paper proposes a simple and effective safe abductive learning method to alleviate the harm caused by inaccurate rules. Unlike the existing meth- Figure 1: An example of the complementary integration of ods which directly use all rules without correctness checks, perception and reasoning for the Tic-Tac-Toe task. The input it utilizes them selectively by constructing a graphical model is a snapshot of an endgame, and the goal is to judge whether with an adaptive reasoning process to prevent performance ”x” wins. Experts provide rules of victory (i.e., when ”x” has hazards. Theoretically, we show that induction and abduction one of 8 possible ways to create a ”three-in-a-row”). are mutually beneficial, and can be rigorously justified from a classical maximum likelihood estimation perspective. Ex- periments on diverse tasks show that our method can tolerate at least twice as many inaccurate rules as accurate ones and (Zhou 2019) is one recent generic and effective framework achieve highly competitive performance while other methods that bridges any kind of machine learning algorithms and can’t. Moreover, the proposal can refine inaccurate rules and logical reasoning by using inconsistency minimization to works well in extended weakly supervised scenarios. construct pseudo-labels of the intermediate symbolic con- cepts. The coordination of these two modules makes use"
192," The Thirty-Eighth AAAI Conference on Artificial Intelligence (AAAI-24) Large Language Models Are Neurosymbolic Reasoners Meng Fang* 1,2 , Shilong Deng* 1 , Yudi Zhang* 2 , Zijing Shi3 , Ling Chen3 , Mykola Pechenizkiy2 , Jun Wang4 1 University of Liverpool, United Kingdom 2 Eindhoven University of Technology, Netherlands 3 University of Technology Sydney, Australia 4 University College London, United Kingdom {Meng.Fang, shilong.deng}@liverpool.ac.uk, {y.zhang5, m.pechenizkiy}@tue.nl, zijing.shi@student.uts.edu.au, ling.chen@uts.edu.au, j.wang@cs.ucl.ac.uk Abstract et al. 2018; Wang et al. 2022a). The challenges escalate in text-based games that involve symbolic tasks (Wang et al. A wide range of real-world applications is characterized by their symbolic nature, necessitating a strong capability for 2022b). For instance, contemporary agents might be tasked symbolic reasoning. This paper investigates the potential ap- with a scenario where they are required to solve a mathemat- plication of Large Language Models (LLMs) as symbolic ical problem and simultaneously gather a specified amount reasoners. We focus on text-based games, significant bench- of fruits, with the quantity needed being the solution to the marks for agents with natural language capabilities, particu- math problem. larly in symbolic tasks like math, map reading, sorting, and applying common sense in text-based worlds. To facilitate Using symbolic modules or external tools for arithmetic, these agents, we propose an LLM agent designed to tackle navigation, sorting, and knowledge-base lookup is cru- symbolic challenges and achieve in-game objectives. We be- cial for language agents, especially in complex text-based gin by initializing the LLM agent and informing it of its role. games (Lample and Charton 20"
193," The Thirty-Eighth AAAI Conference on Artificial Intelligence (AAAI-24) LR-XFL: Logical Reasoning-Based Explainable Federated Learning Yanci Zhang, Han Yu School of Computer Science and Engineering, Nanyang Technological University, Singapore Joint NTU-WeBank Research Centre on Fintech, Nanyang Technological University, Singapore {yanci001, han.yu}@ntu.edu.sg Abstract humans by providing explanations. A wide range of studies have successfully provided explanations for black-box AI Federated learning (FL) is an emerging approach for train- ing machine learning models collaboratively while preserving models. For instance, approaches like Grad-CAM (Selvaraju data privacy. The need for privacy protection makes it difficult et al. 2017) analyse the output of the final convolutional for FL models to achieve global transparency and explainabil- layer of a given neural network and calculate how changes ity. To address this limitation, we incorporate logic-based ex- to each region of an input image affect the output to iden- planations into FL by proposing the Logical Reasoning-based tify the most important image regions for decision-making. eXplainable Federated Learning (LR-XFL) approach. Under Model-agnostic algorithms like SHAP (Lundberg and Lee LR-XFL, FL clients create local logic rules based on their lo- 2017) and LIME (Ribeiro, Singh, and Guestrin 2016) as- cal data and send them, along with model updates, to the FL sess the importance of features at the instance level. How- server. The FL server connects the local logic rules through a ever, these approaches cannot clearly illustrate the model proper logical connector that is derived based on properties of decision-making processes, but rather provide a post-hoc client data, without requiring access to the raw data. In "
194,"The integration of learning and reasoning is one (e.g. constants or atoms), symbols versus sub-symbols of the key challenges in artificial intelligence and machine (e.g. embeddings). learning today. The area of Neuro-Symbolic AI (NeSy) tack- 6. Degree of integration. We analyzed to which extent hy- les this challenge by integrating symbolic reasoning with brid systems retain properties of the base paradigms, i.e. neural networks. In our recent work (De Raedt et al. 2020; deep learning, computational logic and probability the- Marra et al. 2024), we provided an"
195," The Thirty-Eighth AAAI Conference on Artificial Intelligence (AAAI-24) Program Synthesis with Best-First Bottom-Up Search (Abstract Reprint) Saqib Ameen1 , Levi H. S. Lelis1 1 Department of Computing Science, Alberta Machine Intelligence Institute (Amii), University of Alberta, Canada Abstract Reprint. This is an abstract reprint of a journal article by Ameen and Lelis (2023). Abstract Cost-guided bottom-up search (BUS) algorithms use a cost function to guide the search to solve program synthesis tasks. In this paper, we show that current state-of-the-art cost-guided BUS algorithms suffer from a common prob- lem: they can lose useful information given by the model and fail to perform the search in a best-first order according to a cost function. We introduce a novel best-first bottom-up search algorithm, which we call Bee Search, that does not suffer information loss and is able to perform cost-guided bottom-up synthesis in a best-first manner. Importantly, Bee Search performs best-first search with respect to the gen- eration of programs, i.e., it does not even create in mem- ory programs that are more expensive than the solution pro- gram. It attains best-first ordering with respect to genera- tion by performing a search in an abstract space of program costs. We also introduce a new cost function that better uses the information provided by an existing cost model. Empir- ical results on string manipulation and bit-vector tasks show that Bee Search can outperform existing cost-guided BUS approaches when employing more complex domain-specific languages (DSLs); Bee Search and previous approaches per- form equally well with simpler DSLs. Furthermore, our new cost function with Bee Search outperforms previous cost functions on string manipulation tasks. References Ameen, "
196,"Although state-of-the-art hierarchical robot planning algo- rithms allow robots to efficiently compute long-horizon mo- tion plans for achieving user desired tasks, these methods typ- ically rely upon environment-dependent state and action ab- stractions that need to be hand-designed by experts. On the other hand, non-hierarchical robot planning approaches fail (a) (b) (c) to compute solutions for complex tasks that require reason- ing over a long horizon. My research addresses these prob- lems by proposing an approach for learning abstractions and Figure 1: The figure shows the overall approach of my re- developing hierarchical planners that efficiently use learned search. (a) shows the ground input motion planning prob- abstractions to boost robot planning performance and provide lem. The next step is to identify critical regions as show in strong guarantees of reliability. (b) and use them synthesize abstract states and actions as shown in (c) using colored cell and arrows respectively."
197," The Thirty-Eighth AAAI Conference on Artificial Intelligence (AAAI-24) Neuro-Symbolic Integration for Reasoning and Learning on Knowledge Graphs Luisa Werner Univ. Grenoble Alpes, Inria, CNRS, Grenoble INP, LIG F-38000 Grenoble, France luisa.werner@inria.fr Abstract However, many existing knowledge graphs suffer from in- completeness and noise. Hence, knowledge graph comple- The goal of this thesis is to address knowledge graph com- pletion tasks using neuro-symbolic methods. Neuro-symbolic tion tasks have gained importance. These tasks are addressed methods allow the joint use of symbolic information defined by knowledge graph embedding methods (Dai et al. 2020), as rules in ontologies and knowledge graph embedding meth- which aim to find low-dimensional vector representations ods that represent the entities and the relations of the graph in for entities and relations in the knowledge graph. the vector space. This approach has the potential to improve Given a knowledge graph, rules can be defined that the the resolution of knowledge graph completion tasks in terms triples must respect. These rules are typically encoded in of reliability, interpretability, data efficiency and robustness. an ontology. Given the example triple (BillGates, founderOf, Microsoft) the subject linked with Background the relation founderOf has to be of type Person and the object of type Organization. Such rules can also Neural-Symbolic Integration describe multiple relations with transitivity, symmetry or Neuro-Symbolic AI (Sarker et al. 2021) is an increasingly antisymmetry for example, such as children(x,y) active research field that aims to integrate the paradigms of =⇒ parent(y,x) or children(x,y) ∧ symbolic AI with connectionist models. While the strength children(y,z) =⇒ grandchildren(x,"
198," The Thirty-Ninth AAAI Conference on Artificial Intelligence (AAAI-25) Progressive Self-Learning for Domain Adaptation on Symbolic Regression of Integer Sequences Yaohui Zhu1 , Kaiming Sun2 , Zhengdong Luo3 , Lingfeng Wang1 * 1 College of Information Science and Technology, Beijing University of Chemical Technology 2 School of Computer Science, Shenyang Aerospace University 3 Xinjiang Technical Institute of Physics and Chemistry, Chinese Academy of Sciences {yaohui.zhu, lfwang}@buct.edu.cn, sunkaiming@stu.sau.edu.cn, luozhengdong21@mails.ucas.edu.cn Abstract Target sequence Formula generator 1, 1, 2, 5, 14, 42, t Transformer M Symbolic Regression of Integer Sequences (SRIS) aims to S 132, 429, 1430… discover precise mathematical formulas from integer se- Verification quences. The neural machine translation-based method of SRIS trains the model using randomly generated data, and ^ 1, 1, 2, 5, 14, 42, a1  1 (4n  6) an 1 ^ directly utilizes the trained model for inference on target se- S t 132, 429, 1430… an  Ft n quences. However, the method often fails to effectively gen- Prediction sequence Candidate formula eralize to the target sequence, since the randomly generated data can not adequately cover the distributions of target data, Figure 1: The process of formula verification. The correct- i.e., there are distribution differences between them. In this work, we propose a progressive self-learning (PSL) method ness of F̂ t is checked by comparing S t and Ŝ t term by term. to explicitly capture sequence-formula distributions of the target domain. Specifically, a source domain dataset is gen- erated by incorporating initial terms of the target domain to prime conjectures (Wang 2022), but also serves modern sci- reduce the sequence distribution gap between the source do"
199," The Thirty-Ninth AAAI Conference on Artificial Intelligence (AAAI-25) NeSyCoCo: A Neuro-Symbolic Concept Composer for Compositional Generalization Danial Kamali, Elham J. Barezi, Parisa Kordjamshidi Michigan State University {kamalida, jebalbar, kordjams}@msu.edu Abstract domain, typically involving a set of predefined predicates, which limits the flexibility and coverage of linguistic lexical Compositional generalization is crucial for artificial intel- variety in concepts appearing in language and vision modal- ligence agents to solve complex vision-language reason- ing tasks. Neuro-symbolic approaches have demonstrated ities. Moreover, obtaining the domain predicates from the promise in capturing compositional structures, but they face raw modalities at an appropriate level of abstraction is chal- critical challenges: (a) reliance on predefined predicates for lenging. Additionally, integrating symbolic and neural mod- symbolic representations that limit adaptability, (b) difficulty els requires differentiable operations for composing primi- in extracting predicates from raw data, and (c) using non- tive concepts, which still poses a challenge. differentiable operations for combining primitive concepts. Recent advancements in artificial intelligence have aimed To address these issues, we propose NeSyCoCo, a neuro- to emulate human reasoning through various models and symbolic framework that leverages large language models techniques. Leveraging large language models for visual (LLMs) to generate symbolic representations and map them to differentiable neural computations. NeSyCoCo introduces reasoning has shown notable promise, with methods such as three innovations: (a) augmenting natural language inputs VisProg (Gupta and Kembhavi 2023) and ViperGPT (Surı́s with dep"
200," The Thirty-Ninth AAAI Conference on Artificial Intelligence (AAAI-25) Online Prompt Selection for Program Synthesis Yixuan Li1 , Lewis Frampton1 , Federico Mora2 , Elizabeth Polgreen1 1 University of Edinburgh, UK 2 University of California, Berkeley, USA {yixuan.li.cs, elizabeth.polgreen}@ed.ac.uk Abstract from many different prompting styles. Finally, compound- ing the challenge of these choices, calling LLMs is often Large Language Models (LLMs) demonstrate impressive ca- expensive (in terms of computational cost, or the financial pabilities in the domain of program synthesis. This level cost of using commercial APIs), and so making the wrong of performance is not, however, universal across all tasks, all LLMs and all prompting styles. There are many areas choice for a large set of synthesis tasks is highly undesirable. where one LLM dominates, one prompting style dominates, This paper addresses these gaps through an online learning or where calling a symbolic solver is a better choice than an method that, given a synthesis task, will predict whether a LLM. A key challenge for the user then, is to identify not symbolic solver or LLM, from a portfolio of LLMs, is most only when an LLM is the right choice of solver, and the ap- likely to solve the problem, with a corresponding prompting propriate LLM to call for a given synthesis task, but also the style. right way to call it. A non-expert user who makes the wrong We collate a portfolio of prompting styles and language choice, incurs a cost both in terms of results (number of tasks models, which we combine into LLM-prompt pairs that we solved, and the time it takes to solve them) and financial cost, refer to as “solvers”. We formulate the task of ranking the if using a closed-source language model via a commercial sol"
201,"ASP-Core-2 semantics, some notable exceptions are more naturally represented using recursive aggregates, which are This paper shows that the semantics of programs with ag- not allowed by ASP-Core-2. One of these examples is gregates implemented by the solvers clingo and dlv can be characterized as extended First-Order formulas with inten- the Company Control problem, which consists of finding sional functions in the logic of Here-and-There. Furthermore, companies that control other companies by (directly or in- this characterization can be used to study the strong equiva- directly) owning a majority of their shares. This problem lence of programs with aggregates under either semantics. We has been encoded in the literature using the following logic also present a transformation that reduces the task of checking program (Pelov, Denecker, and Bruynooghe 2007; Faber, strong equivalence to reasoning in classical First-Order logic, Pfeifer, and Leone 2011; Mumick, Pirahesh, and Ramakrish- which serves as a foundation for automating this procedure. nan 1990; Kemp and Stuckey 1991; Ross and Sagiv 1997): ctrStk(C1,C1,C2,P) :- ownsStk(C1,C2,P). (1)"
202,"ing about attack trees and graphs (Fandinno, Faber, and Gel- fond 2022). It is worth noting that the computational com- This paper introduces a general framework for generate-and- plexity of ELPs is higher than that of ASP: the problem of test-based solvers for epistemic logic programs that can be instantiated with different generator and tester programs. It determining whether an ELP has a solution (called world- proves sufficient conditions on those programs for the cor- view) is ΣP3 -complete (Truszczynski 2011), one level higher rectness of the solvers built using this framework. It also in- in the polynomial hierarchy than the complexity deciding troduces a new generator program that incorporates the prop- whether an objective program has a stable model (Dantsin agation of epistemic consequences and shows that this can et al. 2001). Hence, the development of efficient tools to exponentially reduce the number of candidates that need to solve ELPs, called ELP solvers, is crucial for exploiting be tested while only incurring a linear overhead. We imple- the high expressivity capabilities of ELPs in practice. Ex- ment a new solver based on these theoretical findings and isting ELP solvers can be classified in three categories: experimentally show that it outperforms existing solvers by post-processing-based, generate-and-test-based, and trans- achieving a ∼3.3x speed-up and solving 91% more instances lational-based. Early solvers were post-processing-based as on well-known benchmarks. they use an ASP solver to compute all stable models of some objective (or non-epistemic) program that are post-"
203,"We study reasoning about relative position, orientation and distance of moving objects in 2D space. We first construct a new hybrid calculus HOPA by augmenting qualitative dis- tance and quantitative constraints into Oriented Point Rela- tion Algebra (OPRA ). Then we develop a framework for consistency checking and reasoning with HOPA using An- Figure 1: Robotic sensing and motion planning scenario swer Set Programming. This framework can also explain the source of inconsistency, infer new knowledge and generate a layout of objects and their orientation in the discrete space. The framework is capable of reasoning with (un)certain, par- and fleet management. Such relative location and distance tial and presumed information. We evaluate efficiency and information can be quantitative (e.g. the tanker robot is lo- scalability of our method by computational experiments, and cated at 12 m distance and 53o angle of robot 2) as well illustrate its applications with sample scenarios from robotic as qualitative or coarse (e.g. robot 5 is to the left-back and perception and marine navigation. near to robot 7, ship 3 is at starboard of ship 4). The latter is relevant in contexts with human presence or data obtained"
204," The Thirty-Ninth AAAI Conference on Artificial Intelligence (AAAI-25) Relational Neurosymbolic Markov Models Lennert De Smet* 1 , Gabriele Venturato* 1 , Luc De Raedt†1,2 , Giuseppe Marra†1 1 KU Leuven, Belgium 2 Örebro University, Sweden firstname.lastname@kuleuven.be Abstract the representational learning prowess of neural networks. Sequential problems are ubiquitous in AI, such as in rein- This integration can improve interpretability (Ciatto et al. forcement learning or natural language processing. State-of- 2024) and provably satisfy logical constraints. For exam- the-art deep sequential models, like transformers, excel in ple, to guarantee the safety of an autonomous agent (Yang these settings but fail to guarantee the satisfaction of con- et al. 2023), to constrain autoregressive language genera- straints necessary for trustworthy deployment. In contrast, tion (Zhang et al. 2023) or to impose physical modelling neurosymbolic AI (NeSy) provides a sound formalism to en- into temporal forecasting (Reichstein et al. 2019). force constraints in deep probabilistic models but scales ex- Such a combination already exists in many different ponentially on sequential problems. To overcome these limi- flavours, using either fuzzy logic (Badreddine et al. 2022) tations, we introduce relational neurosymbolic Markov mod- els (NeSy-MMs), a new class of end-to-end differentiable se- or probabilistic logic (Manhaeve et al. 2021; Yang, Ishay, quential models that integrate and provably satisfy relational and Lee 2020; Huang et al. 2021; De Smet et al. 2023), and logical constraints. We propose a strategy for inference and either propositional or relational logic (Marra et al. 2024). learning that scales on sequential settings, and that combines The probabilistic case is of special"
205," The Thirty-Ninth AAAI Conference on Artificial Intelligence (AAAI-25) Efficient Rectification of Neuro-Symbolic Reasoning Inconsistencies by Abductive Reflection Wen-Chao Hu1,2 , Wang-Zhou Dai1,3 , Yuan Jiang1,2 , Zhi-Hua Zhou1,2 1 National Key Laboratory for Novel Software Technology, Nanjing University, China 2 School of Artificial Intelligence, Nanjing University, China 3 School of Intelligence Science and Technology, Nanjing University, China {huwc, daiwz, jiangy, zhouzh}@lamda.nju.edu.cn Abstract of full symbolic reasoning ability often occurs during these relaxation or approximation, hampering the ability of gener- Neuro-Symbolic (NeSy) AI could be regarded as an analogy ating reliable output. to human dual-process cognition, modeling the intuitive Sys- tem 1 with neural networks and the algorithmic System 2 with Abductive Learning (ABL) (Zhou 2019; Zhou and Huang symbolic reasoning. However, for complex learning targets, 2022) is a framework for bridging machine learning and log- NeSy systems often generate outputs inconsistent with do- ical reasoning while preserving full expressive power in each main knowledge and it is challenging to rectify them. Inspired side. In ABL, the machine learning component first con- by the human Cognitive Reflection, which promptly detects verts raw data into primitive symbolic outputs. These out- errors in our intuitive response and revises them by invoking puts can be utilized by the symbolic reasoning component, the System 2 reasoning, we propose to improve NeSy systems which leverages domain knowledge and performs abduction by introducing Abductive Reflection (ABL-Refl) based on the to generate a revised, more reliable output. However, previ- Abductive Learning (ABL) framework. ABL-Refl leverages ous implementations of ABL req"
206," The Thirty-Ninth AAAI Conference on Artificial Intelligence (AAAI-25) Dimension Reduction for Symbolic Regression Paul Kahlmeyer, Markus Fischer, Joachim Giesen Friedrich Schiller University Jena paul.kahlmeyer@uni-jena.de, markus.fischer@uni-jena.de, joachim.giesen@uni-jena.de Abstract et al. (2020). Washburn’s equation describes the penetration length (L) of a liquid into a capillary pore as a function of Solutions of symbolic regression problems are expressions that are composed of input variables and operators from a time (t), properties of the liquid, namely, its dynamic viscos- finite set of function symbols. One measure for evaluating ity (η) and its surface tension (γ), and the geometry of the symbolic regression algorithms is their ability to recover for- set-up, that is, the pore’s radius (r) and the contact angle (ϕ) mulae, up to symbolic equivalence, from finite samples. Not between the pore and the liquid. A key insight from Wash- unexpectedly, the recovery problem becomes harder when the burn’s equation is that the penetration length grows propor- formula gets more complex, that is, when the number of vari- tionally to the square root of the time variable, and the factor ables and operators gets larger. Variables in naturally occur- of proportionality is a function of the liquid’s properties and ring symbolic formulas often appear only in fixed combina- the geometry of the set-up. The right-hand side of Wash- tions. This can be exploited in symbolic regression by sub- burn’s equation, short Washburn’s formula, is a valid sym- stituting one new variable for the combination, effectively re- bolic expression that is composed of five input variables ducing the number of variables. However, finding valid sub- stitutions is challenging. Here, we address this ch"
207,"4 Solving systems of ordinary differential equations (ODEs) is 2 essential when it comes to understanding the behavior of dy- namical systems. Yet, automated solving remains challeng- 0 y2 ing, in particular for nonlinear systems. Computer algebra systems (CASs) provide support for solving ODEs by first 2 simplifying them, in particular through the use of Lie point symmetries. Finding these symmetries is, however, itself a 4 difficult problem for CASs. Recent works in symbolic regres- 4 3 2 1 0 1 2 sion have shown promising results for recovering symbolic y1 expressions from data. Here, we adapt search-based symbolic regression to the task of finding generators of Lie point sym- Figure 1: Three numerical solutions for the example ODEs metries. With this approach, we can find symmetries of ODEs that existing CASs cannot find. y ′ = [−y2 , y1 ] in state space. Time steps are equally spaced between two adjacent points of a single trajectory."
208," The Thirty-Ninth AAAI Conference on Artificial Intelligence (AAAI-25) E CO S EARCH: A No-delay Best-First Search Algorithm for Program Synthesis Théo Matricon1 , Nathanaël Fijalkow1 , Guillaume Lagarde2 1 LaBRI, CNRS, France, 2 LaBRI, Université de Bordeaux, France, Abstract models, while B USTLE (Odena et al. 2021) leverages prob- abilistic methods for defining a heuristic cost function. Very Many approaches to program synthesis perform a combina- torial search within a large space of programs to find one recently, LLMs have been used for guiding combinatorial that satisfies a given specification. To tame the search space search (Li, Parsert, and Polgreen 2024; Li and Ellis 2024). blowup, previous works introduced probabilistic and neural Best-first search algorithms explore the space in the ex- approaches to guide this combinatorial search by inducing act order induced by the cost function: this significantly re- heuristic cost functions. Best-first search algorithms ensure duces the portion of the program space to be explored. Since to search in the exact order induced by the cost function, sig- E UPHONY (Alur, Radhakrishna, and Udupa 2017)’s use of nificantly reducing the portion of the program space to be ex- A∗ algorithm, several best-first search algorithms have been plored. We present a new best-first search algorithm called constructed (Shi, Bieber, and Singh 2022; Ellis et al. 2021; E CO S EARCH, which is the first constant-delay algorithm for Fijalkow et al. 2022; Ameen and Lelis 2023). pre-generation cost function: the amount of compute required between outputting two programs is constant, and in particu- The major issue of best-first search algorithms is that they lar does not increase over time. This key property yields im- slow down over time. This is"
209," The Thirty-Ninth AAAI Conference on Artificial Intelligence (AAAI-25) Enhancing SQL Query Generation with Neurosymbolic Reasoning Henrijs Princis1 , Cristina David2 , Alan Mycroft1 1 University of Cambridge, Cambridge CB3 0FD, UK 2 University of Bristol, Bristol BS8 1QU, UK princish@cardiff.ac.uk, alan.mycroft@cl.cam.ac.uk, cristina.david@bristol.ac.uk Abstract long-term proof planning (Saparov and He 2023; Bubeck et al. 2023), especially in scenarios where multiple valid de- We propose a neurosymbolic architecture aimed at boosting duction steps exist. Even when multiple paths are consid- the performance of any Language Model (LM) for SQL query ered (Yao et al. 2023), decisions are still based on the LM generation. This approach leverages symbolic reasoning to guide the LM’s exploration of the search space by consider- self-evaluating its choices. ing multiple paths, symbolically evaluating choices at each In this work, we propose an architecture for SQL query decision point to choose the next step, with the added novel generation that leverages symbolic reasoning to enable the ability to backtrack. A key innovation is the use of symbolic nonlinear exploration of the search space. Our approach checks on both incomplete and fully generated SQL queries, navigates a solution tree using Best-First Search (Pearl enabling early truncation of unsuccessful search paths. Input 1984), with support for backtracking. This architecture is consists of textual requirements on the desired query, along compatible with any pretrained LM, and we apply it to sev- with optional example tuples to be selected by the query. Ex- eral smaller, open-source LMs, where we show that it im- periments on Xander, our open-source implementation, show it both reduces runtime and increases accuracy of t"
210," The Thirty-Ninth AAAI Conference on Artificial Intelligence (AAAI-25) Zero-Shot Conditioning of Score-Based Diffusion Models by Neuro-Symbolic Constraints Davide Scassola1,2 , Sebastiano Saccani2 , Ginevra Carbone2 , Luca Bortolussi1 1 AILAB, University of Trieste, Trieste, Italy 2 Aindo, AREA Science Park, Trieste, Italy davide.scassola@phd.units.it, sebastiano@aindo.com, ginevracoal@gmail.com, lbortolussi@units.it Abstract is only learned through labelled data, even when the con- straint is a user-defined function. As a consequence, zero- Score-based diffusion models have emerged as effective ap- shot conditional generation with arbitrary but formal logical proaches for both conditional and unconditional generation. constraints specified at inference time is currently hard. This Still conditional generation is based on either a specific train- ing of a conditional model or classifier guidance, which re- would be useful in different contexts, for example: quires training a noise-dependent classifier, even when a clas- • Tabular data: generation of entries that obey formal re- sifier for uncorrupted data is given. We propose a method quirements described by logical formulas, without a spe- that, given a pre-trained unconditional score-based generative cific training for every formula. model, samples from the conditional distribution under arbi- trary logical constraints, without requiring additional train- • Surrogate models: using unconditional surrogate mod- ing. Differently from other zero-shot techniques, that rather els to efficiently sample imposing physical constraints, aim at generating valid conditional samples, our method is or exploring scenarios defined by additional constraints. designed for approximating the true conditional distribution. Firstly, we show"
211," The Thirty-Ninth AAAI Conference on Artificial Intelligence (AAAI-25) Noise-Resilient Symbolic Regression with Dynamic Gating Reinforcement Learning Chenglu Sun1 , Shuo Shen1 , Wenzhi Tao1 , Deyi Xue1 , Zixia Zhou2 * 1 Cooperation Product Department, Interactive Entertainment Group, Tencent 2 Stanford University {clivesun, svenshen, simontao, davexue}@tencent.com, zixia@stanford.edu Abstract Symbolic regression (SR) stands out as a promising tech- nology, aiming to discover the correct symbolic expression Symbolic regression (SR) has emerged as a pivotal technique for uncovering the intrinsic information within data and en- for an unknown function f that best fits the dataset with hancing the interpretability of AI models. However, current yi = f (Xi ). SR has the potential to explain black-box sys- state-of-the-art (sota) SR methods struggle to perform cor- tems with simple, accurate, intelligible expressions, enhanc- rect recovery of symbolic expressions from high-noise data. ing the development of data-driven AI systems (Udrescu and To address this issue, we introduce a novel noise-resilient Tegmark 2020; Oliveira et al. 2018; Jiang and Xue 2023; SR (NRSR) method capable of recovering expressions from Udrescu et al. 2020; Kim et al. 2020; Petersen et al. 2021; high-noise data. Our method leverages a novel reinforcement Kamienny et al. 2022, 2023). Despite its promise, SR is dif- learning (RL) approach in conjunction with a designed noise- ficult due to the exponentially large combinatorial space of resilient gating module (NGM) to learn symbolic selection symbolic expressions. Traditional SR methods are usually policies. The gating module can dynamically filter the mean- based on genetic programming (GP) (Schmidt and Lipson ingless information from high-noise data, "
212," The Thirty-Ninth AAAI Conference on Artificial Intelligence (AAAI-25) Neural-Symbolic Collaborative Distillation: Advancing Small Language Models for Complex Reasoning Tasks Huanxuan Liao1,2 , Shizhu He1,2 * , Yao Xu1,2 , Yuanzhe Zhang4 , Kang Liu1,2,3 , Jun Zhao1,2 1 The Key Laboratory of Cognition and Decision Intelligence for Complex Systems, Institute of Automation, Chinese Academy of Sciences, Beijing, China 2 School of Artificial Intelligence, University of Chinese Academy of Sciences, Beijing, China 3 Shanghai Artificial Intelligence Laboratory, Shanghai, China 4 National Science Library, Chinese Academy of Sciences, Beijing, China liaohuanxuan2023@ia.ac.cn {yao.xu, shizhu.he, kliu, jzhao}@nlpr.ia.ac.cn Abstract high computational costs and expensive API calls required for LLMs (e.g., ChatGPT and LLaMA3-70B), enhancing In this paper, we propose Neural-Symbolic Collaborative Small Language Models (SLMs, e.g., ≤ 7B) to handle com- Distillation (NesyCD), a novel knowledge distillation method for learning the complex reasoning abilities of Large Lan- plex reasoning efficiently is more practical and crucial for guage Models (LLMs, e.g., >13B). We argue that com- large-scale deployment. plex reasoning tasks are difficult for Small Language Mod- To meet the practical needs mentioned above, many re- els (SLMs, e.g., ≤ 7B), as these tasks demand not only gen- search efforts (Magister et al. 2023; Hsieh et al. 2023; Li eral cognitive abilities but also specialized knowledge, which et al. 2024b) in recent years have proposed the transfer of is often sparse and difficult for these neural-based SLMs to reasoning capabilities from teacher LLMs to student SLMs effectively capture. Therefore, NesyCD distills the general through CoT distillation (shown in the middle of Figure 1)"
213," The Thirty-Ninth AAAI Conference on Artificial Intelligence (AAAI-25) GNS: Solving Plane Geometry Problems by Neural-Symbolic Reasoning with Multi-Modal LLMs Maizhen Ning* 1,2 , Zihao Zhou* 1,2 , Qiufeng Wang1† , Xiaowei Huang2 , Kaizhu Huang3 1 School of Advanced Technology, Xi’an Jiaotong-Liverpool University 2 University of Liverpool 3 Duke Kunshan University maizhen.ning16@student.xjtlu.edu.cn, qiufeng.wang@xjtlu.edu.cn Abstract 75 Original Performance Trained with Our GNS 62 63.9 63.9 GPT-4o 61.1 With the outstanding capabilities of Large Language Mod- 60 55.3 els (LLMs), solving math word problems (MWP) has greatly progressed, achieving higher performance on several bench- 45GPT-4V 43.3 40.9 mark datasets. However, it is more challenging to solve plane geometry problems (PGPs) due to the necessity of 29.3 30 26.4 understanding, reasoning and computation on two modal- 19.7 ity data including both geometry diagrams and textual ques- tions, where Multi-Modal Large Language Models (MLLMs) 15 have not been extensively explored. Previous works simply regarded a plane geometry problem as a multi-modal QA 0 task, which ignored the importance of explicitly parsing ge- DeepSeek MiniCPM LLaVA LLaVA Phi3 ometric elements from problems. To tackle this limitation, -VL-1.7B -V2.5-8B -1.5-7B -1.5-13B -Vision-4.2B we propose to solve plane Geometry problems by Neural- Symbolic reasoning with MLLMs (GNS). We first leverage Figure 1: Performance improvements with different base an MLLM to understand PGPs through knowledge predic- MLLMs trained by our GNS framework. Experiments were tion and symbolic parsing, next perform mathematical rea- conducted on MathVista-testmini plane geometry problem soning to obtain solutions, and last adopt a symbolic solver to solving task (GPS). Our me"
214," The Thirty-Ninth AAAI Conference on Artificial Intelligence (AAAI-25) MDD-5k: A New Diagnostic Conversation Dataset for Mental Disorders Synthesized via Neuro-Symbolic LLM Agents Congchi Yin1,2 * , Feng Li1 , Shu Zhang1 , Zike Wang1 * , Jun Shao1† , Piji Li2 , Jianhua Chen3,4,5,6† , Xun Jiang1,2 1 Theta Health Inc. 2 Chen Frontier Lab for AI and Mental Health, Tianqiao and Chrissy Chen Institute, Shanghai, China 3 Shanghai Mental Health Center 4 Shanghai Jiao Tong University School of Medicine 5 Shanghai Clinical Research Center for Mental Health 6 Shanghai Key Laboratory of Psychotic Disorders congchi.yin@gmail.com, {jun.shao, xun.jiang}@thetahealth.ai, jianhua.chen@smhc.org.cn Abstract Patient Case Diagnostic Conversation Age: 20 Gender: Female One-to-One Doctor: Do you find yourself The clinical diagnosis of most mental disorders primarily ICD-10: F32.901 PatientCase- overeating at times? Diagnosis result: Depression relies on the conversations between psychiatrist and pa- Chief complaint: L w m … to-Dialogue Patient: Overeating? This is tient. The creation of such diagnostic conversation datasets Generation unlikely to happen. I History of present illness: A Framework is promising to boost the AI mental healthcare community. generally have little appetite year ago, the patient often and a low desire to eat. However, directly collecting the conversations in real diagno- felt h peless… sis scenarios is near impossible due to stringent privacy and (a) Previous one-to-one patinetcase-to-dialogue generation ethical considerations. To address this issue, we seek to syn- thesize diagnostic conversation by exploiting anonymized pa- Patient Case Diagnostic Conversation tient cases that are easier to access. Specifically, we design a Age: 20 Gender: Female ICD-10: F32.901 On"
215," The Thirty-Ninth AAAI Conference on Artificial Intelligence (AAAI-25) Learning Logic Specifications for Policy Guidance in POMDPs: an Inductive Logic Programming Approach Daniele Meli, Alberto Castellini, Alessandro Farinelli University of Verona Abstract Reprint. This is an abstract reprint of a journal article by Meli, Castellini, and Farinelli (2024). Abstract Partially Observable Markov Decision Processes (POMDPs) are a powerful framework for planning under uncertainty. They allow to model state uncertainty as a belief prob- ability distribution. Approximate solvers based on Monte Carlo sampling show great success to relax the computa- tional demand and perform online planning. However, scal- ing to complex realistic domains with many actions and long planning horizons is still a major challenge, and a key point to achieve good performance is guiding the action- selection process with domain-dependent policy heuristics which are tailored for the specific application domain. We propose to learn high-quality heuristics from POMDP traces of executions generated by any solver. We convert the belief- action pairs to a logical semantics, and exploit data- and time-efficient Inductive Logic Programming (ILP) to gen- erate interpretable belief-based policy specifications, which are then used as online heuristics. We evaluate thoroughly our methodology on two notoriously challenging POMDP problems, involving large action spaces and long plan- ning horizons, namely, rocksample and pocman. Consider- ing different state-of-the-art online POMDP solvers, includ- ing POMCP, DESPOT and AdaOPS, we show that learned heuristics expressed in Answer Set Programming (ASP) yield performance superior to neural networks and similar to optimal handcrafted task-specific heuristics within low"
216," The Thirty-Ninth AAAI Conference on Artificial Intelligence (AAAI-25) Neuro-Guided Graph Search for Symbolic Regression (Student Abstract) Piotr Wyrwiński, Krzysztof Krawiec Institute of Computing Science, Poznan University of Technology, Poznan, Poland {piotr.wyrwinski, krawiec}@cs.put.poznan.pl Abstract Initial state Expansion #1 Expansion #2 This study introduces a neurosymbolic approach that per- forms iterative graph expansion guided by a graph neural net- work to solve symbolic regression problems. Empirical evalu- ation demonstrates superior performance of the method com- pared to baseline algorithms. We also integrate the method with an evolutionary algorithm, which results in further per- formance improvements. Motivations Symbolic regression (SR) (Koza 1994; Schmidt and Lip- son 2009) is a generalization of the conventional regression, where both the mathematical formula of the model and its value application operator parameters are synthesised from data. Formally, the task is to node node node discover a formula that maps d independent variables xi ∈ Rn , represented as columns in matrix X = [x1 , x2 , . . . , xd ], to a dependent variable y, aiming to minimise the approxi- Figure 1: An example of a graph constructed by NUDGE. mation error (e.g., Mean Squared Error) on a training dataset T = {(x(j) , y (j) )}. Solving SR tasks involves joint combi- natorial search in the space of symbolically represented for- by expanding Gk = (N, E) with a ‘layer’ of new nodes and mulas and continuous optimization of its parameters. The in- edges chosen by the GNN: (i) application nodes Na , each terplay between these two search spaces is very complex, be- representing the application of an operation from O to ar- cause qualitative modifications of the formula (e.g. replac"
217,"Observation 𝐗 P(lava up |X) = 0.0 Probabilistic logic shields integrate deep reinforcement learn- P(lava left |X) = 0.1 Shielded policy 𝝅! ors P(lava right |X) = 0.9 ing (RL) with probabilistic logic reasoning to train agents Sens P(act(up)|X, safe) = 0.00 P(lava down |X) = 0.0 P(act(left)|X, safe) = 0.25 that operate in uncertain environments while giving strong P act(up) X = 0.0 P act(right) X, safe = 0.19 guarantees with respect to logical constraints, such as safety Polic y𝝅 P(act(left)|X) = 0.1 P act(down) X, safe = 0.56 properties. In this demo paper, we introduce a codebase that P act(right) X = 0.7 P act(down) X = 0.2 streamlines the design of custom MiniHack environments where neurosymbolic RL agents leverage probabilistic logic unsafe ← lava up ∧ act(up) unsafe ← lava left ∧ act(left) shields to learn safe and interpretable policies with strong … guarantees. Our framework allows expert users to easily de- safe ← ¬unsafe fine and train agents that integrate deep neural policies with probabilistic logic in arbitrarily complex games: from simple Figure 1: Example of Probabilistic Logic Shielding. exploration to planning and interacting with enemies. Addi- tionally, we provide a web-based platform that showcases our application, offering an interactive interface for the broader community to experiment with and explore the capabilities of Although the concept of combining symbolic reasoning neurosymbolic reinforcement learning. This lowers the bar- with deep learning is not new (Marra et al. 2024), practi- rier for researchers and developers, making it accessible for a cal implementations of safe RL through probabilistic logic wider audience to engage with safety-critical RL scenarios. shields remain limited. Most existing systems require highly specialised knowledge, which creates barriers for wider Code — https://github.com/ML-KULeuven/nesy-minihack adoption. Our work builds on Yang et al. (2023), and aims to Website — https://dtai.cs.kuleuven.be/projects/nesy/ lower these barriers by providing a flexible and user-friendly codebase. We extend Yang et al. (2023) by integrating it into the popular MiniHack (Samvelyan et al. 2021) environment,"
218," The Fortieth AAAI Conference on Artificial Intelligence (AAAI-26) NeuS-QA: Grounding Long-Form Video Understanding in Temporal Logic and Neuro-Symbolic Reasoning Sahil Shah1 , S P Sharan* 1 , Harsh Goel* 1 , Minkyu Choi1 , Mustafa Munir1 , Manvik Pasula2 , Radu Marculescu1 , Sandeep Chinchali1 1 The University of Texas at Austin, Texas, USA 2 Independent Researcher, USA {ss96869, spsharan, harshg99, minkyu.choi, mmunir}@utexas.edu Abstract span multiple events (Wu et al. 2024; Rawal et al. 2024; Choi et al. 2024; Wang et al. 2024a; Tan et al. 2025). For example, While vision-language models (VLMs) excel at tasks involv- as illustrated in Figure 1, a user watching a one-hour travel ing single images or short videos, they still struggle with vlog might ask: “After the man boarded the plane and sat Long Video Question Answering (LVQA) due to its de- mand for complex multi-step temporal reasoning. Vanilla ap- down, what did he grab?” proaches, which simply sample frames uniformly and feed Answering such questions demands more than surface- them to a VLM along with the question, incur significant to- level perception; it requires ➊ semantic grounding to iden- ken overhead. This forces aggressive downsampling of long tify entities and their interactions, ➋ temporal reasoning to videos, causing models to miss fine-grained visual structure, track and interpret the sequence of events, and ➌ compo- subtle event transitions, and key temporal cues. Recent works sitionality to integrate these temporally distinct sub-events attempt to overcome these limitations through heuristic ap- into a coherent reasoning chain that aligns with the structure proaches; however, they lack explicit mechanisms for en- coding temporal relationships and fail to provide any for- and intent of the query."
219,"Similarly, suppose a learner tests the rule: The goal of inductive logic programming (ILP) is to find a r2 = f(A) ← odd(A), int(A) set of logical rules that generalises training examples and This rule is too general because it entails two negative ex- background knowledge. We introduce an ILP approach that amples (f(3) and f(9)). Therefore, a learner can ignore its identifies pointless rules. A rule is pointless if it contains a generalisations. A learner will not necessarily ignore its spe- redundant literal or cannot discriminate against negative ex- amples. We show that ignoring pointless rules allows an ILP cialisations because one could still be helpful, such as: system to soundly prune the hypothesis space. Our experi- r3 = f(A) ← odd(A), int(A), gt(A,3), lt(A,8) ments on multiple domains, including visual reasoning and This rule entails all the positive and none of the negative game playing, show that our approach can reduce learning examples. times by 99% whilst maintaining predictive accuracies. However, r2 and r3 are pointless because odd(A) implies int(A), so we can remove int(A) whilst preserving semantics. Code — https://github.com/logicand-learning-lab/aaai26- We call such rules reducible rules. implications Now consider the rule: Extended version — https://arxiv.org/pdf/2502.01232 f(A) ← lt(A,B) This rule entails all the positive and all the negative examples,"
220,"Given these examples and BK about the structures, an ILP system can induce a rule such as: The goal of inductive logic programming is to search for a hy- pothesis that generalises training data and background knowl- zendo(A) ← piece(A,B), size(B,C), blue(B), small(C) edge. The challenge is searching vast hypothesis spaces, which The fundamental challenge in ILP is searching large hypoth- is exacerbated because many logically equivalent hypotheses exist. To address this challenge, we introduce a method to esis spaces. Recent approaches tackle this challenge by dele- break symmetries in the hypothesis space. We implement our gating the search to an off-the-shelf solver, such as a Boolean idea in answer set programming. Our experiments on multiple satisfiability solver (Ahlgren and Yuen 2013; Hocquette et al. domains, including visual reasoning and game playing, show 2024) or an answer set programming (ASP) solver (Law, that our approach can reduce solving times from over an hour Russo, and Broda 2014; Kaminski, Eiter, and Inoue 2019; to 17 seconds. Cropper and Morel 2021; Evans et al. 2021). One problem for recent approaches is symmetries in the Code — https://github.com/logicand-learning-lab/aaai26- hypothesis space where many logically equivalent hypotheses symbreak exist. For instance, consider these two Zendo rules: Extended version — https://arxiv.org/pdf/2508.06263 r1 = zendo(A) ← piece(A,B), size(B,C), blue(B), small(C) r2 = zendo(A) ← piece(A,C), size(C,B), blue(C), small(B)"
221," The Fortieth AAAI Conference on Artificial Intelligence (AAAI-26) Self-Supervised Inductive Logic Programming Stassa Patsantzis University of Surrey s.patsantzis@surrey.ac.uk Abstract hand-picked to avoid over-generalisation. Given the right B, E + and E − , recent ILP systems can learn correct hy- Inductive Logic Programming (ILP) approaches like Meta - Interpretive Learning (MIL) can learn, from few examples, potheses with recursive clauses and invented predicates. recursive logic programs with invented predicates that gener- The ability to include background knowledge in training alise well to unseen instances. This ability relies on a back- data is a desirable characteristic of ILP systems, but the prac- ground theory and negative examples, both carefully selected tice of manually creating a target-specific background theory with expert knowledge of a learning problem and its solu- and selecting negative examples is a constant burden that tions. But what if such a problem-specific background the- limits the real-world application of ILP approaches. ory or negative examples are not available? We formalise this In this paper we present a new way to alleviate the afore- question as a new setting for Self-Supervised ILP and present mentioned burden on the user with a new algorithm for Self- a new MIL algorithm that learns in the new setting from some positive labelled, and zero or more unlabelled examples, and Supervised ILP, more specifically, Self-Supervised Meta- automatically generates, and labels, new positive and nega- Interpretive Learning(Muggleton et al. 2014) (MIL). The tive examples during learning. We implement this algorithm new algorithm, implemented in a new MIL system called in Prolog in a new MIL system, called Poker. We compare Poker1 , is “self-super"
222," The Fortieth AAAI Conference on Artificial Intelligence (AAAI-26) Delphi: A Neuro-Symbolic Framework for Individualized, Safe, and Interpretable Treatment Recommendation Muchan Tao1 * , Haonan Qin1 * , Yuqi Fang1† , Caifeng Shan1† , Tieniu Tan1† 1 School of Intelligence Science and Technology, Nanjing University, Nanjing, China {602024710012, 221900460}@smail.nju.edu.cn, {yqfang, cfshan, tnt}@nju.edu.cn Abstract et al. 2022; Drudi et al. 2024), which is well-suited for this task due to its ability to optimize long-term outcomes under Clinical reinforcement learning (RL) holds promise for treat- uncertainty. Prior studies have shown its promising results ment recommendation. However, its adoption is hindered by black box decision processes, limited safety guarantees, and a in the treatments of diseases such as sepsis, cancer, and dia- lack of individualized treatment. To address these issues, we betes (Yin et al. 2022; Drudi et al. 2024; Niraula et al. 2021; introduce Delphi, the first trainable neuro symbolic causal RL Wu et al. 2023). Although reinforcement learning has strong framework for dynamic treatment planning, designed to an- potential, most studies fail to meet clinical standards. They swer three core clinical questions: Why for this patient? Why lack clear explanations, have limited safety checks, and can- is it safe? Why this action? Specifically, Delphi constructs: not adjust to individual patient needs. We argue that inter- 1) causality aware state modeling, using discretized phys- pretability, safety, and personalization are highly critical for iological variables and subgroup specific causal graphs; 2) clinical use. Specifically, interpretability helps doctors un- adaptive symbolic rule constraints, combining clinical guide- derstand and trust the syste"
223," The Fortieth AAAI Conference on Artificial Intelligence (AAAI-26) Socrates or Smartypants: Testing Logic Reasoning Capabilities of Large Language Models with Logic Programming-Based Test Oracles Zihao Xu1 * , Junchen Ding1 * , Yiling Lou2 , Kun Zhang3 , Dong Gong1 , Yuekang Li1† 1 University of New South Wales, Australia 2 Fudan University, China 3 Carnegie Mellon University, USA 1 {zihao.xu2, junchen.ding, dong.gong, yuekang.li}@unsw.edu.au, 2 yilinglou@fudan.edu.cn, 3 kunz1@cmu.edu Abstract many examples remain trivial. To address these limitations, researchers introduced the COIG-CQIA benchmark (M-A-P Large Language Models (LLMs) have achieved significant progress in language understanding and reasoning. Evaluating 2024), which features subtle logical errors drawn from forum and analyzing their logical reasoning abilities has therefore posts on the Chinese platform ruozhiba. To adapt this content become essential. However, existing datasets and benchmarks to English, Zhai et al. (2025) proposed a translated bench- are often limited to overly simplistic, unnatural, or contextually mark. However, its reliance on direct Chinese-to-English constrained examples. In response to the growing demand, we translation weakens context-sensitive nuances critical for introduce S MARTY PAT-B ENCH, a challenging, naturally ex- evaluating logical reasoning. Moreover, the lack of anno- pressed, and systematically labeled benchmark derived from tated fallacy types limits the applicability for robust fallacy real-world high-quality Reddit posts containing subtle log- categorization. ical fallacies. Unlike existing datasets and benchmarks, it A key challenge remains: building a benchmark that is provides more detailed annotations of logical fallacies and features more diverse data. To fu"
224," The Fortieth AAAI Conference on Artificial Intelligence (AAAI-26) ProbLog4Fairness: A Neurosymbolic Approach to Modeling and Mitigating Bias Rik Adriaensen* 1 , Lucas Van Praet* 1 , Jessa Bekker1 , Robin Manhaeve1 , Pieter Delobelle1,2 , Maarten Buyl3 1 Department of Computer Science; Leuven.AI, KU Leuven, Belgium 2 Aleph Alpha GmbH, Heidelberg, Germany 3 IDLab, Ghent University, Belgium {rik.adriaensen, lucas.vanpraet}@kuleuven.be Abstract nuance to holistically consider all forms of bias in a specific use case (Selbst et al. 2019; Buyl and De Bie 2024). Operationalizing definitions of fairness is difficult in practice, Alternatively, we can focus directly on addressing the fac- as multiple definitions can be incompatible while each be- ing arguably desirable. Instead, it may be easier to directly tors that may cause algorithms to be unfair. We assume a sig- describe algorithmic bias through ad-hoc assumptions spe- nificant contributor to such unfairness is the presence of bi- cific to a particular real-world task, e.g., based on background asing mechanisms in the data generation process, as models information on systemic biases in its context. Such assump- trained on biased data typically inherit these biases (Mehrabi tions can, in turn, be used to mitigate this bias during training. et al. 2021). If we can explicitly model and adjust for these Yet, a framework for incorporating such assumptions that is mechanisms during the learning process, the resulting model simultaneously principled, flexible, and interpretable is cur- may ‘naturally’ produce fairer decisions, without ever need- rently lacking. Our approach is to formalize bias assump- ing to decide on a specific fairness constraint to optimize. tions as programs in ProbLog, a probabilistic logic program- For ex"
225," The Fortieth AAAI Conference on Artificial Intelligence (AAAI-26) DeepProofLog: Efficient Proving in Deep Stochastic Logic Programs Ying Jiao* 1 , Rodrigo Castellano Ontiveros* 2 , Luc De Raedt1,3 , Marco Gori2 , Francesco Giannini4,5 , Michelangelo Diligenti2 , Giuseppe Marra1 1 KU Leuven, Belgium 2 University of Siena, Italy 3 Örebro University, Sweden 4 Scuola Normale Superiore, Italy 5 University of Pisa, Italy firstname.lastname@kuleuven.be, firstname.lastname@unisi.it, francesco.giannini@sns.it Abstract query holds. This process employs the possible world se- mantics (De Raedt, Kimmig, and Toivonen 2007; Manhaeve Neurosymbolic (NeSy) AI combines neural architectures and et al. 2018), which computes the probability of a query as the symbolic reasoning to improve accuracy, interpretability, and sum of the probabilities of those possible worlds that have at generalization. While logic inference on top of subsymbolic modules has been shown to effectively guarantee these prop- least one proof for the query. Regrettably, this probabilistic erties, this often comes at the cost of reduced scalability, inference task corresponds to the weighted model counting which can severely limit the usability of NeSy models. This problem, which is #P-hard (Roth 1996). paper introduces DeepProofLog (DPrL), a novel NeSy sys- To alleviate the scalability challenges in probabilistic- tem based on stochastic logic programs, which addresses the logic NeSy systems (Wang, Mazaitis, and Cohen 2013; scalability limitations of previous methods. DPrL parameter- Maene, Derkinderen, and De Raedt 2024; Marra et al. 2024; izes all derivation steps with neural networks, allowing effi- cient neural guidance over the proving system. Additionally, Jiao, De Raedt, and Marra 2024), most existing studies "
226," The Fortieth AAAI Conference on Artificial Intelligence (AAAI-26) Neuro-Symbolic Federated Learning over Heterogeneous Data-Views: A Structured Approach to Distributive EHR Modelling Soheila Molaei1,2 , Bahareh Fatemi3 , Anshul Thakur1 , Andrew Soltan4 , Fazle Rabbi3 , Andreas L. Opdahl3 , Kim Branson5 , Patrick Schwab5 , Danielle Belgrave5 , David A. Clifton1,6 1 Department of Engineering Science, University of Oxford 2 CeBAM, Nuffield Department of Medicine, University of Oxford 3 Department of Information Science and Media Studies, University of Bergen 4 Department of Oncology, University of Oxford 5 GlaxoSmithKline, London, UK 6 Oxford-Suzhou Institute of Advanced Research (OSCAR), Suzhou, China {soheila.molaei, anshul.thakur, david.clifton}@eng.ox.ac.uk, {bahareh.fatemi, fazle.rabbi, andreas.opdahl}@uib.no, andrew.soltan@oncology.ox.ac.uk, {patrick.x.schwab, kim.m.branson, danielle.x.belgrave}@gsk.ai Abstract as a promising approach for training such models collabo- ratively across distributed EHRs, without requiring data to Federated learning (FL) enables privacy-preserving model leave institutional boundaries (McMahan et al. 2017; Soltan training across distributed Electronic Health Records (EHRs), et al. 2023; Sheller et al. 2020). Despite its effectiveness in but its deployment remains limited by data-view heterogene- ity, where institutions maintain incompatible local schemas. preserving privacy, FL in clinical settings faces a distinc- Most existing methods address this by enforcing flat, aligned tive challenge: data-view heterogeneity—the structural mis- data views, which require extensive cross-site preprocess- alignment of available features and inconsistencies in the ing and manual harmonisation that often discards client- representation, scale, or units"
227," The Fortieth AAAI Conference on Artificial Intelligence (AAAI-26) A Solver-in-the-Loop Framework for Improving LLMs on Answer Set Programming for Logic Puzzle Solving Timo Pierre Schrader1,2 , Lukas Lange1 , Tobias Kaminski1 , Simon Razniewski3 , Annemarie Friedrich2 1 Bosch Center for AI, Renningen, Germany 2 University of Augsburg, Germany 3 ScaDS.AI & TU Dresden, Germany timo.schrader@de.bosch.com Abstract on prompt engineering or create complex planning and rea- soning systems (Yang, Chen, and Tam 2024; Stein et al. The rise of large language models (LLMs) has sparked inter- est in coding assistants. While general-purpose programming 2023; Vyas et al. 2024). Yet, for many programming lan- languages are well supported, generating code for domain- guages, LLM-based generations remain understudied. specific languages remains a challenging problem for LLMs. In this work, we focus on Answer Set Programming (ASP, In this paper, we focus on the LLM-based generation of code Gelfond and Lifschitz 1988; Marek and Truszczyński 1999), for Answer Set Programming (ASP), a particularly effective which can be used for finding solutions to combinatorial approach for finding solutions to combinatorial search prob- search problems. ASP is a well-known and powerful ap- lems. The effectiveness of LLMs in ASP code generation is proach for declarative problem solving. It offers an expres- currently hindered by the limited number of examples seen sive input language, provides well-optimized solvers, and during their initial pre-training phase. has been applied to a wide range of industrial problems such In this paper, we introduce a novel ASP-solver-in-the-loop as generating software test cases, robotics, and configuration approach for solver-guided instruction-tuning of LLMs to ad- dres"
228," The Fortieth AAAI Conference on Artificial Intelligence (AAAI-26) Constraints-Guided Diffusion Reasoner for Neuro-Symbolic Learning Xuan Zhang1,2 , Zhijian Zhou1,2 , Weidi Xu4 , Yanting Miao5 , Chao Qu1,3* , Yuan Qi1,3* 1 Fudan University 2 Shanghai Innovation Institute 3 Shanghai Academy of Artificial Intelligence for Science 4 INFTECH 5 University of Waterloo xuanzhang24@m.fudan.edu.cn, quchao@fudan.edu.cn Abstract Ahmed et al. 2022a), and integrating logic engines or algo- rithmic components (Wang et al. 2019; Cornelio et al. 2023; Enabling neural networks to learn complex logical constraints and fulfill symbolic reasoning is a critical challenge. Bridg- Li et al. 2023; Agarwal, Shenoy, and Mausam 2021; Yang, ing this gap often requires guiding the neural network’s out- Ishay, and Lee 2020; Petersen et al. 2021), among others. put distribution to move closer to the symbolic constraints. However, these methods may suffer from poor performance While diffusion models have shown remarkable generative or expensive time consumption. capability across various domains, we employ the powerful Parallel to this, diffusion models (Ho, Jain, and Abbeel architecture to perform neuro-symbolic learning and solve 2020; Sohl-Dickstein et al. 2015; Nichol and Dhariwal logical puzzles. Our diffusion-based pipeline adopts a two- stage training strategy: the first stage cultivates basic reason- 2021) have emerged as an outstanding paradigm of gener- ing abilities, while the second emphasizes systematic learn- ative models and demonstrated immense potential in many ing of logical constraints. To impose constraints on neural related downstream tasks (Saharia et al. 2022; Dhariwal and outputs in the second stage, we formulate the diffusion rea- Nichol 2021; Rombach et al. 2022; Ho et al. 20"
229,"required in critical domains (Marton et al. 2024). In such hybrid systems, symbolic modules are responsible for con- Autonomous agents in safety-critical applications must con- tinuously adapt to dynamic conditions without compromis- crete execution by employing symbolic programs or rules as ing performance and reliability. This work introduces TAPA elements of the action space, enabling agents termed pro- (Training-free Adaptation of Programmatic Agents), a novel grammatic agents to operate through interpretable program- framework that positions large language models (LLMs) as matic actions (Lyu et al. 2019; Verma et al. 2019). Com- intelligent moderators of the symbolic action space. Unlike pared to traditional actions, programmatic symbolic action prior programmatic agents typically generate a monolithic spaces provide superior interpretability, verifiability, and in- policy program or rely on fixed symbolic action sets, TAPA tegration of expert knowledge, making them well-suited for synthesizes and adapts modular programs for individual high- real-world applications (Lelis, Chen, and Sun 2024). level actions, referred to as logical primitives. By decoupling strategic intent from execution, TAPA enables meta-agents to operate over an abstract, interpretable action space while the LLM dynamically generates, composes, and refines symbolic programs tailored to each primitive. Extensive experiments across cybersecurity and swarm intelligence domains validate TAPA’s effectiveness. In autonomous DDoS defense scenar- ios, TAPA achieves 77.7% network uptime while maintain- ing near-perfect detection accuracy in unknown dynamic en- vironments. In swarm intelligence formation control under environmental and adversarial disturbances, TAPA consis- tently preserves consensus at runtime where baseline meth- ods fail. This work promotes a paradigm shift for autonomous system design in evolving environments, from policy adapta- tion to dynamic action adaptation. Figure 1: Policy-Level Retraining (left) vs. Action-Level"
230," The Fortieth AAAI Conference on Artificial Intelligence (AAAI-26) Concept-RuleNet: Grounded Multi-Agent Neurosymbolic Reasoning in Vision Language Models Sanchit Sinha, Guangzhi Xiong, Zhenghao He, Aidong Zhang University of Virginia, USA {sanchit,guangzhi,zhenghao,aidong}@virginia.edu Abstract and trustworthy decision - classified as System-2 (Nye et al. 2021). For example, consider the image in Figure 1, where Modern vision-language models (VLMs) deliver impressive both VLMs and logical rules output the same prediction, but predictive accuracy yet offer little insight into ‘why’ a de- cision is reached, frequently hallucinating facts, particularly System-2 reasoning is much more explainable and intuitive. when encountering out-of-distribution data. Neurosymbolic Most of the current research on alignment problem focuses frameworks address this by pairing black-box perception with on inducing System-2 reasoning in System-1 reasoners dur- interpretable symbolic reasoning, but current methods extract ing pre-training, chain of thought (Wei et al. 2022), etc., with their symbols solely from task labels, leaving them weakly limited success due to the fundamental assumptions geared grounded in the underlying visual data. In this paper, we in- towards scalability and efficiency. However, human cogni- troduce a multi-agent system - Concept-RuleNet that rein- tion naturally weaves together System-1 (fast, associative) states visual grounding while retaining transparent reason- and System-2 (slow, deliberative) reasoning. Recognizing ing. Specifically, a multimodal concept generator first mines this, recent research has begun combining both systems to discriminative visual concepts directly from a representative harness System-1’s efficiency while using System-2 mecha- subset o"
231," The Fortieth AAAI Conference on Artificial Intelligence (AAAI-26) From Hypothesis to Premises: LLM-based Backward Logical Reasoning with Selective Symbolic Translation Qingchuan Li1 , Mingyue Cheng1 * , Zirui Liu1 , Daoyu Wang1 , Yuting Zeng1 , Tongxuan Liu1, 2 1 University of Science and Technology of China, 2 JD.com {chouli, liuzirui, wdy030428, yuting zeng, tongxuan.ltx}@mail.ustc.edu.cn, mycheng@ustc.edu.cn Abstract Premise’ Consistent with Premise’ Logical reasoning is a core challenge in natural language un- derstanding and a fundamental capability of artificial intelli- gence, underpinning scientific discovery, mathematical theo- rem proving, and complex decision-making. Despite the re- markable progress of large language models (LLMs), most current approaches still rely on forward reasoning paradigms, generating step-by-step rationales from premises to conclu- Conclusion’ Hypothesis: sions. However, such methods often suffer from redundant is False If conclusion’ is True inference paths, hallucinated steps, and semantic drift, re- sulting in inefficient and unreliable reasoning. In this pa- ToT, SymbCoT... Our HBLR per, we propose a novel framework, Hypothesis-driven Back- ward Logical Reasoning (HBLR). The core idea is to inte- grate confidence-aware symbolic translation with hypothesis- Figure 1: Conceptual comparison of reasoning paradigms. driven backward reasoning. In the translation phase, only HBLR adopts a hypothesis-driven backward reasoning strat- high-confidence spans are converted into logical form, such egy with selective symbolic translation, enhancing precision as First-Order Logic (FOL), while uncertain content remains and effectiveness. in natural language. A translation reflection module further ensures semantic fidelity by evaluating symbolic"
232," The Fortieth AAAI Conference on Artificial Intelligence (AAAI-26) NeSTR: A Neuro-Symbolic Abductive Framework for Temporal Reasoning in Large Language Models Feng Liang1 * , Weixin Zeng2† , Runhao Zhao2 , Xiang Zhao2† 1 China Academy of Launch Vehicle Technology, 2 National Key Laboratory of Big Data and Decision, National University of Defense Technology, China fungloeng@gmail.com, {zengweixin13, runhaozhao, xiangzhao}@nudt.edu.cn Abstract tasks (Zhao et al. 2023; Salemi et al. 2023). The success of these models is rooted in pretraining on vast static cor- Large Language Models (LLMs) have demonstrated re- markable performance across a wide range of natural lan- pora rich in world knowledge (Roberts, Raffel, and Shazeer guage processing tasks. However, temporal reasoning, par- 2020). However, the static nature of LLMs restricts their ticularly under complex temporal constraints, remains a ma- ability to answer time-sensitive queries, resulting in out- jor challenge. To this end, existing approaches have ex- dated or hallucinated responses when recent or temporally plored symbolic methods, which encode temporal structure grounded information is required (Wang et al. 2024). This explicitly, and reflective mechanisms, which revise reason- limitation is particularly evident in Temporal Question An- ing errors through multi-step inference. Nonetheless, sym- swering (TQA), which requires both timeliness, i.e., access- bolic approaches often underutilize the reasoning capabili- ing up-to-date knowledge, and temporal reasoning ability, ties of LLMs, while reflective methods typically lack struc- i.e., the ability to understand and use time expressions in tured temporal representations, which can result in inconsis- context (Wang and Zhao 2023; Yang et al. 2024; Zhao et al. te"
233," The Fortieth AAAI Conference on Artificial Intelligence (AAAI-26) SheetBrain: A Neuro-Symbolic Agent for Accurate Reasoning over Complex and Large Spreadsheets Ziwei Wang1 * † , Jiayuan Su2*† , Mengyu Zhou5‡ , Huaxing Zeng3* , Mengni Jia4* , Xiao Lv5 , Haoyu Dong5 , Xiaojun Ma5 , Shi Han5 , Dongmei Zhang5 1 Carnegie Mellon University 2 Zhejiang University 3 Brown University 4 University of Cambridge 5 Microsoft Research Abstract 2025; Chen et al. 2024; Li et al. 2023). Real-world spread- sheets—especially Excel-like files—often contain multi- Understanding and reasoning over complex spreadsheets re- table layouts, hierarchical structures, lengthy content, and main fundamental challenges for large language models other complex formatting elements (Wu et al. 2025b; Li (LLMs), which often struggle with accurately capturing the et al. 2024b; Zhao et al. 2022; Cheng et al. 2021). These complex structure of tables and ensuring reasoning correct- ness. In this work, we propose SheetBrain, a multi-agent rea- factors significantly increase the difficulty of accurately cap- soning framework featuring a symbolic dataflow designed for turing the table semantics and performing reliable reasoning, accurate reasoning over tabular data, supporting both spread- limiting the effectiveness of current LLM-based approaches. sheet question answering and manipulation tasks. SheetBrain comprises three core modules: an understanding module, Model Complex Multi Large Sheet Edit Total which produces a comprehensive overview of the spread- sheet—including sheet summary and query-based problem Test Cases 21 20 20 8 69 Vanilla LLM: insight to guide reasoning; an execution module, which in- gpt-4.1 16 17 1 – 34 tegrates a Python sandbox with preloaded table-processing libraries and an Excel helper t"
234," The Fortieth AAAI Conference on Artificial Intelligence (AAAI-26) Post-Hoc Refinement for Multitask Symbolic Regression via Consensus-Accelerated Shapley Analysis Xinyue Li1, Wang Hu1, Yu Zhang1* 1 School of Computer Science and Engineering, University of Electronic Science and Technology of China, Chengdu, China xinyueli@std.uestc.edu.cn, huwang@uestc.edu.cn, yuzhang@uestc.edu.cn Abstract problems with multiple interconnected tasks by leveraging Multitask genetic programming (MTGP) is one of the pri- shared knowledge (Huang et al. 2022; Zhang et al. 2022). mary methods for solving multitask symbolic regression However, a critical limitation persists in conventional (MTSR), the problem of discovering mathematical expres- MTGP. For a set of tasks indexed by 𝑡 = 1, ⋯ 𝑇, MTGP sions for multiple interconnected tasks simultaneously. How- generates a population of expressions {𝐏𝑡 }𝑇𝑡=1 . The final ever, conventional MTGP approaches discard a wealth of valuable knowledge from the population of expressions due model for each task is typically the single best expression 𝑝𝑡∗ to their inherent “winner-take-all” selection criteria. To ad- chosen based on an isolated fitness criterion 𝑓(⋅), dress this, we introduce MTGP with bidirectional coopera- 𝑝𝑡∗ = arg⁡ min 𝑓(𝐏𝑡 , 𝑡). tion and consensus-accelerated Shapley analysis (MTGP-BS), This “winner-take-all” approach 𝐩𝑡 ∈𝐏 discards a wealth of a method whose core is a novel post-hoc refinement frame- knowledge from suboptimal expressions, which may harbor work that shifts from selection to synthesis. Our method first employs a consensus-accelerated Shapley analysis to reliably valuable subexpressions, meaningful segments without co- identify important subexpressions by multi-model attribution. efficients obtained by splitting an express"
235," The Fortieth AAAI Conference on Artificial Intelligence (AAAI-26) Language Models and Logic Programs for Trustworthy Tax Reasoning William Jurayj1 , Nils Holzenberger2 , Benjamin Van Durme1 1 Johns Hopkins University 2 Télécom Paris, Institut Polytechnique de Paris wjurayj1@jhu.edu Abstract hours. Alternatively, taxpayers may hire a professional pre- parer, incurring substantial fees depending on the complex- According to the United States Internal Revenue Service, ity of their return (Internal Revenue Service 2025). “the average American spends $270 and 13 hours filing their Accuracy in tax filing is essential. Over-reported income taxes”. Even beyond the U.S., tax filing requires complex rea- soning, combining application of overlapping rules with nu- or missed deduction opportunities lead to unnecessary over- merical calculations. Because errors can incur costly penal- payment, while under-reporting may result in penalties, ties, any automated system must deliver high accuracy and interest, and potential legal consequences. In the United auditability, making modern large language models (LLMs) States, the costs of inaccuracies affect lower income com- poorly suited for this task. We propose an approach that inte- munities more significantly, in part because these groups of- grates LLMs with a symbolic solver to calculate tax obliga- fer the Internal Revenue Service (IRS) high audit success tions. We evaluate variants of this system on the challeng- rates (Dean 2022; Black et al. 2022; Elzayn et al. 2025). ing StAtutory Reasoning Assessment (SARA) dataset, and However, these audits deliver a modest return on investment include a novel method for estimating the cost of deploying compared to audits of wealthier taxpayers, so there is an op- such a system based on rea"
236," The Fortieth AAAI Conference on Artificial Intelligence (AAAI-26) Complex Reasoning over Vision and Language –Leveraging Neurosymbolic AI Parisa Kordjamshidi Michigan State University, East Lansing, USA Computer Science and Engineering Department kordjams@msu.edu Abstract part from their learning from next-token prediction as the core mechanism for generating outputs. While state-of-the- Recent research highlights the lack of reliability of large lan- art LLMs are steadily improving on existing benchmarks, a guage models (LLMs) in tasks requiring complex reasoning. While they can produce impressively fluent text in response fundamental question remains: how can these models gen- to prompts, they can fail on basic reasoning skills, such as eralize to novel situations and address problems that require recognizing that left is the opposite of right. They struggle more than pattern matching or memorization on one hand, even more with grounding such concepts in real-world con- while avoiding overgeneralization and related issues such as texts involving perception and action. Addressing real-world hallucination on the other hand? problems, however, typically requires models composed of In this talk, I argue for the necessity of integrative multiple interdependent learners, with strong capabilities for paradigms that combine symbolic and subsymbolic repre- composition and reasoning. In this talk, I will discuss the rea- sentations, thereby enabling both pattern recognition and ex- soning challenges of LLMs and discuss how symbolic repre- plicit reasoning. I will first discuss current evaluation efforts sentations can enhance neural models by enabling Spatial and and the limitations they reveal in LLM reasoning. I will then Compositional Reasoning over complex linguistic struc"
237," The Fortieth AAAI Conference on Artificial Intelligence (AAAI-26) CausalTrace: A Neurosymbolic Causal Analysis Agent for Smart Manufacturing Chathurangi Shyalika1 , Aryaman Sharma1 , Fadi El Kalach2 , Utkarshani Jaimini3 , Cory Henson4 , Ramy Harik2 , Amit Sheth1 1 Artificial Intelligence Institute, University of South Carolina 2 Department of Automotive Engineering, Clemson University 3 Stride Lab, University of Michigan, Dearborn 4 Bosch Center for Artificial Intelligence, Pittsburgh Abstract who require not only accurate predictions but also actionable and understandable insights into system behavior (Singh, Modern manufacturing environments demand not only ac- Goyat, and Panwar 2024). This has fueled the demand for curate predictions but also interpretable insights to process anomalies, root causes, and potential interventions. Exist- AI systems that can explain why events occur, identify un- ing AI systems often function as isolated black boxes, lack- derlying causes, and offer counterfactual reasoning to sup- ing the seamless integration of prediction, explanation, and port ’what if’ analysis. These capabilities are essential for causal reasoning required for a unified decision-support so- real-time decision-making, proactive maintenance, and ef- lution. This fragmentation limits their trustworthiness and fective human-machine collaboration in production work- practical utility in high-stakes industrial environments. In this flows (Acharya, Kuppan, and Divya 2025; Boskabadi et al. work, we present CausalTrace, a neurosymbolic causal anal- 2025). Yet, existing AI solutions rarely integrate these func- ysis module integrated into the SmartPilot industrial CoPilot. tionalities into a unified, deployable framework, limiting CausalTrace performs data-driven causal ana"
238,"To deal with possibly false facts, and uncertainty in gen- eral, probabilistic logics emerged (Bacchus 1990; Halpern This report explores the evolution and current state of neuro- symbolic artificial intelligence, an approach that integrates 2003), that allowed for a mixture of probabilistic and logical neural network capabilities with symbolic reasoning. We assertions. However, because they inherited the expressive trace the historical context from early AI aspirations to power of (often first-order) logic but then further extended it modern implementations and successes, highlighting key for probabilistic knowledge, they too suffered from scalabil- paradigms, and other logical and semantical considerations. ity issues. And they largely glossed over the point of where We argue against the “scaling is all you need” hypothesis, the probabilities came from. Presumably, these need to be and point to persistent challenges in reliable symbolic reason- drawn from data, but integrating the learning of statistical ing with deep and large models. We conclude by suggesting information and ensuring its consistency with prior logical that despite numerous implementation choices and the “broad knowledge is a non-trivial matter (Valiant 1999). church” nature of neuro-symbolic AI, these approaches offer When limited to graphs, however, Bayesian (and later the most promising path towards AI systems that combine pattern recognition with robust reasoning, particularly for ap- causal) networks offered a reasonable compromise between plications requiring structured knowledge, explainability, and expert knowledge together with probabilistic and statisti- trustworthiness. cal information (Pearl 1998), and were amenable to certain types of learning from data (Koller and Friedman 2009). Building on this success, the field of statistical relational"
239,"a new task. However, LPN has several key limitations that motivate our work. Its primary drawback is a lack of inter- This study is grounded in prior work on program induction pretability as it operates on implicit, continuous represen- framework with a structured latent program space, called Pro- gram Lattice Auto Encoder(PLAE). It preserves composi- tations rather than explicit, human-readable programs. Fur- tional structure by training an encoder where programs and thermore, its search process is not a true program synthe- their compositions correspond to integer linear combinations sis; instead, it samples from a program distribution, and a of program bases, forming a discrete program lattice that decoder executes the program in a single step. This single- captures the geometric structure of compositional reasoning. step execution limits the model’s ability to perform multi- Based on it, this paper proposes a novel extension of the step compositional reasoning and overloads the decoder, PLAE aimed at improving generalization and efficiency by which must be trained to handle programs of vastly different choosing a cylindrical lattice latent space instead of plane, complexities. This contributes to poor skill-acquisition effi- which can represent invariant programs. The core hypothesis ciency, which requires extensive training in large externally is that only isometric transformations conserve compositional generated datasets. properties of lattice structure and therefore developable sur- faces such as a cylinder or cone are permissible as embed- ding space. Moreover, through demonstrating a contradiction Prior Work by Applicant In contrast, our ongoing work of lattice on conical manifolds, it conclude that only cylinder on the Program Lattice Auto Encoder (PLAE)(Park et al. is a possible embedding manifold for lattice structure. 2025) embeds observations, such as input-output pairs, as vectors within a structured latent space, called a program lat-"
240,"of DeepProbLog [Manhaeve et al., 2018], by treating the neu- ral network output as the probability distribution over atomic We present NeurASP, a simple extension of an- facts in answer set programs, the proposed NeurASP pro- swer set programs by embracing neural networks. vides a simple and effective way to integrate sub-symbolic By treating the neural network output as the prob- and symbolic computation. ability distribution over atomic facts in answer set We demonstrate how NeurASP can be useful for some programs, NeurASP provides a simple and effec- tasks where both perception and reasoning are required. Rea- tive way to integrate sub-symbolic and symbolic soning can help identify perception mistakes that violate se- computation. We demonstrate how NeurASP can mantic constraints, which in turn can make perception more make use of a pre-trained neural network in sym- robust. For example, a neural network for object detection bolic computation and how it can improve the neu- may return a bounding box and its classification “car,” but it ral network’s perception result by applying sym- may not be clear whether it is a real car or a toy car. The bolic reasoning in answer set programming. Also, distinction can be made by applying reasoning about the re- NeurASP can make use of ASP rules to train a neu- lations with the surrounding objects and using commonsense ral network better so that a neural network not only knowledge. When it is unclear whether a round object at- learns from implicit correlations from the data but tached to the car is a wheel or a doughnut, the reasoner could also from the explicit complex semantic constraints conclude that it is more likely to be a wheel by applying com- expressed by the rules. monsense knowledge. In the case of a neural network that recognizes digits in a given Sudoku board, the neural network"
241,"A major challenge in inductive logic programming (ILP) is learning large programs. We argue that a Example input Example output key limitation of existing systems is that they use entailment to guide the hypothesis search. This Figure 1: Image transformation example. approach is limited because entailment is a binary decision: a hypothesis either entails an example or does not, and there is no intermediate position. To address this limitation, we go beyond entailment and use example-dependent loss functions to guide the Output o1 Output o2 search, where a hypothesis can partially cover an ex- ample. We implement our idea in Brute, a new ILP Figure 2: Outputs o1 and o2 from hypotheses h1 and h2 respectively. system which uses best-first search, guided by an example-dependent loss function, to incrementally build programs. Our experiments on three diverse To address this limitation, we take inspiration from how program synthesis domains (robot planning, string humans write programs. To paraphrase Ellis et al. (2019), transformations, and ASCII art), show that Brute writing code is often a process of trial and error: write code, can substantially outperform existing ILP systems, execute it, evaluate the output, and revise the code if necessary. both in terms of predictive accuracies and learning Our approach allows an ILP system to perform similarly: build times, and can learn programs 20 times larger than a program, execute it on example input to generate output, state-of-the-art systems. compare the output with the expected output, and revise the program if necessary. Our key idea is to allow an ILP system to evaluate a program"
242," Proceedings of the Twenty-Ninth International Joint Conference on Artificial Intelligence (IJCAI-20) Learning Neural-Symbolic Descriptive Planning Models via Cube-Space Priors: The Voyage Home (to STRIPS) Masataro Asai1 and Christian Muise2 1 MIT-IBM Watson AI Lab, IBM Research, Cambridge USA 2 School of Computing, Queen’s University, Kingston Canada Abstract One major drawback of the previous work was that it used a non-descriptive, black-box neural model as the successor We achieved a new milestone in the difficult task generator. Not only that such a black-box model is incom- of enabling agents to learn about their environment patible with the existing heuristic search techniques, but also, autonomously. Our neuro-symbolic architecture is since a neural network is able to model a very complex func- trained end-to-end to produce a succinct and ef- tion, its direct translation into a compact logical formula via fective discrete state transition model from images a rule-based transfer learning method turned out futile [Asai, alone. Our target representation (the Planning Do- 2019]: The model complexity causes an exponentially large main Definition Language) is already in a form that grounded action model that cannot be processed by the mod- off-the-shelf solvers can consume, and opens the ern classical planners. Thus, obtaining the descriptive action door to the rich array of modern heuristic search models from the raw observations with minimal human inter- capabilities. We demonstrate how the sophisticated ference is the next key milestone for expanding the scope of innate prior we place on the learning process signif- applying Automated Planning to the raw unstructured inputs. icantly reduces the complexity of the learned rep- We propose the Cube-Space AutoEncoder (C"
243," Proceedings of the Twenty-Ninth International Joint Conference on Artificial Intelligence (IJCAI-20) LogiQA: A Challenge Dataset for Machine Reading Comprehension with Logical Reasoning Jian Liu1 , Leyang Cui2,3 , Hanmeng Liu2,3 , Dandan Huang2,3 , Yile Wang2,3 and Yue Zhang2,3∗ 1 School of Computer Science, Fudan University 2 School of Engineering, Westlake University 3 Institute of Advanced Technology, Westlake Institute for Advanced Study jianliu17@fudan.edu.cn, {cuileyang, liuhanmeng, huangdandan, wangyile, zhangyue}@westlake.edu.cn Abstract P1: David, Jack and Mark are colleagues in a company. David supervises Jack, and Jack supervises Mark. David gets more salary than Jack. Machine reading is a fundamental task for test- Q: What can be inferred from the above statements? ing the capability of natural language understand- A. Jack gets more salary than Mark. B. David gets the same salary as Mark. ing, which is closely related to human cognition C. One employee supervises another who gets more salary than himself. in many aspects. With the rising of deep learning D. One employee supervises another who gets less salary than himself. techniques, algorithmic models rival human perfor- P2: Our factory has multiple dormitory areas and workshops. None of the mances on simple QA, and thus increasingly chal- employees who live in dormitory area A are textile workers. We conclude that lenging machine reading datasets have been pro- some employees working in workshop B do not live in dormitory area A. posed. Though various challenges such as ev- Q: What may be the missing premise of the above argument? idence integration and commonsense knowledge A. Some textile workers do not work in workshop B. B. Some employees working in workshop B are not textile workers. have been integ"
244,")∗ Giovanni Amendola1 , Carmine Dodaro1,† and Marco Maratea2 1 DeMaCS, University of Calabria, Italy 2 DIBRIS, University of Genoa, Italy {amendola, dodaro}@mat.unical.it, marco@dibris.unige.it Abstract Programming [Lierler, 2011; Lierler and Truszczynski, 2011; Brochenin et al., 2014], and Constraint ASP [Lierler, 2014], The issue of describing in a formal way solv- for analysing current algorithms, proposing and/or imple- ing algorithms in various fields such as Proposi- menting new solvers based on the analysis. tional Satisfiability (SAT), Quantified SAT, Satis- In ASP, abstract solvers have been so far mainly applied to fiability Modulo Theories, Answer Set Program- ASP solvers for brave reasoning tasks where, given an input ming (ASP), and Constraint ASP, has been rela- query and a knowledge base, answers are witnessed by some tively recently solved employing abstract solvers. stable model [Gelfond and Lifschitz, 1988], or answer set. In this paper we deal with cautious reasoning tasks in ASP, and design, implement and test novel ab- However, in ASP, also cautious reasoning has been deeply stract solutions, borrowed from backbone compu- studied in the literature: differently from the previous task, tation in SAT. By employing abstract solvers, we answers here must be witnessed by all stable models. This also formally show that the algorithms for solving task has found a significant number of interesting applica- cautious reasoning tasks in ASP are strongly related tions as well, including consistent query answering [Arenas to those for computing backbones of Boolean for- et al., 2003; Manna et al., 2013], data integration [Eiter, mulas. Some of the new solutions have been imple- 2005], multi-context systems [Brewka and Eiter, 2007], and mented in the ASP solver WASP, and tested. ontology-based reasoning [Eiter et al., 2008]. Two of the most well-known ASP solvers, i.e., DLV [Leone et al., 2006] and CLASP [Gebser et al., 2012], have been extended for"
245," Proceedings of the Twenty-Ninth International Joint Conference on Artificial Intelligence (IJCAI-20) Sister Conferences Best Papers Track On the Splitting Property for Epistemic Logic Programs (Extended Abstract)∗ Pedro Cabalar1 , Jorge Fandinno2 and Luis Fariñas del Cerro3 1 University of Corunna, Spain 2 University of Potsdam, Germany 3 IRIT, University of Toulouse, CNRS, France cabalar@udc.es, fandinno@uni-potsdam.de, farinas@irit.fr Abstract (cautious consequence) or in some stable model (brave con- sequence). In many cases, these subjective literals can be Epistemic logic programs constitute an extension seen as simple queries, but what makes them really interest- of the stable model semantics to deal with new con- ing is their use in rule bodies, which may obviously affect the structs called subjective literals. Informally speak- set of stable models they are meant to quantify. This fea- ing, a subjective literal allows checking whether ture makes them suitable for modelling introspection, that some objective literal is true in all or some sta- is, reasoning about the knowledge and lack of knowledge ble models. However, its associated semantics has that the system possesses rather than reasoning exclusively proved to be non-trivial, since the truth of subjec- about the facts themselves. However, at the same time, it eas- tive literals may interfere with the set of stable mod- ily involves cyclic specifications whose intuitive behaviour els it is supposed to query. As a consequence, no is not always easy to define. For instance, the semantics clear agreement has been reached and different se- of epistemic specifications may yield alternative sets of sta- mantic proposals have been made in the literature. ble models, each set being called a world view. Deciding In"
246,"Old ILP New ILP Common criticisms of state-of-the-art machine Recursion Limited Yes learning include poor generalisation, a lack of inter- Predicate invention No Yes pretability, and a need for large amounts of training Hypotheses First-order Higher-order, ASP data. We survey recent work in inductive logic pro- Optimality No Yes gramming (ILP), a form of machine learning that Technology Prolog Prolog, ASP, NNs induces logic programs from data, which has shown promise at addressing these limitations. We focus Table 1: A simplified comparison between old and new ILP systems. on new methods for learning recursive programs that generalise from few examples, a shift from us- ing hand-crafted background knowledge to learn- compare old and new ILP systems. We use FOIL [Quinlan, ing background knowledge, and the use of different 1990], Progol [Muggleton, 1995], TILDE [Blockeel and Raedt, technologies, notably answer set programming and 1998], and Aleph [Srinivasan, 2001] as representative old sys- neural networks. As ILP approaches 30, we also tems and ILASP [Law et al., 2014], Metagol [Cropper and discuss directions for future research. Muggleton, 2016], and ∂ILP [Evans and Grefenstette, 2018] as representative new systems. This comparison, shown in Table 1, is, of course, vastly over simplified, and there are"
247,"be modelled by deep learning and symbolic reasoning, re- spectively.1 In this paper, we present a survey and relate Neural-symbolic computing has now become the recent research results on: (1) Neural-Symbolic Comput- subject of interest of both academic and indus- ing, by summarizing the main approaches to rich knowledge try research laboratories. Graph Neural Networks representation and reasoning within deep learning, and (2) (GNNs) have been widely used in relational and the approach pioneered by the authors and others of Graph symbolic domains, with widespread application of Neural Networks (GNNs) for learning and reasoning about GNNs in combinatorial optimization, constraint problems that require relational structures or symbolic learn- satisfaction, relational reasoning and other scien- ing. Although recent papers have surveyed GNNs, including tific domains. The need for improved explain- [Battaglia et al., 2018; Chami et al., 2020; Wu et al., 2019; ability, interpretability and trust of AI systems in Zhang et al., 2018] they have not focused on the relation- general demands principled methodologies, as sug- ship between GNNs and neural-symbolic computing (NSC). gested by neural-symbolic computing. In this pa- [Bengio et al., 2018] also touches particular topics related per, we review the state-of-the-art on the use of to some we discuss here, in particular to do with meta- GNNs as a model of neural-symbolic computing. transfer learning. Recent surveys in neural-symbolic comput- This includes the application of GNNs in several ing [d’Avila Garcez et al., 2015; d’Avila Garcez et al., 2019; domains as well as their relationship to current de- Townsend et al., 2019] have not exploited the highly relevant velopments in neural-symbolic computing. applications of GNNs in symbolic and relational learning, or the relationship between the two approaches."
248,"These seven dimensions are concerned with (1) directed vs undirected models, (2) model vs proof-based inference, (3) Neural-symbolic and statistical relational artificial integrating logic with probability and/or neural computation, intelligence both integrate frameworks for learning (4) logical semantics, (5) learning parameters or structure, with logical reasoning. This survey identifies sev- (6) representing entities as symbols or sub-symbols, and (7) eral parallels across seven different dimensions be- the type of logic used. We provide evidence for our claim tween these two fields. These cannot only be used by positioning a wide variety of StarAI and NeSy systems to characterize and position neural-symbolic artifi- along these dimensions and pointing out analogies between cial intelligence approaches but also to identify a them. This provides not only new insights into the relation- number of directions for further research. ships between StarAI and NeSy, but it also allows one to carry over and adapt techniques from one field to another. Thus"
249,")∗ Yi-Dong Shen1 and Thomas Eiter2 1 State Key Laboratory of Computer Science, Institute of Software, Chinese Academy of Sciences, Beijing, China 2 Institut of Logic and Computation, Technische Universität Wien, Favoritenstraße 9-11, A-1040 Vienna, Austria ydshen@ios.ac.cn, eiter@kr.tuwien.ac.at Abstract so rules (1), (2) and (3) together infer a potential answer set I2 = {b}. As I2 does not satisfy the constraint (4), it is not [Gelfond and Lifschitz, 1991] introduced simple a candidate answer set for Π. Consequently, I1 = {a, b, c} disjunctive logic programs and defined the answer is a minimal candidate answer set and thus we expect it to be set semantics called GL-semantics. We observed an answer set of Π. However, I1 is not an answer set under that the requirement of GL-semantics, i.e., an an- GL-semantics because it is not a minimal model of Π. swer set should be a minimal model of the GL- reduct may be too strong and exclude some answer To address this, we present a more permissive semantics: sets that would be reasonably acceptable. To ad- (1) We present a general answer set semantics for dis- dress this, we present a novel and more permissive junctive programs, called determining inference semantics semantics, called determining inference semantics. (DI-semantics for short), which interprets the operator | in rule heads differently from the classical connective ∨, and does not require that answer sets should be minimal models."
250,"which the practitioner specifies a fixed model structure and optimizes the model parameters to fit a given dataset. The Discovering tractable mathematical expressions succinct expressions discovered via symbolic regression may that best explain a dataset is a long-standing chal- be readily interpretable and provide useful scientific insights lenge in artificial intelligence. This problem, upon inspection and human analysis [Kronberger, 2011]. known as symbolic regression, is relevant when The space of mathematical expressions is discrete, growing one seeks to generate new physical knowledge and exponentially with the length of an expression. This combi- insights. Since practitioners are primarily inter- natorial search space renders symbolic regression a challeng- ested in knowledge generation, the ability to inter- ing machine learning problem. The conventional approach act with a symbolic regression algorithm would be to symbolic regression is genetic programming, an evolution- highly valuable. Thus, we present an interactive ary algorithm in which a population of mathematical expres- symbolic regression framework that allows users sions is “evolved” using evolutionary operations like selec- not only to configure runs, but also to control the tion, crossover, and mutation [Koza, 1992; Uy et al., 2011; system during training. The interface provides real- Bäck et al., 2018]. Recently, deep symbolic regression (DSR) time visualization and diagnostics to help guide the [Petersen, 2019] was proposed as a deep learning method user as they control the algorithm on the fly. for symbolic regression based on policy gradients [Kakade, 2002]. DSR outperforms genetic programming in its abil-"
251,"Images Abductive Learning is a framework that combines machine learning with first-order logical reason- ing. It allows machine learning models to exploit Dictionary been have that complex symbolic domain knowledge represented by first-order logic rules. However, it is challeng- Figure 1: Example of the OCR Dictionary ing to obtain or express the ground-truth domain knowledge explicitly as first-order logic rules in many applications. The only accessible knowledge pure first-order logical reasoning in a mutually beneficial base is implicitly represented by groundings, i.e., way. In ABL, the machine learning model learns to convert propositions or atomic formulas without variables. raw data into primitive logic facts serving as input to symbolic This paper proposes Grounded Abductive Learning reasoning; while logical reasoning can infer the truth-value (GABL) to enhance machine learning models with of the facts, which are named as pseudo-labels, for train- abductive reasoning in a ground domain knowledge ing the machine learning model. The integration of the two base, which offers inexact supervision through a systems is realized by abduction, i.e., abductive reasoning, set of logic propositions. We apply GABL on two which can selectively infer particular predicted facts based weakly supervised learning problems and found on existing background knowledge [Magnani, 2009]. There- that the model’s initial accuracy plays a crucial role fore, ABL allows machine learning to utilize complex domain in learning. The results on a real-world OCR task knowledge such as first-order logic theories [Dai et al., 2019; show that GABL can significantly reduce the effort Huang et al., 2020]. of data labeling than the compared methods. Nevertheless, in many real-world applications, accessible knowledge bases only consist of a finite number of ground-"
252," Proceedings of the Thirtieth International Joint Conference on Artificial Intelligence (IJCAI-21) Program Synthesis as Dependency Quantified Formula Modulo Theory∗ Priyanka Golia1,2 , Subhajit Roy1 , Kuldeep S. Meel2 1 Indian Institute of Technology Kanpur 2 National University of Singapore Abstract or MUS counting [Sharma et al., 2019; Soos et al., 2020; Bendik and Meel, 2020], and the like. Given a specification ϕ(X, Y ) over inputs X and Of particular interest to us is the development of algorith- output Y , defined over a background theory T, the mic approaches for QBF from theoretical and practical per- problem of program synthesis is to design a pro- spectives [Akshay et al., 2018; Lonsing and Biere, 2010; gram f such that Y = f (X) satisfies the spec- Lonsing and Egly, 2017; Rabe, 2019; Rabe and Tentrup, ification ϕ. Over the past decade, syntax-guided 2015; Rabe et al., 2018]. These improvements have paved synthesis (SyGuS) has emerged as a dominant ap- the way for studying variants of QBF, which are harder from proach for program synthesis where in addition complexity-theoretic perspective. One such variant of interest to the specification ϕ, the end-user also specifies is Dependency Quantified Boolean Formulas (DQBF), which a grammar L to aid the underlying synthesis en- generalizes the well known notion of Quantified Boolean gine. This paper investigates the feasibility of syn- Formulas (QBF) by allowing explicit specification of de- thesis techniques without grammar, a sub-class de- pendency for existentially quantified variables, also known fined as T-constrained synthesis. We show that T- as Henkin quantifiers [Henkin, 1961]. The expressiveness of constrained synthesis can be reduced to DQF(T), DBQF comes at the cost of the hardness from a complexity- i.e"
253,"phenomenon has been extensively studied in cognitive sci- ence and philosophy [Gentner, 1983; Hofstadter et al., 1995; Ontologies formalise how the concepts from a Holyoak and Thagard, 1997], but to the best of our knowl- given domain are interrelated. Despite their clear edge, the use of analogical reasoning for completing ontolo- potential as a backbone for explainable AI, existing gies has not yet been considered1 ontologies tend to be highly incomplete, which acts Within Artificial Intelligence, the formalisation of ana- as a significant barrier to their more widespread logical reasoning typically builds on analogical proportions, adoption. To mitigate this issue, we present a mech- i.e. statements of the form “A is to B what C is to D” anism to infer plausible missing knowledge, which [Bayoudh et al., 2007; Prade and Richard, 2014; Barbot et relies on reasoning by analogy. To the best of our al., 2019]. A key result in this area has been the develop- knowledge, this is the first paper that studies ana- ment of analogical classifiers, which are based on the prin- logical reasoning within the setting of description ciple that whenever the features of four examples are in logic ontologies. After showing that the standard an analogical proportion, then their class labels should be formalisation of analogical proportion has impor- in an analogical proportion as well [Bayoudh et al., 2007; tant limitations in this setting, we introduce an al- Hug et al., 2016]. The same principle can be applied to in- ternative semantics based on bijective mappings be- fer plausible concept inclusions, i.e. concept inclusions which tween sets of features. We then analyse the proper- are not entailed from a given TBox, but which are likely to ties of analogies under the proposed semantics, and hold given additional background knowledge that we have show among others how it enables two plausible about analogical relationships between different concepts. inference patterns: rule translation and rule extrap- The resulting inference pattern, which we call rule extrap- olation. olation, is illustrated in the next example. Example 1 (Rule extrapolation). Suppose we have an ontol-"
254," Proceedings of the Thirtieth International Joint Conference on Artificial Intelligence (IJCAI-21) Lifting Symmetry Breaking Constraints with Inductive Logic Programming Alice Tarzariol1 , Martin Gebser1,2 , Konstantin Schekotihin1 1 University of Klagenfurt, Austria 2 Graz University of Technology, Austria alice.tarzariol@aau.at , martin.gebser@aau.at , konstantin.schekotihin@aau.at Abstract that detect and ignore symmetric states; see [Sakallah, 2009; Walsh, 2012; Margot, 2010] for an overview. Efficient omission of symmetric solution candi- Respective approaches can be distinguished into instance- dates is essential for combinatorial problem solv- specific and model-oriented ones. The former methods iden- ing. Most of the existing approaches are instance- tify symmetries for a particular instance at hand by comput- specific and focus on the automatic computation of ing and adding ground SBCs to the problem representation Symmetry Breaking Constraints (SBCs) for each [Puget, 2005; Cohen et al., 2006; Drescher et al., 2011]. Un- given problem instance. However, the application fortunately, computational advantages do not carry forward to of such approaches to large-scale instances or ad- large-scale instances or advanced encodings, where instance- vanced problem encodings might be problematic. specific symmetry breaking often requires as much time as it Moreover, the computed SBCs are propositional takes to solve the original problem. Moreover, ground SBCs and, therefore, can neither be meaningfully inter- generated by instance-specific approaches are (i) not transfer- preted nor transferred to other instances. To over- able, since the knowledge obtained is limited to a single in- come these limitations, we introduce a new model- stance; (ii) usually hard to interpret "
255,"therefore, is well suited for symbolic knowledge representa- tion and reasoning. In this paper, we present a compositional This paper introduces Compositional Neural Logic approach to integrate neural networks and symbolic knowl- Programming (CNLP), a framework that integrates edge for effective learning and efficient reasoning. In par- neural networks and logic programming for sym- ticular, we propose Compositional Neural Logic Program- bolic and sub-symbolic reasoning. We adopt the ming framework (CNLP), a neural network-based structure idea of compositional neural networks to repre- consisting of different sub-networks, called here as neural sent first-order logic predicates and rules. A voting predicates, each represents a first-order logic predicate in a backward-forward chaining algorithm is proposed knowledge base (KB). In this work, we introduce two types for inference with both symbolic and sub-symbolic of neural predicates, namely symbolic neural predicate and variables in an argument-retrieval style. The frame- compositional neural predicate. A symbolic neural predi- work is highly flexible in that it can be constructed cate is an auto-encoder NPAE representing an M -arity (logic) incrementally with new knowledge, and it also sup- predicate P of only symbolic arguments. The auto-encoder is ports batch reasoning in certain cases. In the exper- constructed using facts from the predicate. A compositional iments, we demonstrate the advantages of CNLP in neural predicate is a combination of discriminative and gen- discriminative tasks and generative tasks. erative networks to present an (M + N )-arity predicate P of N tensor arguments and M symbolic arguments. We use the term “tensor” to refer to sub-symbolic representation, such as"
256," Proceedings of the Thirtieth International Joint Conference on Artificial Intelligence (IJCAI-21) A Rule Mining-Based Advanced Persistent Threats Detection System Sidahmed Benabderrahmane1,2∗ , Ghita Berrada3,4 , James Cheney1,5 and Petko Valtchev6 1 The University of Edinburgh, School of Informatics, Edinburgh, UK 2 New York University, Computer Science Department 3 King’s College London, School of Population Health and Environmental Sciences, UK 4 University of Manchester, School of Health Sciences, UK 5 The Alan Turing Institute, UK 6 Université du Québec à Montréal, CRIA, Montréal (QC), Canada sidahmed.benabderrahmane@gmail.com, ghita.berrada@kcl.ac.uk, jcheney@inf.ed.ac.uk, valtchev.petko@uqam.ca Abstract such attacks is impossible [Auty, 2015], experts warn, so sys- tems should be monitored continuously so as to detect APTs Advanced persistent threats (APT) are stealthy early and keep their damage to a minimum. cyber-attacks that are aimed at stealing valuable With APTs mimicking normal user activity, such attacks information from target organizations and tend to cannot be detected with traditional means (e.g antivirus soft- extend in time. Blocking all APTs is impossi- ware, signature or system-policy-based techniques). Meth- ble, security experts caution, hence the importance ods relying on system/event logs or audit trails typically of research on early detection and damage lim- fail as they generally only analyze short event/system call itation. Whole-system provenance-tracking and sequences, which not only makes them unable to properly provenance trace mining are considered promising model and capture long-term behavior patterns but also sus- as they can help find causal relationships between ceptible to evasion techniques. Recent work [Manzoor et al., "
257,"Argumentation Frameworks through Logic Programs and Partial Stable Models (Extended Abstract)∗ Gianvincenzo Alfano , Sergio Greco , Francesco Parisi and Irina Trubitsyna DIMES Department, University of Calabria, Rende, Italy {g.alfano, greco, fparisi, i.trubitsyna}@dimes.unical.it Abstract o α β1 Extensions of Dung’s Argumentation Framework s α3 2 r α1 p (AF) include the class of Recursive Bipolar AFs (Rec-BAFs), i.e. AFs with recursive attacks and Figure 1: Rec-BAF of Example 1. supports. We show that a Rec-BAF ∆ can be trans- lated into a logic program P∆ so that the extensions tacked/supported [Baroni et al., 2011; Cayrol et al., 2017; of ∆ under different semantics coincide with sub- Gottifredi et al., 2018; Cayrol et al., 2018]. sets of the partial stable models of P∆ . Following Dung’s approach, the meaning of recursive AF- based frameworks is still given by relying on the concept of extension. However, the extensions of an AF with Recur-"
258,"e + (X, Y ) ← e(X, Y ) We study the extension of non-monotonic disjunc- e + (X, Y ) ← e + (X, Z) ∧ e(Z, Y ) tive logic programs with terms that represent sets c({X}) ← v (X) of constants, called DLP(S), under the stable model semantics. This strictly increases expressive power, c(S U {Y }) ← c(S) ∧ X ∈ S ∧ e + (X, Y ) ∧ e + (Y, X) but keeps reasoning decidable, though cautious en- subc(S1 ) ← c(S1 ) ∧ c(S2 ) ∧ S1 ⊆ S2 ∧ not S2 ⊆ S1 tailment is CO NE XP T IME NP -complete, even for scc(S) ← c(S) ∧ not subc(S) data complexity. We present two new reasoning methods for DLP(S): a semantics-preserving trans- Figure 1: Strongly connected components in ASP with sets lation of DLP(S) to logic programming with func- tion symbols, which can take advantage of lazy in ASP solvers [Calimeri et al., 2009], but sets have fur- grounding techniques, and a ground-and-solve ap- ther computational advantages in boosting expressive power, proach that uses non-monotonic existential rules as noted already for the case of Datalog [Ortiz et al., 2010; in the grounding stage. Our evaluation considers Carral et al., 2019b]. problems of ontological reasoning that are not in Surprisingly, the extension of ASP with sets remains scope for traditional ASP (unless E XP T IME = ΠP2 ), poorly understood, regarding both its theoretical properties and we find that our new existential-rule ground- and its practical potential. Most notably, Calimeri et al. ing performs well in comparison with native imple- [2008; 2009] discuss set terms in combination with functions mentations of set terms in ASP. and lists, and provide a first implementation in DLV-complex. However, to our knowledge, even the complexity of reason-"
259," Proceedings of the Thirty-First International Joint Conference on Artificial Intelligence (IJCAI-22) Search Space Expansion for Efficient Incremental Inductive Logic Programming from Streamed Data Mark Law1 , Krysia Broda2 and Alessandra Russo2 1 ILASP Limited, UK 2 Imperial College London, UK mark@ilasp.com, {k.broda, a.russo}@imperial.ac.uk Abstract FastLAS systems [Law et al., 2020; Law et al., 2021] were proposed, introducing the idea of using the examples to com- In the past decade, several systems for learning An- pute a smaller subset of the hypothesis space that is guaran- swer Set Programs (ASP) have been proposed, in- teed to contain an optimal solution (this is called an OPT- cluding the recent FastLAS system. Compared to sufficient subset of the hypothesis space). other state-of-the-art approaches to learning ASP, FastLAS is more scalable, as rather than comput- The FastLAS systems have been shown [Law et al., 2020; ing the hypothesis space in full, it computes a much Law et al., 2021] to be much more scalable than other state- smaller subset relative to a given set of examples of-the-art ASP-based ILP systems, while still being guaran- that is nonetheless guaranteed to contain an opti- teed to compute optimal solutions, meaning that the accuracy mal solution to the task (called an OPT-sufficient of the learned hypotheses is (on average) the same as other subset). On the other hand, like many other Induc- such systems. However, like many ASP-based ILP systems, tive Logic Programming (ILP) systems, FastLAS is FastLAS is a batch system, meaning that all examples are designed to be run on a fixed learning task meaning processed in one go, and if new examples are discovered after that if new examples are discovered after learning, learning then the entire proce"
260,"Learning complex programs through inductive logic programming (ILP) remains a formidable challenge. Existing higher-order enabled ILP systems show im- proved accuracy and learning performance, though remain hampered by the limitations of the underly- ing learning mechanism. Experimental results show that our extension of the versatile Learning From Failures paradigm by higher-order definitions signif- Figure 1: Inclusion of HO definitions increases the size of the search icantly improves learning performance without the space, but can lead to the search space containing a shorter solutions. burdensome human guidance required by existing systems. Our theoretical framework captures a class of higher-order definitions preserving soundness of search space, but may result in the presence of significantly existing subsumption-based pruning methods. simpler solutions (see Figure 1). Enabling a learner, with a strong bias toward short solutions, with the ability to use HO"
261,"B1 ∧ · · · ∧ Bm ∧ ¬C1 ∧ · · · ∧ ¬Cn has been inferred to be true by any other rules, then some Ai in the head A1 | · · · | Ak Should the properties of constraint monotonicity can be inferred. Rule (1) is a constraint if the head is ⊥. and foundedness be mandatory requirements that [Gelfond and Lifschitz, 1991] defined the seminal answer every answer set and world view semantics must set semantics called GL-semantics for a simple disjunctive satisfy? This question is challenging and has in- program Π by means of program transformation. Given an curred a debate in answer set programming (ASP). interpretation I, the GL-reduct ΠI is obtained from Π by re- In this paper, we address the question by intro- moving first all rules of form (1) containing some Ci ∈ I and ducing natural logic programs whose expected an- then all ¬Ci from the remaining rules. Then I is an answer swer sets and world views violate these properties set of Π if I is a minimal model of ΠI . The GL-semantics and thus may be viewed as counter-examples to has the following two properties: these requirements. Specifically we use instances of the generalized strategic companies problem for (1) Constraint monotonicity: For any constraint C, an- ASP benchmark competitions as concrete examples swer sets of Π ∪ {C} are answer sets of Π satisfying C [Lif- to demonstrate that the requirements of constraint schitz et al., 1999]. monotonicity and foundedness may exclude ex- (2) Foundedness: Answer sets of Π contain no unfounded pected answer sets for some simple disjunctive pro- set [Leone et al., 1997], where a set X of atoms in an inter- grams and world views for some epistemic spec- pretation I is an unfounded set of I if Π has no rule of form ifications. In conclusion these properties should (1) with {A1 , · · · , Ak } ∩ X 6= ∅ satisfying (f1)-(f3): not be mandatory conditions for an answer set and (f1) I satisfies the rule body condition; world view semantics in general. (f2) {B1 , · · · , Bm } ∩ X = ∅; and (f3) ({A1 , · · · , Ak } \ X) ∩ I = ∅."
262," Proceedings of the Thirty-First International Joint Conference on Artificial Intelligence (IJCAI-22) Learning First-Order Rules with Differentiable Logic Program Semantics Kun Gao1 , Katsumi Inoue2 , Yongzhi Cao1 and Hanpin Wang3,1∗ 1 Key Laboratory of High Confidence Software Technologies (MOE), School of Computer Science, Peking University 2 National Institute of Informatics 3 School of Computer Science and Cyber Engineering, Guangzhou University kungao@pku.edu.cn, inoue@nii.ac.jp, {caoyz, whpxhy}@pku.edu.cn Abstract biology, and medicine. However, learning high accuracy LPs from realistic relational datasets is still a hardcore problem in Learning first-order logic programs (LPs) from re- the field of machine learning. lational facts which yields intuitive insights into the Inductive logic programming (ILP) is firstly proposed by data is a challenging topic in neuro-symbolic re- [Muggleton, 1991] as a combination of inductive learning and search. We introduce a novel differentiable induc- logic programming technique has contained several meth- tive logic programming (ILP) model, called dif- ods. The purely symbolic ILP methods [Muggleton et al., ferentiable first-order rule learner (DFOL), which 2012] learning LPs typically support lifelong learning and finds the correct LPs from relational facts by have more explainability [Cropper et al., 2020]. However, searching for the interpretable matrix representa- some purely symbolic approaches fail in ambiguous realistic tions of LPs. These interpretable matrices are facts. By employing neural networks (NNs), differentiable deemed as trainable tensors in neural networks ILP models generate explicit logic rules in a fast and pre- (NNs). The NNs are devised according to the cise manner from realistic relational facts. Howev"
263," Proceedings of the Thirty-First International Joint Conference on Artificial Intelligence (IJCAI-22) Neuro-Symbolic Verification of Deep Neural Networks Xuan Xie1 , Kristian Kersting2,3 and Daniel Neider1,4 1 Max Planck Institute for Software Systems, Kaiserslautern, Germany 2 Computer Science Department and Centre for Cognitive Science, TU Darmstadt, Germany 3 Hessian Center for AI (hessian.AI), Germany 4 Carl von Ossietzky University of Oldenburg, Germany xxie9@ualberta.ca, kersting@cs.tu-darmstadt.de, neider@mpi-sws.org Abstract the great advantage that they are not limited to checking a given property on just a finite number of inputs. Instead, they Formal verification has emerged as a powerful ap- allow one to check whether a property holds for all (or at least proach to ensure the safety and reliability of deep infinitely many) inputs to a deep neural network, including neural networks. However, current verification tools unseen data and corner cases. However, formal verification are limited to only a handful of properties that can has a fundamental limitation that often constitutes a significant be expressed as first-order constraints over the in- obstacle in practice: it requires that the property to verify can puts and output of a network. While adversarial ro- be expressed as “simple” (typically quantifier-free, first-order) bustness and fairness fall under this category, many constraints over the inputs and output of a neural network. real-world properties (e.g., “an autonomous vehicle has to stop in front of a stop sign”) remain outside While adversarial robustness and fairness fall under the the scope of existing verification technology. To mit- above category, many real-world properties remain outside igate this severe practical restriction, we introduce "
264," Proceedings of the Thirty-First International Joint Conference on Artificial Intelligence (IJCAI-22) Sister Conferences Best Papers Track Utilizing Treewidth for Quantitative Reasoning on Epistemic Logic Programs (Extended Abstract)∗ Viktor Besin1 , Markus Hecher1,2 , Stefan Woltran1 1 TU Wien, Vienna, Austria 2 University of Potsdam, Potsdam, Germany {vbesin, hecher, woltran}@dbai.tuwien.ac.at Abstract scribe the behavior of rational agents who are capable of rea- soning over multiple worlds. There, depending on whether Extending the popular Answer Set Programming some objections are possible (true in some world) or known (ASP) paradigm by introspective reasoning capac- (i.e., true in all worlds) certain consequences have to be de- ities has received increasing interest within the last rived. This is often modeled by means of operators K or M, years. Particular attention is given to the formalism which represents that certain objections are known to be true of epistemic logic programs (ELPs) where stan- or are possibly true, respectively. Internally these operators dard rules are equipped with modal operators which can be translated to epistemic negation not, which expresses allow to express conditions on literals for being that some objection is not known, i.e., not true in all worlds. known or possible, i.e., contained in all or some Enhancing standard rules by such operators leads to the de- answer sets, respectively. ELPs thus deliver mul- velopment of epistemic logic programs (ELPs). Indeed, de- tiple collections of answer sets, known as world pending on the different semantics for ELPs, which have been views. Employing ELPs for reasoning problems developed and refined over the years [Truszczynski, 2011; so far has mainly been restricted to standard deci- Kahl et"
265," Proceedings of the Thirty-First International Joint Conference on Artificial Intelligence (IJCAI-22) Sister Conferences Best Papers Track Complex Query Answering with Neural Link Predictors (Extended Abstract)∗ Pasquale Minervini1† , Erik Arakelyan1† , Daniel Daza2,3,4† , Michael Cochez2,4 1 UCL Centre for Artificial Intelligence, University College London, United Kingdom 2 Vrije Universiteit Amsterdam, The Netherlands 3 University of Amsterdam, The Netherlands 4 Discovery Lab, Elsevier, The Netherlands {p.minervini,erik.arakelyan.18}@ucl.ac.uk {d.dazacruz,m.cochez}@vu.nl Abstract al., 2007], domain-specific ones such as Bio2RDF [Dumon- tier et al., 2014] and Hetionet [Himmelstein et al., 2017] Neural link predictors are useful for identifying for life sciences and WordNet [Miller, 1992] for linguistics, missing edges in large scale Knowledge Graphs. and application-driven graphs such as the Google Knowledge However, it is still not clear how to use these mod- Graph, Microsoft’s Bing Knowledge Graph, and Facebook’s els for answering more complex queries containing Social Graph [Noy et al., 2019]. logical conjunctions (∧), disjunctions (∨), and ex- Neural link predictors [Nickel et al., 2016] tackle the prob- istential quantifiers (∃). We propose a framework lem of identifying missing edges in large KGs. However, for efficiently answering complex queries on in- in many complex domains, an open challenge is developing complete Knowledge Graphs. We translate each techniques for answering complex queries involving multi- query into an end-to-end differentiable objective, ple and potentially unobserved edges, entities, and variables, where the truth value of each atom is computed by rather than just single edges. a pre-trained neural link predictor. We then analyse In this "
266," Proceedings of the Thirty-First International Joint Conference on Artificial Intelligence (IJCAI-22) Sister Conferences Best Papers Track Detect, Understand, Act: A Neuro-Symbolic Hierarchical Reinforcement Learning Framework (Extended Abstract)∗ Ludovico Mitchener1† , David Tuckey1 , Matthew Crosby1,2‡ and Alessandra Russo1 1 Imperial College London 2 DeepMind {ludovico.mitchener19, david.tuckey17, a.russo}@imperial.ac.uk,matthewcrosby@deepmind.com Abstract 2020]. Furthermore, DRL methods inherit the drawbacks of neural networks, such as opacity or non-interpretability, poor We introduce Detect, Understand, Act (DUA), a generalization to samples outside their training distribution neuro-symbolic reinforcement learning framework. and data inefficiency. They are purely reactive, i.e. they The Detect component is composed of a traditional do not explicitly develop high-level abstractions, needed for computer vision object detector and tracker. The causal or analogical reasoning, that could be reused across Act component houses a set of options, high-level tasks [Garnelo et al., 2016]. To address these shortcom- actions enacted by pre-trained deep reinforcement ings, which map exactly onto the main strengths of sym- learning (DRL) policies. The Understand com- bolic AI, we propose a novel neuro-symbolic framework that ponent provides a novel answer set programming combines the strengths of DRL and symbolic learning us- (ASP) paradigm for effectively learning symbolic ing the options framework [Garnelo and Shanahan, 2019; meta-policies over options using inductive logic Sutton et al., 1999]. programming (ILP). We evaluate our framework on Our framework, called DUA, is divided into three main the Animal-AI (AAI) competition testbed, a set of components: Detect, Understand a"
267,"a reasonable time. Such a problem requires applying an ap- proach that can provide an efficient schedule in a reasonable This study proposes solving scheduling problems time. One of the most effective approaches for solving JSP in industrial applications using the decomposition is decomposition which will be described in the next section approach. The proposed model has been built us- [Ovacik and Uzsoy, 2012]. ing Multi-shot Answer Set Programming with Dif- ference Logic. We tested our model with some benchmark instances and the results showed that 3 Contributions Accomplished our model is comparable to Constraint Program- We have decided to build our model using Answer ming and other heuristics in the literature. Set Programming (ASP), a declarative programming language rooted in artificial intelligence and compu- tational logic research [Lifschitz, 2008]. ASP proved"
268," Proceedings of the Thirty-First International Joint Conference on Artificial Intelligence (IJCAI-22) Doctoral Consortium Track Application of Neurosymbolic AI to Sequential Decision Making Carlos Núñez-Molina Universidad de Granada, Spain ccaarlos@correo.ugr.es Abstract The main goal of my PhD is to progress the state of the art in neurosymbolic AI for SDM, with the development of In the history of AI, two main paradigms have been methods for both solving SDPs and learning aspects of their proposed to solve Sequential Decision Making structure. This PhD contains three different lines of research. (SDM) problems: Automated Planning (AP) and Reinforcement Learning (RL). Among the many Study of state of the art. The first line of research corre- proposals to unify both fields, the one known as sponds to a study of AI methods for SDM. This study has neurosymbolic AI has recently attracted great at- already been completed and the results summarized into a re- tention. It combines the Deep Neural Networks view which we intend to submit very soon. To the best of our used in modern RL with the symbolic representa- knowledge, it is the first work that presents an overview of AI tions typical of AP. The main goal of this PhD is to methods for both solving SDPs and learning their structure, progress the state of the art in neurosymbolic AI for discussing methods ranging from the symbolic approach of SDM, developing methods for both solving these AP to the subsymbolic one of DL, RL and Deep RL, in ad- problems and learning aspects of their structure. dition to many hybrid approaches in between. In this work, Sequential Decision Making (SDM) is the problem of solv- we also discuss what properties an ideal method for SDM ing Sequential Decision Processes (SDP). In an SDP, an agent"
269,"Mears et al., 2008]. In our work, we focus on develop- ing a model-oriented approach for Answer Set Programming Writing correct models for combinatorial problems (ASP) [Brewka et al., 2011] programs based on Inductive is relatively straightforward; however, they must Logic Programming (ILP) [Cropper et al., 2020]. be efficient to be usable with instances producing ASP is a declarative programming paradigm that applies many solution candidates. In this work, we aim non-monotonic reasoning and relies on the stable model se- to automatically generalise the discarding of sym- mantics. Over the past decades, it has attracted considerable metric solutions of Answer Set Programming in- interest thanks to its elegant syntax, expressiveness, and effi- stances, improving the efficiency of the programs cient system implementations, showing promising results in with first-order constraints derived from proposi- numerous domains [Erdem et al., 2016]. ILP is a form of ma- tional symmetry-breaking constraints1 . chine learning whose goal is to learn a logic program that ex- plains a set of observations in the context of some pre-existing"
270,"and expertise to find more relevant expressions and reduce the problem complexity. In this work, we propose an interactive plat- As well as relying on human knowledge, various ap- form to perform grammar-guided symbolic regres- proaches propose to include interactivity in SR. For instance, sion using a reinforcement learning approach from Genetic Programming has long been combined with interac- human-preference feedback. To do so, a rein- tivity [Poli et al., 1997] where it was found useful, for exam- forcement learning algorithm iteratively generates ple, to rank individuals based on their subjective judgment. symbolic expressions, modeled as trajectories con- Interactivity is also a hot topic in the Reinforcement Learning strained by grammatical rules, from which a user (RL) community, as it can offer other interaction and learning shall elicit preferences. The interface gives the user modalities such as defining a loss function based on human three distinct ways of stating its preferences be- preference [Christiano et al., 2017] or ranking [Kuhlman et tween multiple sampled symbolic expressions: cat- al., 2018]. Still, few works yet focus on interactive RL (iRL) egorizing samples, comparing pairs, and suggest- for SR. In that direction, a recent work [Kim et al., 2020] ing improvements to a sampled symbolic expres- propose to control the RL algorithm by dynamic hyperpa- sion. Learning from preferences enables users to rameters updates and expressions selection/removal from the guide the exploration in the symbolic space toward batch. regions that are more relevant to them. We provide However, interaction schemes such as the ones detailed a web-based interface testable on symbolic regres- above can be found sometimes exhausting [Poli et al., 1997] sion benchmark functions and power system data. and even annoying or challenging for non-machine learning practitioners [Amershi et al., 2014]. For example, scoring al-"
271," Proceedings of the Thirty-Second International Joint Conference on Artificial Intelligence (IJCAI-23) Sequential Recommendation with Probabilistic Logical Reasoning Huanhuan Yuan1 , Pengpeng Zhao1∗ , Xuefeng Xian2∗ and Guanfeng Liu3 and Yanchi Liu4 and Victor S. Sheng5 and Lei Zhao1 1 Soochow University 2 Suzhou Vocational University 3 Macquarie University 4 Rutgers University 5 Texas Tech University hhyuan@stu.suda.edu.cn, ppzhao@suda.edu.cn, xianxuefeng@jssvc.edu.cn, guanfeng.liu@mq.edu.au, yanchi.liu@rutgers.edu, Victor.Sheng@ttu.edu, zhaol@suda.edu.cn Abstract et al., 2022] have demonstrated competitive performance against DNN-based SR models, thus boosting significant re- Deep learning and symbolic learning are two fre- search interest in combining DNN with symbolic learning. quently employed methods in Sequential Recom- Deep learning and symbolic learning are two different ap- mendation (SR). Recent neural-symbolic SR mod- proaches frequently used in the field of artificial intelligence. els demonstrate their potential to enable SR to The former is especially a central concern in current research be equipped with concurrent perception and cog- with the resurgence data-driven learning paradigm. Without nition capacities. However, neural-symbolic SR explicit common sense knowledge and cognitive reasoning, remains a challenging problem due to open is- these data-hungry strategies are typically difficult to general- sues like representing users and items in logi- ize [Marcus, 2020]. In contrast, symbolic learning involves cal reasoning. In this paper, we combine the the use of logical operators (e.g., AND (∧), OR (∨) and NOT Deep Neural Network (DNN) SR models with (¬)) and human-interpretable representations of data (e.g., logical reasoning and propose a general fra"
272," Proceedings of the Thirty-Second International Joint Conference on Artificial Intelligence (IJCAI-23) Treewidth-Aware Complexity for Evaluating Epistemic Logic Programs Jorge Fandinno1 , Markus Hecher2 1 University of Nebraska Omaha, NE, USA 2 Massachusetts Institute of Technology, MA, USA jfandinno@unomaha.edu, hecher@mit.edu Abstract to ΣP2 -complete. Though the complexity of this fragment is the same as disjunctive logic programs under the stable Logic programs are a popular formalism for encod- models semantics, the language of epistemic logic programs ing many problems relevant to knowledge repre- allows us to write more natural representations of several sentation and reasoning as well as artificial intel- problems in the polynomial hierarchy than previous logic ligence. However, for modeling rational behavior programming techniques such as saturation [Eiter and Gottlob, it is oftentimes required to represent the concepts 1995]. Examples of this are (length-bounded) conformant of knowledge and possibility. Epistemic logic pro- planning [Kahl et al., 2020; Cabalar et al., 2021] and action grams (ELPs) is such an extension that enables both reversibility [Faber et al., 2021]. concepts, which correspond to being true in all or In this paper, we conduct a more fine-grained complex- some possible worlds or stable models. For these ity analysis of epistemic logic programs in terms of param- programs, the parameter treewidth has recently re- eters of a problem [Cygan et al., 2015]. In particular, we gained popularity. We present complexity results for focus on the influence of the parameter treewidth for solv- the evaluation of key ELP fragments for treewidth, ing objectively tight and head-cycle-free epistemic programs. which are exponentially better than known results"
273," Proceedings of the Thirty-Second International Joint Conference on Artificial Intelligence (IJCAI-23) Neuro-Symbolic Learning of Answer Set Programs from Raw Data Daniel Cunnington1,2 , Mark Law3 , Jorge Lobo4 and Alessandra Russo2 1 IBM Research Europe 2 Imperial College London 3 ILASP Limited 4 ICREA-Universitat Pompeu Fabra dancunnington@uk.ibm.com, mark@ilasp.com, jorge.lobo@upf.edu, a.russo@imperial.ac.uk Abstract ton et al., 2023]. However, the assumption that either the neural or symbolic component is given is not practical in One of the ultimate goals of Artificial Intelligence many real-world situations, as there may be no pre-trained is to assist humans in complex decision making. A neural network(s) available (e.g., domain experts are time promising direction for achieving this goal is Neuro- constrained and can’t label vast quantities of raw data), Symbolic AI, which aims to combine the inter- or the symbolic knowledge may be unknown, and there- pretability of symbolic techniques with the ability of fore needs to be learned. Recent work aims to lift this deep learning to learn from raw data. However, most assumption by training both neural and symbolic compo- current approaches require manually engineered nents in an end-to-end fashion [Dai and Muggleton, 2021; symbolic knowledge, and where end-to-end training Evans et al., 2021]. However, [Dai and Muggleton, 2021] is considered, such approaches are either restricted lacks the expressivity required to efficiently represent solu- to learning definite programs, or are restricted to tions to many common-sense learning and reasoning tasks training binary neural networks. In this paper, we in- [Dantsin et al., 2001], and [Evans et al., 2021] is restricted to troduce Neuro-Symbolic Inductive Learner (NSIL), train"
274,"as the reasoning language because GMs have been used to represent both Boolean functions (in propositional logic, con- In the ongoing quest for hybridizing discrete rea- straint networks) and constrained numerical functions (partial soning with neural nets, there is an increasing in- weighted MaxSAT, Cost Function Networks). Also, a proba- terest in neural architectures that can learn how bilistic interpretation of such models is available in stochastic to solve discrete reasoning or optimization prob- GMs such as Markov Random Fields (MRFs), where infinite lems from natural inputs. In this paper, we intro- costs represent zero probabilities (infeasibility). duce a scalable neural architecture and loss func- Besides the discrete nature of variables that defines zero tion dedicated to learning the constraints and cri- gradients almost everywhere, the Boolean nature of logic teria of NP-hard reasoning problems expressed creates an additional challenge. Indeed, constraints are ei- as discrete Graphical Models. Our loss func- ther satisfied or violated and the continuous relaxation of tion solves one of the main limitations of Besag’s Boolean satisfiability or constraint satisfaction in weighted pseudo-loglikelihood, enabling learning of high en- variants [Wang et al., 2019; Brouard et al., 2020; Palm et ergies. We empirically show it is able to effi- al., 2018] may not always account for the potentially redun- ciently learn how to solve NP-hard reasoning prob- dant nature of constraints: in some contexts, a meaningful lems from natural inputs as the symbolic, visual or constraint c may be implied by a set of other constraints C, many-solutions Sudoku problems as well as the en- making the learning of c from examples impossible if C has ergy optimization formulation of the protein design already been learned. problem, providing data efficiency, interpretability, and a posteriori control over predictions. In our architecture, during inference, an arbitrary deep learning architecture receives natural inputs and outputs a fully parameterized discrete GM. This GM can then be solved"
275," Proceedings of the Thirty-Second International Joint Conference on Artificial Intelligence (IJCAI-23) Neuro-Symbolic Class Expression Learning Caglar Demir , Axel-Cyrille Ngonga Ngomo Data Science Research Group, Paderborn University caglar.demir@upb.de, axel.ngonga@upb.de Abstract E + = {Female individuals having a sister } E − = {Individuals having no sister} ⊤ Models computed using deep learning have been ef- fectively applied to tackle various problems in many disciplines. Yet, the predictions of these models are Person ... Place ... Organisation often at most post-hoc and locally explainable. In contrast, class expressions in description logics are Person ⊓ ∃hasSibling.⊤ ante-hoc and globally explainable. Although state- of-the-art symbolic machine learning approaches are Male ⊓ ∃hasSibling.⊤ ... Female ⊓ ∃hasSibling.Female being successfully applied to learn class expressions, their application at large scale has been hindered by Figure 1: Illustration of traversing a quasi-ordered search space S. their impractical runtimes. Arguably, the reliance on Rectangles represent explored ALC expressions in S. Green filled myopic heuristic functions contributes to this lim- rectangles represent a sequence of ALC expressions leading to a goal itation. We propose a novel neuro-symbolic class expression. expression learning model, D RILL, to mitigate this limitation. By learning non-myopic heuristic func- tions with deep Q-learning, D RILL efficiently steers This bundle of machine-processable knowledge has led the standard search procedure in a quasi-ordered to Web-scale KBs being used in a plethora of applications search space towards goal states. Our extensive ranging from the discovery of protein functions to content rec- experiments on 4 benchmark datasets and 390 learn-"
276," Proceedings of the Thirty-Second International Joint Conference on Artificial Intelligence (IJCAI-23) A Logic-based Approach to Contrastive Explainability for Neurosymbolic Visual Question Answering Thomas Eiter , Tobias Geibinger , Nelson Higuera and Johannes Oetsch Institute for Logic and Computation, TU Wien, Favoritenstraße 9–11, 1040 Vienna, Austria, {thomas.eiter, tobias.geibinger, nelson.ruiz, johannes.oetsch}@tuwien.ac.at Abstract Our main contribution is a CE framework for VQA that aims at explaining why the answer to a question is P in contrast to Visual Question Answering (VQA) is a well-known F . An explanation identifies a minimal set of abstract features problem for which deep-learning is key. This poses of the scene, like types and positions of objects, that need a challenge for explaining answers to questions, the to be changed to create the counterfactual outcome F . This more if advanced notions like contrastive explana- approach is inspired by recent work on CE to improve the tions (CEs) should be provided. The latter explain interpretability of natural-language processing models [Jacovi why an answer has been reached in contrast to a et al., 2021]. There are however important differences to our different one and are attractive as they focus on rea- approach for the VQA domain: Jacovi et al. use interventions sons necessary to flip a query answer. We present on input factors that are mostly amnesic in nature, i.e., an a CE framework for VQA that uses a neurosym- alternative outcome is explained by omitting factors from the bolic VQA architecture which disentangles percep- input. We are instead interested in more general changes to an tion from reasoning. Once the reasoning part is input scene that involve not only removing objects but chang- provided"
277," Proceedings of the Thirty-Second International Joint Conference on Artificial Intelligence (IJCAI-23) Enabling Abductive Learning to Exploit Knowledge Graph Yu-Xuan Huang , Zequn Sun , Guangyao Li , Xiaobin Tian , Wang-Zhou Dai , Wei Hu , Yuan Jiang and Zhi-Hua Zhou National Key Laboratory for Novel Software Technology, Nanjing University, Nanjing, China {huangyx, daiwz, jiangy, zhouzh}@lamda.nju.edu.cn, {zqsun, gyli, xbtian}.nju@gmail.com, whu@nju.edu.cn Abstract on domain knowledge expressed in first-order logic (FOL). Probabilistic Logic Program (PLP) [De Raedt and Kimmig, Most systems integrating data-driven machine learn- 2015] combines these two paradigms by extending FOL to ing with knowledge-driven reasoning usually rely accommodate probabilistic groundings such that probabilistic on a specifically designed knowledge base to enable inference can be conducted. efficient symbolic inference. However, it could be cumbersome for the nonexpert end-users to prepare Abductive Learning (ABL) [Zhou, 2019; Zhou and Huang, such a knowledge base in real tasks. Recent years 2022] is a flexible framework that integrates a machine learn- have witnessed the success of large-scale knowledge ing model with a FOL reasoning model while preserving the graphs, which could be ideal domain knowledge re- full expressive power of both sides: the machine learning sources for real-world machine learning tasks. How- model learns to convert input data into primitive logic facts, ever, these large-scale knowledge graphs usually named pseudo-labels, which serve as input to symbolic reason- contain much information that is irrelevant to a spe- ing; the reasoning model tries to infer the truth-value of these cific learning task. Moreover, they often contain facts to update the machine learning m"
278," Proceedings of the Thirty-Second International Joint Conference on Artificial Intelligence (IJCAI-23) Probabilistic Rule Induction from Event Sequences with Logical Summary Markov Models Debarun Bhattacharjya , Oktie Hassanzadeh , Ronny Luss and Keerthiram Murugesan IBM Research {debarunb, hassanzadeh, rluss}@us.ibm.com, keerthiram.murugesan@ibm.com Abstract without meaningful timestamps, i.e. either the time is un- available or too noisy to be useful. Such datasets arise in Event sequences are widely available across appli- many areas, such as medicine, advertising, product recom- cation domains and there is a long history of mod- mendations, social networks, or possibly curated from un- els for representing and analyzing such datasets. structured textual sources through natural language process- Summary Markov models are a recent addition to ing. For example, a diabetic patient may undergo a sequence the literature that help identify the subset of event of events involving insulin dosage, exercise, meal ingestion, types that influence event types of interest to a blood glucose level changes and negative side effects such as user. In this paper, we introduce logical sum- rash occurrences. We are interested in learning probabilis- mary Markov models, which are a family of models tic logical rules that: 1) identify a subset of event types that for event sequences that enable interpretable pre- influence user-specified event types of interest, and 2) relate dictions through logical rules that relate historical their historical summaries to the occurrence of the event types predicates to the probability of observing an event of interest. For instance, one may learn in this example that type at any arbitrary position in the sequence. We only insulin dosage events affect ra"
279,"directly handled by rejection-based shields, as they often as- sume that agents have perfect sensors [Giacobbe et al., 2021; Safe Reinforcement learning (Safe RL) aims at Hunt et al., 2021], which is unrealistic. Therefore, by work- learning optimal policies while staying safe. A ing with probabilistic shields, we will be able to better cope popular solution to Safe RL is shielding, which with such uncertainties and risks. uses a logical safety specification to prevent an RL Additionally, rejection-based shielding approaches may agent from taking unsafe actions. However, tra- fail to learn an optimal policy even when provided with ditional shielding techniques are difficult to inte- perfect safety information in all states [Ray et al., 2019; grate with continuous, end-to-end deep RL meth- Hunt et al., 2021; Anderson et al., 2020]. This is because ods. To this end, we introduce Probabilistic Logic the learning agent does not consider the rejected actions Policy Gradient (PLPG). PLPG is a model-based while updating its policy, assuming that all safe actions were Safe RL technique that uses probabilistic logic pro- sampled directly from its safety-agnostic policy instead of gramming to model logical safety constraints as through the shield. By eliminating the mismatch between the differentiable functions. Therefore, PLPG can be shield and the policy, we will be able to ensure convergence seamlessly applied to any policy gradient algorithm towards an optimal policy if one exists. while still providing the same convergence guar- antees. In our experiments, we show that PLPG We introduce probabilistic shields as an alternative to de- learns safer and more rewarding policies compared terministic rejection-based shields. They produce a safer to other state-of-the-art shielding techniques. policy by incorporating noisy sensor readings into the orig- inal policy, as shown in Fig. 3 (right). By explicitly linking noisy sensor readings to probabilistic semantics, probabilistic"
280,"model checking [Penczek and Lomuscio, 2003] enabled the model checking of systems of large state spaces, a main draw- This paper outlines some of the key methods we back of the approach remains the state-space explosion prob- developed towards the formal verification of multi- lem, whereby the state-space grows exponentially in the num- agent systems, covering both symbolic and connec- ber of variables encoding the agents. tionist systems. It discusses logic-based methods for the verification of unbounded multi-agent sys- Notwithstanding that in practice this limits model checking tems (i.e., multi-agent systems composed of an ar- to the verification of systems with only few constituents, the bitrary number of homogeneous agents), optimisa- analysis of systems with arbitrarily many participants, such tion approaches for establishing the robustness of as robot swarms and applications in the Internet of Things, neural network models, and mixed-integer linear raises a principal barrier to its application. Indeed, verify- programming methods for analysing properties of ing systems of this kind, henceforth unbounded multi-agent neuro-symbolic multi-agent systems. systems (UMAS), requires checking whether any system for any number of agents satisfies the specification in question. This renders model checking intractable when enumerating"
281,"Although state-of-the-art hierarchical robot plan- ning algorithms allow robots to efficiently com- pute long-horizon motion plans for achieving user desired tasks, these methods typically rely upon environment-dependent state and action abstrac- tions that need to be hand-designed by experts. (a) (b) (c) On the other hand, non-hierarchical robot planning approaches fail to compute solutions for complex Figure 1: The figure shows the overall approach of my research. (a) tasks that require reasoning over a long horizon. shows the ground input motion planning problem. The next step is My research addresses these problems by propos- to identify critical regions as show in (b) and use them synthesize ing an approach for learning abstractions and de- abstract states and actions as shown in (c) using colored cells and veloping hierarchical planners that efficiently use blacked arrows respectively. These abstract states and actions can learned abstractions to boost robot planning perfor- be used to compute motion plan. mance and provide strong guarantees of reliability. 2 Proposed Approach"
282,"specified using traditional programming languages. The ap- proaches cannot therefore be used to verify important classes We study the problem of verifying multi-agent of MAS, where either the systems have arbitrarily many par- systems composed of arbitrarily many neural- ticipants or the agents are endowed with machine learning symbolic agents. We introduce a novel pa- components. The former class of systems includes open sys- rameterised model, where the parameter denotes tems, where agents can join and leave the system at runtime, the number of agents in the system, each ho- and applications designed irrespective of the number of par- mogeneously constructed from an agent template ticipants, such as robot swarms and scenarios in the Internet equipped with a neural network-based perception of Things. The latter class comprises forthcoming neural- unit and a traditionally programmed action selec- symbolic applications such as autonomous vehicles. tion mechanism. We define the verification and More recent methods have addressed the verification of emergence identification problems for these mod- systems with an unbounded number of constituents [Kou- els against a bounded fragment of CTL. We put for- varos and Lomuscio, 2016b; Kouvaros and Lomuscio, ward an abstraction methodology that enables us to 2016a]. While the various verification methods focus on recast both problems to the problem of checking different communication primitives for the agents, most of Neural Interpreted Systems with a bounded num- them rely on abstractions whereby the unbounded verification ber of agents. We present an implementation and problem is reduced to analysing a finite state-space. These discuss experimental results obtained on a social abstractions formed the backbone of various formal reason- dilemma game based on guarding. ers such as those targeting fault-tolerance [Kouvaros et al., 2018] and data-aware systems [Belardinelli et al., 2017]."
283,"[Marques-Silva et al., 2021]: a branching literal is heuris- tically chosen and propagated to infer deterministic conse- Aggregates such as sum and count are among quences, where possible, and each inferred literal is associ- the most frequently used linguistic extensions ated with a reason being a clause (i.e., a set of literals, one of of Answer Set Programming (ASP). At-most-one which is required to be true) among those associated with a (AMO) constraints are a specific form of aggre- propagator. Reasons are used to learn new clauses in case of gates that excludes the simultaneous truth of mul- conflict, so to effectively prune the search space. tiple elements in a set. This article unleashes a Frequently, normal programs are extended by allowing powerful propagation strategy in case groups of el- the use of aggregates [Bartholomew et al., 2011; Faber ements in an aggregate are also involved in AMO et al., 2011b; Ferraris, 2011; Gelfond and Zhang, 2014; constraints. In fact, the combined knowledge given Liu et al., 2010; Simons et al., 2002], in particular SUMs, by aggregates and AMO constraints significantly in rule bodies. In a SUM, Boolean literals are associated with increases the effectiveness of search space pruning, weights, and the sum of the weights of true literals is required resulting in sensible performance gains. to satisfy a given (in)equality. For example, the inequality 1·x+2·y+2·z ≥3 (1)"
284," Proceedings of the Thirty-Third International Joint Conference on Artificial Intelligence (IJCAI-24) Epistemic Logic Programs: Non-Ground and Counting Complexity Thomas Eiter1 , Johannes K. Fichte2 , Markus Hecher3 , Stefan Woltran1 1 Institute of Logic and Computation, TU Wien 2 Department of Computer and Information Science (IDA), Linköping University 3 Computer Science & Artificial Intelligence Laboratory, Massachusetts Institute of Technology thomas.eiter@tuwien.ac.at, johannes.fichte@liu.se, hecher@mit.edu stefan.woltran@tuwien.ac.at, Abstract up to the fourth level of the polynomial hierarchy [Shen and Eiter, 2016]. Despite its hardness in the decision case, also Answer Set Programming (ASP) is a prominent counting world views is of vivid research interest today (see problem-modeling and solving framework, whose e.g., [Besin et al., 2021]), as it provides the connection of solutions are called answer sets. Epistemic logic quantitative reasoning for ELPs and computing conditional programs (ELP) extend ASP to reason about all or probabilities by considering the proportion of world views some answer sets. Solutions to an ELP can be seen compatible with a set of literals. State-of-the-art systems even as consequences over multiple collections of answer allow for solving non-ground programs by either replacing sets, known as world views. While the complex- variables with domain constants or structural guided grounding ity of propositional programs is well studied, the and then employing existing ASP solvers [Cabalar et al., 2020; non-ground case remains open. Besin et al., 2022]. Despite the practical implementations This paper establishes the complexity of non-ground and weak known lower bounds [Dantsin et al., 2001; Eiter ELPs. We provide a comprehensive picture fo"
285," Proceedings of the Thirty-Third International Joint Conference on Artificial Intelligence (IJCAI-24) Improved Encodings of Acyclicity for Translating Answer Set Programming into Integer Programming Masood Feyzbakhsh Rankooh and Tomi Janhunen Tampere University, Finland {masood.feyzbakhshrankooh, tomi.janhunen}@tuni.fi Abstract One important aspect of translating complex problems into IP is coming up with programs whose linear programming In this work, we introduce novel translations of (LP) relaxations are reasonably restrictive. Restrictive LP Answer Set Programming (ASP) into Integer Pro- relaxations are important, especially when coupled with ad- gramming (IP). While building upon a previously vanced optimization techniques such as the branch-and-cut introduced IP translation, we revisit the translation method [Mitchell, 2002]. By relaxing integer constraints in of acyclicity constraints essential for capturing an- IP, i.e., by allowing variables to take fractional values, a cor- swer sets precisely. By leveraging vertex elimi- responding linear programming relaxation is formulated. The nation graphs, we demonstrate that a new transla- incorporation of restrictive LP relaxations, involving addi- tion of acyclicity can yield integer programs with tional constraints or tightened versions of existing ones, be- a more restrictive linear relaxation compared to comes synergistic with the branch-and-cut method. This so- previous methods. This enhancement enables IP phisticated optimization approach systematically explores the solvers to prune the search space more efficiently. solution space by iteratively branching on variables and uti- Furthermore, we show how acyclicity can be ex- lizing cutting planes derived from the LP relaxations. The pressed more concisely in IP gi"
286,"knowledge (BK), a logic program which encodes informa- tion related to the examples. Recent work in inductive logic We introduce the higher-order refactoring problem, programming (ILP) has shown that using user-provided higher- where the goal is to compress a logic program by order abstractions, such as map, filter, and fold, can drastically discovering higher-order abstractions, such as map, improve the learning performance of an ILP system [Crop- filter, and fold. We implement our approach in S TE - per et al., 2020; Purgal et al., 2022]. For instance, if given VIE , which formulates the refactoring problem as a map as input, these approaches can learn the aforementioned constraint optimisation problem. Our experiments higher-order string transformation program. on multiple domains, including program synthesis The major limitation of these recent approaches is that they and visual reasoning, show that refactoring can im- need a human to provide the necessary abstractions as input, prove the learning performance of an inductive logic i.e. these approaches cannot discover abstractions. programming system, specifically improving predic- To overcome this limitation, we introduce an approach tive accuracies by 27% and reducing learning times that automatically discovers useful higher-order abstractions, by 47%. We also show that S TEVIE can discover which can then be used by an ILP system. The idea is to refac- abstractions that transfer to multiple domains. tor a logic program by discovering higher-order abstractions that compress it."
287,"Prove(plants use chlorophyll to produce sugar) Our goal is to develop a modern approach to an- swering questions via systematic reasoning where Dense Retrieval Conditioned RTE Retrieval Filters answers are supported by human interpretable proof LM NL Corpus trees grounded in an NL corpus of facts. Such a Prove(carbohydrates are made of sugars) system would help alleviate the challenges of inter- Prove(chlorophyll is used by plants to produce carbohydrates) pretability and hallucination with modern LMs, and the lack of grounding of current explanation meth- Template Inference-Supporting Templates RTE ods (e.g., Chain-of-Thought). This paper proposes a Conditioned LM Filters if ___ then ___ new take on Prolog-based inference engines, where ___causes ___ we replace handcrafted rules with a combination of Prove(chlorophyll causes plants to absorb light) ___ is used to ___ ___ is a kind of ___ neural language modeling, guided generation, and .... semiparametric dense retrieval. Our implementation, Dense RTE Retrieval Filters N ELLIE, is the first system to demonstrate fully in- terpretable, end-to-end grounded QA as entailment Prove(chlorophyll is used for absorbing light energy by plants) tree proof search, going beyond earlier work ex- Prove(plants use light to produce carbohydrates via photosynthesis) plaining known-to-be-true facts from text. In experi- ments, N ELLIE outperforms a similar-sized state- Dense RTE of-the-art reasoner while producing knowledge- Retrieval Filters grounded explanations. We also find N ELLIE can exploit both semi-structured and NL text corpora to Prove(photosynthesis is a source of food for the plant by converting carbon dioxide, water, and sunlight into carbohydrates) guide reasoning. Together these suggest a new way to jointly reap the benefits of both modern neural Figure 1: Given a query, N ELLIE performs a neuro-symbolic back- methods and traditional symbolic reasoning. ward chaining search for proof trees whose leaves are grounded in a corpus of facts. It generates candidate decomposition rules guided by retrieved facts or templates. Then, it recursively tries to prove rule"
288," Proceedings of the Thirty-Third International Joint Conference on Artificial Intelligence (IJCAI-24) Scaling Up Unbiased Search-based Symbolic Regression Paul Kahlmeyer1 , Joachim Giesen1 , Michael Habeck2 and Henrik Voigt1 1 Friedrich Schiller University Jena 2 University Hospital Jena {paul.kahlmeyer, joachim.giesen, michael.habeck, henrik.voigt}@uni-jena.de Abstract 1.0 Cosine expansion Symbolic In a regression task, a function is learned from la- 0.5 Test data beled data to predict the labels at new data points. Train data The goal is to achieve small prediction errors. 0.0 f(x) In symbolic regression, the goal is more ambi- tious, namely, to learn an interpretable function 0.5 that makes small prediction errors. This addi- tional goal largely rules out the standard approach 1.0 used in regression, that is, reducing the learning 0.0 0.5 1.0 1.5 2.0 2.5 3.0 problem to learning parameters of an expansion x of basis functions by optimization. Instead, sym- bolic regression methods search for a good solu- Figure 1: Interpretability goes beyond generalization. Data tion in a space of symbolic expressions. To cope from a dampened pendulum are fitted by the symbolic re- with the typically vast search space, most sym- gressor e−x cos(6x) and the cosine expansion 0.06 cos(4x) + bolic regression methods make implicit, or some- 0.13 cos(5x) + 0.30 cos(6x) + 0.23 cos(7x) + 0.08 cos(8x). While times even explicit, assumptions about its struc- both models generalize well outside the training data, the symbolic ture. Here, we argue that the only obvious struc- regressor can be interpreted as the multiplicative composition of an ture of the search space is that it contains small ex- exponential decay and an oscillation (light orange). The cosine ex- pressions, that is, expressions"
289," Proceedings of the Thirty-Third International Joint Conference on Artificial Intelligence (IJCAI-24) Vertical Symbolic Regression via Deep Policy Gradient Nan Jiang , Md Nasim , Yexiang Xue Department of Computer Science, Purdue University {jiang631, mnasim, yexiang}@purdue.edu Abstract C3 × R × I 2 × T Q ∝ I 2 RT Deep RL agent Vertical Symbolic Regression (VSR) has recently been proposed to expedite the discovery of sym- bolic equations with many independent variables A × I2 × T Full hypothesis space from experimental data. VSR reduces the search C2 × I 2 × T spaces following the vertical discovery path by Q ∝ I 2T building from reduced-form equations involving a Deep RL agent subset of variables to all variables. While deep Reduced hypothesis space neural networks have shown promise in enhanc- A×T Q∝T ing symbolic regression, directly integrating VSR C1 × T with deep networks faces challenges such as gradi- Reduced hypothesis space ent propagation and engineering complexities due Deep RL agent Horizontal path Candidate expression to the tree representation of expressions. We pro- Vertical path Correct expression A pose Vertical Symbolic Regression using Deep Policy Gradient (V SR -D PG) and demonstrate that Figure 1: Our V SR -D PG follows a vertical path (colored blue) bet- V SR -D PG can recover ground-truth equations in- ter than the horizontal path (colored red), in the scientific discovery volving multiple input variables, significantly be- of Joule’s first law. (Left) The vertical discovery starts by finding yond both deep reinforcement learning-based ap- the relationship between two factors (Q, T ) in a reduced hypothe- proaches and previous VSR variants. Our V SR - sis space with other factors held constant. It then finds models in D PG models symbolic regres"
290,")∗ Masood Feyzbakhsh Rankooh and Tomi Janhunen Tampere University, Tampere, Finland {masood.feyzbakhshrankooh, tomi.janhunen}@tuni.fi Abstract 2007]. The informativeness of these heuristic functions can- not be evaluated unless we can compute the exact value of We establish a novel relation between delete-free h+ . Also, efficient solving of relaxed planning problems is planning, an important task for the AI Planning in itself of importance, as there exist planning tasks of inter- community also known as relaxed planning, and est for the AI community whose actions are all delete-free logic programming. We show that given a plan- [Gefen and Brafman, 2011; Robinson et al., 2014]. Another ning problem, all subsets of actions that could be reason for the importance of efficient optimal relaxed plan- ordered to produce relaxed plans for the problem ning is that optimal plans for non-relaxed planning problems can be bijectively captured with stable models of can always be produced by iterative solving and reformulat- a logic program describing the corresponding re- ing relaxed planning tasks [Haslum, 2012]. laxed planning problem. We also consider the sup- Several approaches to solving relaxed planning problems ported model semantics of logic programs, and in- have previously been introduced. The approaches include troduce one causal and one diagnostic encoding of Boolean satisfiability (SAT) based encodings [Rankooh and the relaxed planning problem as logic programs, Rintanen, 2022b], integer programming based models [Imai both capturing relaxed plans with their supported and Fukunaga, 2015; Rankooh and Rintanen, 2022a]; and models. Our experimental results show that these a minimum-cost hitting set based method introduced by new encodings can provide major performance gain Haslum et al. [2012]. Here, we take an approach based on when computing optimal relaxed plans. the stable and supported models of logic programs [Gelfond and Lifschitz, 1988; Marek and Subrahmanian, 1992]. Such"
291," Proceedings of the Thirty-Third International Joint Conference on Artificial Intelligence (IJCAI-24) Journal Track Hybrid planning for challenging construction problems: An Answer Set Programming approach (Abstract Reprint) Faseeh Ahmad1 , Volkan Patoglu2 and Esra Erdem3 1 Lund University, Robotics and Semantic Systems, Lund, Sweden 2 Sabanci University, Mechatronics Engineering, Istanbul, Turkey 3 Sabanci University, Computer Science and Engineering, Istanbul, Turkey faseeh.ahmad@cs.lth.se, volkan.patoglu@sabanciuniv.edu, esra.erdem@sabanciuniv.edu Abstract Reprint. This is an abstract reprint of a journal by [Ahmad et al., 2023]. Abstract We study construction problems where multiple robots re- arrange stacks of prefabricated blocks to build stable struc- tures. These problems are challenging due to ramifications of actions, true concurrency, and requirements of supported- ness of blocks by a surface or a robot and stability of the overall structure at all times. We propose a general elabo- ration tolerant method to solve a wide range of construction problems, based on the knowledge representation and reason- ing paradigm of Answer Set Programming. This method not only (i) determines a stable final configuration of the struc- ture, but also (ii) computes the order of manipulation tasks for multiple autonomous robots to build the structure from an initial configuration, (iii) while simultaneously ensuring the requirements of supportedness and stability at all times. We prove the soundness and completeness of our method with respect to these properties. We introduce a set of challeng- ing construction benchmark instances, including construction of (uneven) bridges and overhangs, and discuss the useful- ness of our framework over these instances. Furthermore, we perform"
292," Proceedings of the Thirty-Third International Joint Conference on Artificial Intelligence (IJCAI-24) Journal Track A differentiable first-order rule learner for inductive logic programming (Abstract Reprint) Kun Gao 1,2 , Katsumi Inouet3 , Yongzhi Cao1 and Hanpin Wang4,1 1 Key Laboratory of High Confidence Software Technologies (MOE) 2 Key Laboratory of High Confidence Software Technologies (MOE), School of Computer Science, Peking University 3 National Institute of Informatics, Tokyo 101-8430, Japan 4 School of Computer Science and Cyber Engineering, Guangzhou University, China kungao@pku.edu.cn, inoue@nii.ac.jp, caoyz@pku.edu.cn, whpxhy@pku.edu.cn Abstract Reprint. This is an abstract reprint of a journal by [Gao et al., 2024]. Abstract Learning first-order logic programs from relational facts yields intuitive insights into the data. Inductive logic pro- gramming (ILP) models are effective in learning first-order logic programs from observed relational data. Symbolic ILP models support rule learning in a data-efficient manner. How- ever, symbolic ILP models are not robust to learn from noisy data. Neuro-symbolic ILP models utilize neural networks to learn logic programs in a differentiable manner which im- proves the robustness of ILP models. However, most neuro- symbolic methods need a strong language bias to learn logic programs, which reduces the usability and flexibility of ILP models and limits the logic program formats. In addition, most neuro-symbolic ILP methods cannot learn logic pro- grams effectively from both small-size datasets and large-size datasets such as knowledge graphs. In the paper, we intro- duce a novel differentiable ILP model called differentiable first-order rule learner (DFORL), which is scalable to learn rules from both smaller and larger "
293,"address classes of AI problems that would otherwise be ex- ceptionally challenging or even infeasible to solve. While In recent years, there has been a significant interest building efficient neurosymbolic LLMs for such problems, in Large Language Models (LLMs) owing to their the research questions (RQs) that we intend to address are: notable performance in natural language process- ing (NLP) tasks. However, while their results show • RQ1: Are LLMs good in reasoning tasks? Can they be promise in mathematical reasoning and software significantly improved by providing logical feedback about engineering tasks, LLMs have not yet achieved a the quality of their generated results, during training? satisfactory performance level in these domains. In • RQ2: How do we design feedback loops to train LLMs for response, current approaches have prioritized scal- software engineering and mathematical reasoning tasks? ing up the size of LLMs, necessitating substantial • RQ3: What type of feedback are the most effectively re- computational resources and data. Our objective, ceived by LLMs: scalar, vector or multi-dimensional? however, is to pursue a different path by develop- ing neurosymbolic language models. We propose • RQ4: Can a small language model (SLM) trained using to integrate logical and symbolic feedback during symbolic feedback, match the performance of larger mod- the training process, enabling significantly smaller els (LLMs) trained without such feedback? Can we theo- language models to achieve far better reasoning ca- retically prove them to be more trustworthy than the latter? pabilities than the LLMs currently in use. Overall, we aim to answer the following: Can LLMs being trained for software engineering or mathematical reasoning"
294," Proceedings of the Thirty-Fourth International Joint Conference on Artificial Intelligence (IJCAI-25) A Unifying Framework for Semiring-Based Constraint Logic Programming With Negation Jeroen Spaans1 and Jesse Heyninck1,2 1 Open Universiteit, The Netherlands 2 University of Cape Town, South Africa {jeroen.spaans, jesse.heyninck}@ou.nl Abstract Approximation fixpoint theory (AFT) [Denecker et al., 2001] is a unifying framework for the definition and study of Constraint Logic Programming (CLP) is a logic pro- semantics of non-monotonic formalisms. It is a purely algeb- gramming formalism used to solve problems requir- raic theory which was shown to unify the semantics of, among ing the consideration of constraints, like resource others, logic programming, default logic, and autoepistemic allocation and automated planning and scheduling. logic. Due to the algebraic constructions defined in AFT, it It has previously been extended in various directions, often suffices to define a so-called approximating operator to for example to support fuzzy constraint satisfaction, derive a whole class of well-behaved semantics, including the uncertainty, or negation, with different notions of so-called stable and well-founded semantics. semiring being used as a unifying abstraction for In this paper, we apply AFT to unify and generalize existing these generalizations. None of these extensions have approaches to semiring-based constraint logic programming. studied clauses with negation allowed in the body. In more detail, the contributions of this paper are the follow- We investigate an extension of CLP which unifies ing: (1) we unify the approaches of [Bistarelli et al., 2001; many of these extensions and allows negation in the Khamis et al., 2023] in the framework of AFT, making clear "
295,"Example 1. Let us consider a prompt asking to LLMs to ad- dress a nontrivial reasoning task such as the following: Answer Set Programming (ASP) and Large Lan- You are organizing a networking event with several attendees, guage Models (LLMs) have emerged as powerful and you want to form the largest possible group where ev- tools in Artificial Intelligence, each offering unique ery person in the group knows every other person. capabilities in knowledge representation and natu- The attendees have provided the following information about ral language processing, respectively. In this pa- who they know: per, we combine the strengths of the two paradigms Alice knows Bob, and Evan. with the aim of improving the structured represen- Bob knows Charlie, Diana, Evan, and Fiona. tation of complex knowledge encoded in natural Charlie knows Diana, Evan, Fiona, and George. language. In a nutshell, the structured representa- Diana knows Evan, Fiona, and George. tion is obtained by combining syntactic structures Evan knows George. extracted by LLMs and semantic aspects encoded Fiona knows George, and Henry. in the knowledge base. The interaction between George knows Evan, and Henry. ASP and LLMs is driven by a YAML file speci- Henry knows George. fying prompt templates and domain-specific back- Question: What is the largest group of attendees where ev- ground knowledge. The proposed approach is eval- eryone knows every other person in the group? uated using a set of benchmarks based on a dataset obtained from problems of ASP Competitions. The An answer provided by chatgpt.com (using GPT-4o from results of our experiment show that ASP can sen- the web interface or gpt-4o-mini-2024-07-18 via API) is the sibly improve the F1-score, especially when rela- following: tively small models are used. The largest group where everyone knows everyone else is the group consisting of Bob, Charlie, Diana, Evan, and Fiona. The answer is wrong, as Evan does not know Fiona. (We"
296,"Whilst the standard approach is effective for simple programs, it can struggle when learning programs that require long se- We introduce a relational approach to program syn- quences of actions/functions. For instance, to insert the letter thesis. The key idea is to decompose synthesis tasks a at position 3, a system could synthesise the program: into simpler relational synthesis subtasks. Specif- ically, our representation decomposes a training def f(x): return cons(head(x),cons(head(tail(x)), input-output example into sets of input and output cons('a',tail(tail(x))))) facts respectively. We then learn relations between the input and output facts. We demonstrate our This program is long and difficult to learn because the search approach using an off-the-shelf inductive logic pro- complexity in program synthesis is exponential with the search gramming (ILP) system on four challenging synthe- depth [Gulwani et al., 2017; Witt et al., 2025]. Therefore, sis datasets. Our results show that (i) our represen- most existing approaches struggle to learn long sequences of tation can outperform a standard one, and (ii) an actions/functions. off-the-shelf ILP system with our representation can Rather than learn a sequence of actions/functions to map outperform domain-specific approaches. an entire input to an entire output, our key contribution is to introduce a representation that decomposes synthesis tasks into simpler relational synthesis subtasks. Specifically, our"
297,"are allowed in rule bodies, and also no universally accep- ted “standard” semantics. Instead, several proposals exist, Fuzzy logic programming is an established ap- e.g. the approximate well-founded semantics by Loyer and proach for reasoning under uncertainty. Several se- Straccia [2009b] or the stable model semantics by Cornejo et mantics from classical, two-valued logic program- al. [2018], but it is not clear how they are related. ming have been generalized to the case of fuzzy lo- In the present paper, we address some of these open ques- gic programs. In this paper, we show that two of tions within the general algebraic framework of approxim- the most prominent classical semantics, namely the ation fixpoint theory (AFT). For classical logic program- stable model and the well-founded semantics, can ming [van Emden and Kowalski, 1976], it is known that the be reconstructed within the general framework of (standard) least-model semantics of definite logic programs approximation fixpoint theory (AFT). can be defined using an operator on interpretations. In a This not only widens the scope of AFT from two- series of papers, Denecker et al. demonstrated that similar to many-valued logics, but allows a wide range of constructions are possible for a range of knowledge repres- existing AFT results to be applied to fuzzy logic entation formalisms, obtaining several profound results that programming. As first examples of such applica- uncovered fundamental similarities between semantics of dif- tions, we clarify the formal relationship between ferent knowledge representation languages [Denecker et al., existing semantics, generalize the notion of strati- 2000; Denecker et al., 2003; Denecker et al., 2004]. Today, fication from classical to fuzzy logic programs, and approximation fixpoint theory stands as a unifying frame- devise “more precise” variants of the semantics. work for studying fixpoint-based semantics, in particular in the context of languages allowing for non-monotonicity. More concretely, in this paper we show that several fuzzy"
298,"formalizations of problems using et al., 2023]. Such lack of reliability especially hinders the concrete instantiations that are generated by the practical usability of existing approaches: the burden of ver- model and verified by the solver. In addition to sig- ifying correctness is always on the user, which can be espe- nificantly advancing the overall reasoning accuracy cially difficult and error-prone for complex reasoning tasks. over the state-of-the-art, a key novelty that this ap- Therefore, having a reliable signal of correctness with high proach presents is a feature of verification that has confidence can be hugely beneficial to help reduce the overall near-perfect precision over a significant coverage of manual effort and cost of verification. cases, as we demonstrate on open reasoning bench- In this work, we propose a new approach to cor- marks. We propose such near-certain reasoning as rectly formalizing reasoning problems called Semantic Self- a new approach to reduce the need for manual ver- Verification (SSV), which offers two key benefits: (1) it im- ification in many cases, taking us closer to more proves the overall accuracy of reasoning significantly over dependable and autonomous AI reasoning systems. SoTA, and (2) it provides a novel feature of verification that has near-perfect precision. In our problem formulation, in addition to producing an answer to a given question, the sys-"
299,"constraint atoms (c-atoms) under Schulz, 2019]. This is quite useful for debugging ASP pro- SPT-answer set semantics. Such c-atoms are gener- grams. From the perspective of knowledge representation, an al enough to capture complex constructors of logic explanation for a solution may be equally or more important programs, including aggregates, and the SPT-answer than the solution itself [Sosa, 2019]. This challenging task has sets exclude circular justifications that other seman- been extensively investigated from the perspective of off-line tics have. We propose a minimal reduct for logic justification [Pontelli et al., 2009], causal graph [Cabalar and programs with c-atoms that yields a new semantic Fandinno, 2016], minimal assumption set and well-founded characterization of SPT-answer sets, and then in- derivation [Alviano et al., 2024] and so forth. Various explain- troduce an extension of resolution for clauses with ing ASP tools and systems are available, such as DiscASP [Li c-atoms. As we show, every atom in an SPT-answer et al., 2021], s(CASP) [Arias et al., 2020], xclingo [Cabalar et set enjoys an extended resolution proof from the al., 2020] and xASP [Alviano et al., 2024]. minimal reduct of its logic program. Finally, we present minimal sufficient subsets of logic programs Abstract constraint atoms (c-atoms) [Marek and Truszczyns- (witnesses) to structure such an extended resolution ki, 2004] are a general framework to capture complex construc- proof for an atom in an SPT-answer set. Our re- tors in logic programs, such as weight constraints [Simons sults contribute to the justification of answer sets et al., 2002] and aggregates [Dell’Armi et al., 2003; Faber and provide a basis for explainability of ASP-based et al., 2004; Ferraris, 2011]. Such constructors are widely applications. used in practical ASP languages, and they usually complicate the answer set semantics of logic programs [Son et al., 2007; Liu et al., 2010; Shen et al., 2009; Gelfond and Zhang, 2019;"
300," Proceedings of the Thirty-Fourth International Joint Conference on Artificial Intelligence (IJCAI-25) Grounding Methods for Neural-Symbolic AI Rodrigo Castellano Ontiveros1 , Francesco Giannini2 , Marco Gori1 , Giuseppe Marra3 and Michelangelo Diligenti1 1 University of Siena, Italy 2 Scuola Normale Superiore, Italy 3 KU Leuven, Belgium {rodrigo.castellano,marco.gori,michelangelo.diligenti}@unisi.it, francesco.giannini@sns.it, giuseppe.marra@kuleuven.be Abstract tain full expressiveness of logical knowledge but suffer from scalability issues, and heuristic-based selective derivations A large class of Neural-Symbolic (NeSy) methods that sacrifice logical coherence for computational efficiency. employs a machine learner to process the input en- Indeed, the employed grounding process is often completely tities, while relying on a reasoner based on First- neglected in the NeSy literature, or relegated to a single sen- Order Logic to represent and process more com- tence in the appendix. This hinders the possibility to repro- plex relationships among the entities. A fundamen- duce, compare, and even fully understand the strengths and tal role for these methods is played by the process weaknesses of the different methods. of logic grounding, which determines the relevant This paper aims to fill this gap by exploring diverse substitutions for the logic rules using a (sub)set of grounding methods in NeSy AI. We contend that the selec- entities. Some NeSy methods use an exhaustive tion of a suitable grounding criterion is as pivotal as the de- derivation of all possible substitutions, preserving sign of the NeSy method itself. To support this claim, we the full expressive power of the logic knowledge. propose a parameterized generalization of the classic Back- This leads to a c"
301,"has been done for sequence classification in presence of (i) “relational” and (ii) “temporal” knowledge. The former de- One of the goals of neuro-symbolic artificial intel- scribes features within each single time-step while the latter ligence is to exploit background knowledge to im- models information along the temporal dimension. For ex- prove the performance of learning tasks. However, ample, consider a safety-critical system where several cam- most of the existing frameworks focus on the sim- eras monitor an environment, controlling the movements of plified scenario where knowledge does not change automated guided vehicles. At each timestep, every vehicle over time and does not cover the temporal dimen- has to satisfy some safety properties regarding its movements, sion. In this work we consider the much more chal- for example to avoid collisions; in addition, at some check- lenging problem of knowledge-driven sequence points it is necessary to assess that some tasks have been ex- classification where different portions of knowl- ecuted in a specific order throughout the temporal sequence. edge must be employed at different timesteps, and Motivated by this challenging and still under-explored set- temporal relations are available. Our experimental ting, this paper collects several contributions. (a) We pro- evaluation compares multi-stage neuro-symbolic pose a new benchmarking framework for sequence classifica- and neural-only architectures, and it is conducted tion (and similar tasks) in the presence of domain knowledge on a newly-introduced benchmarking framework. that extends also over the temporal dimension. Our frame- Results demonstrate the challenging nature of this work is capable of generating datasets with multi-channel se- novel setting, and also highlight under-explored quences of arbitrary length, by sampling given image classi- shortcomings of neuro-symbolic methods, repre- fication datasets according to user-defined temporal and rela- senting a precious reference for future research. tional specifications. (b) We share with the scientific commu- nity ready-to-use datasets for six challenging tasks, as well"
302,"Neurosymbolic (NeSy) AI has emerged as a promising direction to integrate neural and sym- bolic reasoning. Unfortunately, little effort has neural extraction been given to developing NeSy systems tailored to sequential/temporal problems. We identify sym- ¬tired ∧ ¬blocked ¬fast ∧ (tired ∨ blocked) true bolic automata (which combine the power of au- tomata for temporal reasoning with that of propo- start q0 tired ∨ blocked q1 fast q2 sitional logic for static reasoning) as a suitable for- malism for expressing knowledge in temporal do- ¬tired ∧ ¬blocked ∧ ¬fast mains. Focusing on the task of sequence classifica- tion and tagging we show that symbolic automata differentiable inference can be integrated with neural-based perception, un- der probabilistic semantics towards an end-to-end P(accept | , , ) = 0.78 differentiable model. Our proposed hybrid model, termed N E S YA (Neuro Symbolic Automata) is Figure 1: Symbolic automata (middle) are used to reason over se- shown to either scale or perform more accurately quences of subsymbolic inputs (top) from which information is ex- than previous NeSy systems in a synthetic bench- tracted with the aid of a neural network, performing multilabel clas- mark and to provide benefits in terms of general- sification. For instance, for the image , the correct symbol ization compared to purely neural systems in a real- grounding is {tired, ¬blocked, ¬fast}. The symbolic automaton world event recognition task. Code is available at: shown captures the following logic: If the driver is tired or the road is blocked, then in the next timestep they should not be going fast. https://github.com/nmanginas/nesya. N E S YA computes the probability of the SFA accepting the input se- quence (bottom), which is then used for learning."
303," Proceedings of the Thirty-Fourth International Joint Conference on Artificial Intelligence (IJCAI-25) Breaking the Self-Evaluation Barrier: Reinforced Neuro-Symbolic Planning with Large Language Models Jie-Jing Shao1∗ , Hong-Jie You1,2∗ , Guohao Cai3 , Quanyu Dai3 , Zhenhua Dong3 , Lan-Zhe Guo1,4† 1 National Key Laboratory for Novel Software Technology, Nanjing University, Nanjing, China 2 School of Artificial Intelligence, Nanjing University, Nanjing, China 3 Huawei Noah’s ArkLab, Shenzhen, China 4 School of Intelligence Science and Technology, Nanjing University, Nanjing, China {shaojj, youhj, guolz}@lamda.nju.edu.cn, {caiguohao1, daiquanyu, dongzhenhua}@huawei.com Abstract Large Language Models (LLMs) have demon- strated remarkable capabilities in language under- standing and commonsense reasoning, yet they of- ten struggle with constraint satisfaction in planning problems. Previous studies relying on test-time im- provement with self-evaluation fail to address this limitation effectively. In this work, we identify this critical gap and propose a novel neuro-symbolic framework, Reinforced Neuro-Symbolic Planning (R NS P), that enhances LLM-powered planning by incorporating a symbolic verifier. The verifier pro- vides explicit feedback on constraint satisfaction, enabling iterative refinement of the state evalua- tion. Specifically, we utilize the outcome feedback from each logical goal to update the process value Figure 1: Performance of LLM planning with self-evaluation in the along planning paths through a reinforcement value Game of 24, Game of 28, and Game of 30. These results underscore function maximization objective. We further em- the fragility of LLM self-evaluation, as a simple change in the target ploy T-norms to aggregate the satisfaction levels (goal: 2"
304,"Abductive Learning (ABL), a prominent neural- symbolic learning algorithm, integrates percep- tion models with logical reasoning via intermedi- ate symbolic concepts, substantially improving the interpretability and generalization of AI systems. However, a significant challenge in this domain is the issue of reasoning shortcuts, where the system achieve high final prediction accuracy but generate incorrect intermediate concept inferences, severely undermining ABL’s interpretability and generaliza- tion capabilities. Current mitigation methods to this problem often neglect potential correlations among training samples, leading to suboptimal per- formances. This paper innovatively reveals that simple samples can facilitate the learning of inter- Figure 1: Reasoning shortcuts example and curriculum mechanism. mediate concepts in complex samples, prompting our proposed method Curriculum Abductive Learn- ing (CurABL) technique. This approach employs NeSy frameworks [Xu et al., 2018; Badreddine et al., 2022; a curriculum training strategy, integrating a knowl- Manhaeve et al., 2018], what sets ABL apart is that it does edge transfer mechanism from simple to complex not attempt to make symbolic knowledge differentiable. In- samples, effectively addressing the issue of rea- stead, it leverages abductive reasoning to construct pseudo- soning shortcuts. Comprehensive experimental re- labels for the intermediate symbolic concepts, which are used sults demonstrate that the CurABL method sub- for updating the machine learning model. Benefiting from stantially improves the ABL framework’s capabil- the combination of the interpretability of symbolic knowl- ity to extract intermediate concepts especially in edge with the learning capabilities of neural networks, ab- difficult tasks and accelerates the training conver- ductive learning exhibit enhanced potential for interpretabil- gence rate, thus markedly enhancing its robustness ity, generalization, and adaptability to new tasks. This poten- against reasoning shortcuts. tial is largely attributed to the successfully learning of high- quality intermediate concepts, which serve as a foundation for their strengths."
305,"solved more efficiently. After compilation, the initial prob- lem boils down to solving a counting problem on the com- Most Probable Explanation (MPE) is a fundamen- piled form, which can often be expressed as Algebraic Model tal problem in statistical relational artificial intel- Counting (AMC) [Kimmig et al., 2017]. The expressivity ligence. In the context of Probabilistic Answer of some languages and the complexity of some tasks require Set Programming (PASP), solving MPE is still an stacking two layers of AMC (2AMC) [Kiesel et al., 2022]. In open research problem. In this paper, we present this paper, we provide a 2AMC encoding of MPE as well as three novel approaches for solving the MPE task in a practical implementation into the aspmc [Eiter et al., 2021; PASP that are based on: i) Algebraic Model Count- Eiter et al., 2024] solver. Then, we discuss an encoding in ing, ii) Answer Set Programming (ASP), and iii) ASP which targets the computation of the upper MPE states ASP with quantifiers (ASP(Q)). These approaches only, that can be also adopted for the computation of the MPE are implemented and evaluated against existing state in probabilistic logic programs (i.e., stratified programs, solvers across different datasets and configurations. where the lower and upper MPE states coincide). Lastly, Empirical results demonstrate that the novel solu- building on the inherent complexity of the task, we also pro- tions consistently outperform existing alternatives pose an encoding for computing the lower MPE state using for non-stratified programs. ASP(Q) [Amendola et al., 2019]. ASP(Q) extends traditional ASP by introducing the concept of quantifiers over answer sets that makes the modeling of problems in the entire Poly-"
306," Proceedings of the Thirty-Fourth International Joint Conference on Artificial Intelligence (IJCAI-25) Special Track on AI4Tech: AI Enabling Critical Technologies NSF-MAP: Neurosymbolic Multimodal Fusion for Robust and Interpretable Anomaly Prediction in Assembly Pipelines Chathurangi Shyalika1∗† , Renjith Prasad1∗ , Fadi El Kalach2 , Revathy Venkataramanan1 , Ramtin Zand3 , Ramy Harik2 , Amit Sheth1 1 Artificial Intelligence Institute, University of South Carolina 2 Department of Automotive Engineering, Clemson University 3 Intelligent Circuits, Architectures and Systems Lab, University of South Carolina {jayakodc, revathy}@email.sc.edu, kaippilr@mailbox.sc.edu, ramtin@cse.sc.edu, {felkala, harik}@clemson.edu, amit@sc.edu Abstract anomaly prediction provides a more comprehensive and ac- curate prediction mechanism by uncovering hidden patterns In modern assembly pipelines, identifying anoma- and relationships that single-modality methods often over- lies is crucial in ensuring product quality and op- look [Nedelkoski et al., 2019; Zhao et al., 2020]. This ap- erational efficiency. Conventional single-modality proach is particularly beneficial in manufacturing settings methods fail to capture the intricate relationships where variables like temperature, speed, and visual inspec- required for precise anomaly prediction in com- tions are interrelated, necessitating advanced methods to han- plex predictive environments with abundant data dle multimodal and multivariate data effectively [Zhao et and multiple modalities. This paper proposes al., 2020; Nedelkoski et al., 2019]. Despite the benefits of a neurosymbolic AI and fusion-based approach multimodal anomaly prediction, challenges such as the ex- for multimodal anomaly prediction in assembly treme scarcity of datasets c"
307," Proceedings of the Thirty-Fourth International Joint Conference on Artificial Intelligence (IJCAI-25) Survey Track Integrating Neurosymbolic AI in Advanced Air Mobility: A Comprehensive Survey Kamal Acharya1 , Iman Sharifi2 , Mehul Lad1 , Liang Sun3 and Houbing Song1 1 Department of Information Systems, University of Maryland, Baltimore County 2 Department of Mechanical and Aerospace Engineering, The George Washington University 3 Department of Mechanical Engineering, Baylor University {kamala2, du72811,songh}@umbc.edu, i.sharifi@gwu.edu, liang sun@baylor.edu Abstract AAM faces several obstacles like regulatory complex- ity, the need for safe and explainable automated decision- Neurosymbolic AI combines neural network adapt- making, and the integration of heterogeneous data from de- ability with symbolic reasoning, promising an ap- mand forecasting, infrastructure constraints, weather, and proach to address the complex regulatory, opera- traffic conditions[Cohen and Shaheen, 2024]. Neurosymbolic tional, and safety challenges in Advanced Air Mo- AI offers a promising solution by combining the pattern- bility (AAM). This survey reviews its applications recognition power of neural networks with the rule-based across key AAM domains such as demand fore- logic of symbolic systems, allowing for a more interpretable, casting, aircraft design, and real-time air traffic high-level reasoning framework that can encode safety proto- management. Our analysis reveals a fragmented cols, regulatory constraints, and domain-specific knowledge. research landscape where methodologies, includ- As a result, decisions made by Neurosymbolic AI are not only ing Neurosymbolic Reinforcement Learning, have data-informed but also grounded in explicit safety require- shown potential for dynamic opt"
308," Proceedings of the Thirty-Fourth International Joint Conference on Artificial Intelligence (IJCAI-25) Survey Track Empowering LLMs with Logical Reasoning: A Comprehensive Survey Fengxiang Cheng1 , Haoxuan Li2,3,4∗ , Fenrong Liu3,1 , Robert van Rooij1 , Kun Zhang4,5 and Zhouchen Lin6,7,8∗ 1 Institute for Logic, Language and Computation, University of Amsterdam 2 Center for Data Science, Peking University 3 Tsinghua-UvA JRC for Logic, Department of Philosophy, Tsinghua University 4 Machine Learning Department, MBZUAI 5 Department of Philosophy, CMU 6 State Key Lab of General AI, School of Intelligence Science and Technology, Peking University 7 Institute for Artificial Intelligence, Peking University 8 Pazhou Laboratory (Huangpu), Guangzhou {f.cheng, r.a.m.vanrooij}@uva.nl, hxli@stu.pku.edu.cn, fenrong@tsinghua.edu.cn, kunz1@cmu.edu, zlin@pku.edu.cn Abstract 1 Introduction Large language models (LLMs) have demonstrated remark- Large language models (LLMs) have achieved re- able performance in a broad range of natural language tasks markable successes on various tasks. However, re- including language generation, classification and translation. cent studies have found that there are still signif- However, recent studies have found that there are still signifi- icant challenges to the logical reasoning abilities cant challenges to the logical reasoning abilities of LLMs. On of LLMs, which can be categorized into the fol- the one hand, learning syntax, semantics, and world knowl- lowing two aspects: (1) Logical question answer- edge through tasks such as next-word prediction or masked ing: LLMs often fail to generate the correct answer language modeling does not ensure the logical reasoning abil- within a complex logical problem which requires ity of LLMs [Luo et al., 2023]."
309," Proceedings of the Thirty-Fourth International Joint Conference on Artificial Intelligence (IJCAI-25) Survey Track Neuro-Symbolic Artificial Intelligence: A Task-Directed Survey in the Black-Box Models Era Giovanni Pio Delvecchio , Lorenzo Molfetta , Gianluca Moro Department of Computer Science and Engineering, University of Bologna, Cesena Campus Via dell’Università 50, I-47522 Cesena, Italy {g.delvecchio, lorenzo.molfetta, gianluca.moro}@unibo.it Abstract The integration of symbolic computing with neu- AAAI 50 (20) 18 IJCAI 31 (11) ral networks has intrigued researchers since the Sho rt NeurIPS 28 (17) 20 first theorizations of Artificial intelligence (AI). ic ICLR 17 (10) Log ICML 17 (14) The ability of Neuro-Symbolic (NeSy) methods NeSy 92 EMNLP 9 (6) Blac to infer or exploit behavioral schema has been CVPR 7 (4) k- B ox widely considered as one of the possible proxies 42 ACL 7 (5) ICCV 2 (0) for human-level intelligence. However, the lim- JMLR 2 (2) ited semantic generalizability and the challenges NAACL 1 (1) TACL 1 (1) in declining complex domains with pre-defined patterns and rules hinder their practical imple- Considered Discarded mentation in real-world scenarios. The unprece- dented results achieved by connectionist systems Figure 1: Distribution of NeSy peer-reviewed papers over the pe- since the last AI breakthrough in 2017 have raised riod 2017-2024. The innermost ring delineates the inclusion criteria. questions about the competitiveness of NeSy so- Greyscale slices denote studies excluded for relying on black-box lutions, with particular emphasis on the Natural methods, exclusively logical approaches, or brevity, while the col- Language Processing and Computer Vision fields. ored slice comprises the surveyed ones. The outermost ring repre- This survey "
310,"reasoning steps in training data, and cannot really reason. More efforts must be devoted to overcoming these bottle- Large Language Models (LLMs) have shown necks for developing strong reasoning models. promising results across various tasks, yet their reasoning capabilities remain a fundamental chal- lenge. Developing AI systems with strong rea- Building AI models with strong reasoning capabilities is soning capabilities is regarded as a crucial mile- a crucial milestone toward achieving AGI. To this end, nu- stone in the pursuit of Artificial General Intel- merous researchers have focused on enhancing the reason- ligence (AGI) and has garnered considerable at- ing abilities of LLMs. Existing studies can be categorized tention from both academia and industry. Var- into three categories based on the different stages of the rea- ious techniques have been explored to enhance soning model construction: Data Construction, including the reasoning capabilities of LLMs, with neuro- how to automatically generate/augment/annotate/select data symbolic approaches being a particularly promis- with reasoning paths; Fine-Tuning, including supervised fine- ing way. This paper comprehensively reviews re- tuning and reinforcement fine-tuning on reasoning special- cent developments in neuro-symbolic approaches ized datasets, and Inference, including inference techniques for enhancing LLM reasoning. We first present ranging from CoT to test-time scaling. Various large reason- a formalization of reasoning tasks and give a ing models have also been released, including OpenAI O1, brief"
311," Proceedings of the Thirty-Fourth International Joint Conference on Artificial Intelligence (IJCAI-25) Sister Conferences Best Papers Track Efficient Rectification of Neuro-Symbolic Reasoning Inconsistencies by Abductive Reflection (Extended Abstract)∗ Wen-Chao Hu1,2 , Wang-Zhou Dai1,2 , Yuan Jiang1,2 , Zhi-Hua Zhou1,2 1 National Key Laboratory for Novel Software Technology, Nanjing University, China 2 School of Artificial Intelligence, Nanjing University, China 3 School of Intelligence Science and Technology, Nanjing University, China {huwc, daiwz, jiangy, zhouzh}@lamda.nju.edu.cn Abstract side. In ABL, the two components operate in a mutually ben- eficial loop, continuously improving each other. It features an Neuro-Symbolic (NeSy) AI could be regarded as easy-to-use open-source toolkit [Huang et al., 2024] and has an analogy to human dual-process cognition, mod- been applied in various practical tasks [Huang et al., 2020; eling the intuitive System 1 with neural networks Cai et al., 2021; Wang et al., 2021; Gao et al., 2024]. How- and the algorithmic System 2 with symbolic rea- ever, previous implementations of ABL require a highly dis- soning. However, for complex learning targets, crete optimization process to maximize the consistency be- NeSy systems often generate outputs inconsistent tween the two components, and this optimization has high with domain knowledge. Inspired by the human complexity which encumbers, thereby limiting the efficiency Cognitive Reflection, which promptly detects er- and applicability to large-scale scenarios. rors in our intuitive response and revises them by Human reasoning exploits both sides efficiently, a hypo- invoking the System 2 reasoning, we propose to im- thetical model for this process is called Cognitive Reflection, prove NeS"
312," Proceedings of the Thirty-Fourth International Joint Conference on Artificial Intelligence (IJCAI-25) Journal Track A Semantic Framework for Neurosymbolic Computation (Abstract Reprint) Simon Odense 1 and Artur Garcez 2 1 Simon Fraser University, Vancouver, Canada 2 ICity, University of London, UK simon odense@sfu.ca, artur garcez@city.ac.uk Abstract Reprint. This is an abstract reprint of a journal article by [Odense and d’Avila Garcez, 2025]. Abstract The field of neurosymbolic AI aims to benefit from the com- bination of neural networks and symbolic systems. A corner- stone of the field is the translation or encoding of symbolic knowledge into neural networks. Although many neurosym- bolic methods and approaches have been proposed, and with a large increase in recent years, no common definition of en- coding exists that can enable a precise, theoretical compar- ison of neurosymbolic methods. This paper addresses this problem by introducing a semantic framework for neurosym- bolic AI. We start by providing a formal definition of seman- tic encoding, specifying the components and conditions un- der which a knowledge-base can be encoded correctly by a neural network. We then show that many neurosymbolic ap- proaches are accounted for by this definition. We provide a number of examples and correspondence proofs applying the proposed framework to the neural encoding of various forms of knowledge representation. Many, at first sight dis- parate, neurosymbolic methods, are shown to fall within the proposed formalization. This is expected to provide guid- ance to future neurosymbolic encodings by placing them in the broader context of semantic encodings of entire families of existing neurosymbolic systems. The paper hopes to help initiate a discussion around the provision o"
313," Proceedings of the Thirty-Fourth International Joint Conference on Artificial Intelligence (IJCAI-25) Journal Track A Semantic Framework for Neurosymbolic Computation (Abstract Reprint) Simon Odense 1 and Artur Garcez 2 1 Simon Fraser University, Vancouver, Canada 2 ICity, University of London, UK simon odense@sfu.ca, artur garcez@city.ac.uk Abstract Reprint. This is an abstract reprint of a journal article by [Odense and d’Avila Garcez, 2025]. Abstract The field of neurosymbolic AI aims to benefit from the com- bination of neural networks and symbolic systems. A corner- stone of the field is the translation or encoding of symbolic knowledge into neural networks. Although many neurosym- bolic methods and approaches have been proposed, and with a large increase in recent years, no common definition of en- coding exists that can enable a precise, theoretical compar- ison of neurosymbolic methods. This paper addresses this problem by introducing a semantic framework for neurosym- bolic AI. We start by providing a formal definition of seman- tic encoding, specifying the components and conditions un- der which a knowledge-base can be encoded correctly by a neural network. We then show that many neurosymbolic ap- proaches are accounted for by this definition. We provide a number of examples and correspondence proofs applying the proposed framework to the neural encoding of various forms of knowledge representation. Many, at first sight dis- parate, neurosymbolic methods, are shown to fall within the proposed formalization. This is expected to provide guid- ance to future neurosymbolic encodings by placing them in the broader context of semantic encodings of entire families of existing neurosymbolic systems. The paper hopes to help initiate a discussion around the provision o"
314,"of the existing methods are limited to propositional and first- order logic, leading to RQ2: Can we extend existing meth- Large language models (LLMs) have demonstrated ods that improves LLMs logical reasoning to solve modal impressive progress in various natural language logic, epistemic logic or more complex logical reasoning progress tasks. However, it has been observed that problems? Lastly, we find that fine-tuning LLMs directly LLMs still struggle with complex causal and logi- with logical corpora leads to sub-optimal performance, as cal reasoning. To facilitate this research direction, many complex logical inference rules are difficult to be un- we first proposed a training method to distinguish derstood directly by LLMs. To address this issue, we aim to causal relationships from spurious correlations in answer RQ3: Can we gradually fine-tune the LLMs from sentiment classification tasks. Then we conducted simple to complex logic samples to further enhance their a comprehensive survey categorizing existing ap- logical reasoning abilities? Therefore, our research will fo- proaches, firstly identifying the main challenges of cus on the above three RQs to enhance the logical reasoning complex logical question-answering tasks and log- capabilities of LLMs. ical inconsistency across different questions. Our ongoing projects mainly focus on two points: (1) incorporating modal and epistemic logic to evalu- 2 Previous Contributions ate and enhance LLMs’ reasoning ability to handle Existing inference of LLMs primarily relies on retrieving in- more complex and diverse reasoning tasks, and (2) formation from their training corpus, following correlation- phased training LLMs with curriculum learning to based rules. However, due to the lack of explicit data on com- improve their logical reasoning performance. plex reasoning tasks—particularly in causal and logical rea- soning, language models often experience hallucinations re- sulted from spurious correlations. For instance, in the IMDB"
315,"We present a framework for the unsupervised learning of neurosymbolic encoders, which are encoders obtained by composing neural networks with symbolic programs from a domain- specific language. Our framework naturally incorporates symbolic expert knowledge into the learning process, which leads to more interpretable and factorized latent representations compared to fully neural encoders. We integrate modern program synthesis techniques with the variational autoencoding (VAE) framework, in order to learn a neurosymbolic encoder in conjunction with a standard decoder. The programmatic descriptions from our encoders can benefit many analysis workflows, such as in behavior modeling where interpreting agent actions and movements is important. We evaluate our method on learning latent representations for real-world trajectory data from animal biology and sports analytics. We show that our approach offers significantly better separation of meaningful categories than standard VAEs and leads to practical gains on downstream analysis tasks, such as for behavior classification. Code can be found at https://github.com/ezhan94/neurosymbolic-encoders."
316,"Symbolic regression (SR) is the task of learning a model of data in the form of a mathematical expression. By their nature, SR models have the potential to be accurate and human-interpretable at the same time. Unfortunately, finding such models, i.e., performing SR, appears to be a computationally intensive task. Histor- ically, SR has been tackled with heuristics such as greedy or genetic algorithms and, while some works have hinted at the possible hardness of SR, no proof has yet been given that SR is, in fact, NP-hard. This begs the question: Is there an exact polynomial-time algorithm to compute SR models? We provide evidence suggesting that the answer is probably negative by showing that SR is NP-hard."
317,"Identifying the mathematical relationships that best describe a dataset remains a very chal- lenging problem in machine learning, and is known as Symbolic Regression (SR). In contrast to neural networks which are often treated as black boxes, SR attempts to gain insight into the underlying relationships between the independent variables and the target variable of a given dataset by assembling analytical functions. In this paper, we present GSR, a General- ized Symbolic Regression approach, by modifying the conventional SR optimization problem formulation, while keeping the main SR objective intact. In GSR, we infer mathematical relationships between the independent variables and some transformation of the target vari- able. We constrain our search space to a weighted sum of basis functions, and propose a genetic programming approach with a matrix-based encoding scheme. We show that our GSR method is competitive with strong SR benchmark methods, achieving promising experimental performance on the well-known SR benchmark problem sets. Finally, we high- light the strengths of GSR by introducing SymSet, a new SR benchmark set which is more challenging relative to the existing benchmarks."
318,"Complex Query Answering (CQA) is an important and fundamental task for knowledge graph (KG) reasoning. Query encoding (QE) is proposed as a fast and robust solution to CQA. In the encoding process, most existing QE methods first parse the logical query into an executable computational direct-acyclic graph (DAG), then use neural networks to parameterize the operators, and finally recursively execute these neuralized operators. How- ever, the parameterization-and-execution paradigm may be potentially over-complicated, as it can be structurally simplified by a single neural network encoder. Meanwhile, sequence encoders, like LSTM and Transformer, proved to be effective for encoding semantic graphs in related tasks. Motivated by this, we propose sequential query encoding (SQE) as an alterna- tive to encode queries for CQA. Instead of parameterizing and executing the computational graph, SQE first uses a search-based algorithm to linearize the computational graph to a sequence of tokens and then uses a sequence encoder to compute its vector representation. Then this vector representation is used as a query embedding to retrieve answers from the embedding space according to similarity scores. Despite its simplicity, SQE demonstrates state-of-the-art neural query encoding performance on FB15k, FB15k-237, and NELL on an extended benchmark including twenty-nine types of in-distribution queries. Further ex- periment shows that SQE also demonstrates comparable knowledge inference capability on out-of-distribution queries, whose query types are not observed during the training process."
319,"The integration of reasoning, learning, and decision-making is key to build more general artificial intelligence systems. As a step in this direction, we propose a novel neural-logic architecture, called differentiable logic machine (DLM), that can solve both inductive logic programming (ILP) and reinforcement learning (RL) problems, where the solution can be interpreted as a first-order logic program. Our proposition includes several innovations. Firstly, our architecture defines a restricted but expressive continuous relaxation of the space of first-order logic programs by assigning weights to predicates instead of rules, in contrast to most previous neural-logic approaches. Secondly, with this differentiable ar- chitecture, we propose several (supervised and RL) training procedures, based on gradient descent, which can recover a fully-interpretable solution (i.e., logic formula). Thirdly, to accelerate RL training, we also design a novel critic architecture that enables actor-critic algorithms. Fourthly, to solve hard problems, we propose an incremental training procedure that can learn a logic program progressively. Compared to state-of-the-art (SOTA) differen- tiable ILP methods, DLM successfully solves all the considered ILP problems with a higher percentage of successful seeds (up to 3.5ˆ). On RL problems, without requiring an inter- pretable solution, DLM outperforms other non-interpretable neural-logic RL approaches in terms of rewards (up to 3.9%). When enforcing interpretability, DLM can solve harder RL problems (e.g., Sorting, Path) than other interpretable RL methods. Moreover, we show that deep logic programs can be learned via incremental supervised training. In addition to this excellent performance, DLM can scale well in terms of memory and computational time, especially during the testing phase where it can deal with much more constants (ą2ˆ) than SOTA. 1"
320,
321,"Mathematical reasoning remains a significant challenge for Large Language Models (LLMs) due to hallucinations. When combined with formal proof assistants like Lean, these hallu- cinations can be eliminated through rigorous verification, making theorem proving reliable. However, even with formal verification, LLMs still struggle with long proofs and complex mathematical formalizations. While Lean with LLMs offers valuable assistance with re- trieving lemmas, generating tactics, or even complete proofs, it lacks a crucial capability: providing a sense of proof progress. This limitation particularly impacts the overall devel- opment efficiency in large formalization projects. We introduce LeanProgress, a method that predicts the progress in the proof. Training and evaluating our models made on a large corpus of Lean proofs from Lean Workbook Plus and Mathlib4 and how many steps remain to complete it, we employ data preprocessing and balancing techniques to handle the skewed distribution of proof lengths. Our experiments show that LeanProgress achieves an overall prediction accuracy of 75.8% in predicting the amount of progress and, hence, the remaining number of steps. When integrated into a best-first search framework using Reprover, our method shows a 3.8% improvement on Mathlib4 compared to baseline per- formances of 41.4%, particularly for longer proofs. These results demonstrate how proof progress prediction can enhance both automated and interactive theorem proving, enabling users to make more informed decisions about proof strategies. Our code is merged in this library here https://github.com/lean-dojo/LeanDojo-v2."
322,"Concept Bottleneck Models (CBMs) enhance interpretability by projecting learned features into a human-understandable concept space. Recent approaches leverage vision-language models to generate concept embeddings, reducing the need for manual concept annotations. However, these models suffer from a critical limitation: as the number of concepts approaches the embedding dimension, information leakage increases, enabling the model to exploit spurious or semantically irrelevant correlations and undermining interpretability. In this work, we propose Concept Flow Models (CFMs), which replace the flat bottleneck with a hierarchical, concept-driven decision tree. Each internal node in the hierarchy focuses on a localized subset of discriminative concepts, progressively narrowing the prediction scope. Our framework constructs decision hierarchies from visual embeddings, distributes semantic concepts at each hierarchy level, and trains differentiable concept weights through probabilistic tree traversal. Extensive experiments on diverse benchmarks demonstrate that CFMs match the predictive performance of flat CBMs, while substantially mitigating information leakage by reducing effective concept usage. Furthermore, CFMs yield stepwise decision flows that enable transparent and auditable model reasoning with hierarchical class structures."
323,"Large language models (LLMs) have shown substantial capacity for generating fluent, con- textually appropriate responses. However, they can produce hallucinated outputs, especially when a user query includes one or more false premises—claims that contradict established facts. Such premises can mislead LLMs into offering fabricated or misleading details. Ex- isting approaches include pretraining, fine-tuning, and inference-time techniques that often rely on access to logits or address hallucinations after they occur. These methods tend to be computationally expensive, require extensive training data, or lack proactive mechanisms to prevent hallucination before generation, limiting their efficiency in real-time applications. We propose a retrieval-based framework that identifies and addresses false premises before generation. Our method first transforms a user’s query into a logical representation, then applies retrieval-augmented generation (RAG) to assess the validity of each premise using factual sources. Finally, we incorporate the verification results into the LLM’s prompt to maintain factual consistency in the final output. Experiments show that this approach ef- fectively reduces hallucinations, improves factual accuracy, and does not require access to model logits or large-scale fine-tuning."
324,"Neural methods for Complex Query Answering (CQA) over knowledge graphs (KGs) are widely believed to learn patterns that generalize beyond explicit graph structure, allowing them to infer answers that are unreachable through symbolic query processing. In this work, we critically examine this assumption through a systematic analysis comparing neural CQA models with an alternative, training-free query relaxation strategy that retrieves possible answers by relaxing query constraints and counting resulting paths. Across multiple datasets and query structures, we find several cases where neural and relaxation-based approaches perform similarly, with no neural model consistently outperforming the latter. Moreover, a similarity analysis reveals that their retrieved answers exhibit little overlap, and that combining their outputs consistently improves performance. These results call for a re- evaluation of progress in neural query answering: despite their complexity, current models fail to subsume the reasoning patterns captured by query relaxation. Our findings highlight the importance of stronger non-neural baselines and suggest that future neural approaches could benefit from incorporating principles of query relaxation."
325,
326," Automaton Distillation: Neuro-Symbolic Transfer Learning for Deep Reinforcement Learning Suraj Singireddy1 , Precious Nwaorgu2 , Andre Beckus3 , Aden McKinney2 , Chinwendu Enyioha2 , Sumit Kumar Jha4 , George K. Atia2 , Alvaro Velasquez5 1 University of Texas at San Antonio 2 University of Central Florida 3 Air Force Research Laboratory 4 Florida International University 5 University of Colorado arXiv:2310.19137v2 [cs.LG] 7 Nov 2024 Abstract symbolic programs has been shown to improve performance and generalization on previously unseen tasks [2, 3]. Reinforcement learning (RL) is a powerful tool for find- In this paper, we adopt a different approach which uses a ing optimal policies in sequential decision processes. How- ever, deep RL methods have two weaknesses: collecting the symbolic representation of RL objectives to facilitate knowl- amount of agent experience required for practical RL prob- edge transfer between an expert in a related source domain lems is prohibitively expensive, and the learned policies ex- (the ‘teacher’) and an agent learning the target task (the ‘stu- hibit poor generalization on tasks outside the training data dent’). Although it is common to use reward signals to con- distribution. To mitigate these issues, we introduce automa- vey an objective, many decision tasks can be more natu- ton distillation, a form of neuro-symbolic transfer learning in rally expressed as a high-level description of the interme- which Q-value estimates from a teacher are distilled into a diate steps required to achieve the objective in the form of low-dimensional representation in the form of an automaton. natural language. These natural language descriptions can be We then propose methods for generating Q-value estimates translated into a corresponding specificat"
327,"Vision-Language Models (VLMs) have been applied to a wide range of reasoning tasks, yet it remains unclear whether they can reason robustly under distribution shifts. In this paper, we study covariate shifts in which the perceptual input distribution changes while the un- derlying prediction rules do not. To investigate this question, we consider visual deductive reasoning tasks, where a model is required to answer a query given an image and logical rules defined over the object concepts in the image. Empirically, we find that VLMs fine- tuned through gradient-based end-to-end training can achieve high in-distribution accuracy but fail to generalize under such shifts, suggesting that fine-tuning does not reliably induce the underlying reasoning function. This motivates a neuro-symbolic perspective that de- couples perception from reasoning. However, we further observe that recent neuro-symbolic approaches that rely on black-box components for reasoning can still exhibit inconsistent ro- bustness across tasks. To address this issue, we propose VLC, a neuro-symbolic method that combines VLM-based concept recognition with circuit-based symbolic reasoning. In partic- ular, task rules are compiled into a symbolic program, specifically a circuit, which executes the rules exactly over the object concepts recognized by the VLM. Experiments on three simple visual deductive reasoning tasks with distinct rule sets show that VLC consistently achieves higher task accuracy on out-of-distribution data than other reasoning paradigms. Code is available at https://github.com/uiuctml/VLC."
328,
329," Published as a conference paper at ICLR 2020 R E C LOR : A R EADING C OMPREHENSION DATASET R EQUIRING L OGICAL R EASONING Weihao Yu∗ , Zihang Jiang∗ , Yanfei Dong & Jiashi Feng National University of Singapore weihaoyu6@gmail.com, {jzihang, dyanfei}@u.nus.edu, elefjia@nus.edu.sg arXiv:2002.04326v3 [cs.CL] 22 Aug 2020 A BSTRACT Recent powerful pre-trained language models have achieved remarkable perfor- mance on most of the popular datasets for reading comprehension. It is time to introduce more challenging datasets to push the development of this field to- wards more comprehensive reasoning of text. In this paper, we introduce a new Reading Comprehension dataset requiring logical reasoning (ReClor) extracted from standardized graduate admission examinations. As earlier studies suggest, human-annotated datasets usually contain biases, which are often exploited by models to achieve high accuracy without truly understanding the text. In order to comprehensively evaluate the logical reasoning ability of models on ReClor, we propose to identify biased data points and separate them into EASY set while the rest as HARD set. Empirical results show that state-of-the-art models have an outstanding ability to capture biases contained in the dataset with high accuracy on EASY set. However, they struggle on HARD set with poor performance near that of random guess, indicating more research is needed to essentially enhance the logical reasoning ability of current models.1 1 I NTRODUCTION Machine reading comprehension (MRC) is a fundamental task in Natural Language Processing, which requires models to understand a body of text and answer a particular question related to the context. With success of unsupervised representation learning in NLP, language pre-training based models such as"
330,
331," Published as a conference paper at ICLR 2020 E FFICIENT P ROBABILISTIC L OGIC R EASONING WITH G RAPH N EURAL N ETWORKS Yuyu Zhang1 , Xinshi Chen1 , Yuan Yang1 , Arun Ramamurthy2 , Bo Li3 , Yuan Qi4 & Le Song1,4 1 Georgia Institute of Technology 2 Siemens Corporate Technology 3 University of Illinois at Urbana Champaign 4 Ant Financial {yuyu,xinshi.chen,yyang754}@gatech.edu arun.ramamurthy@siemens.com,lbo@illinois.edu yuan.qi@antfin.com,lsong@cc.gatech.edu arXiv:2001.11850v2 [cs.AI] 4 Feb 2020 A BSTRACT Markov Logic Networks (MLNs), which elegantly combine logic rules and proba- bilistic graphical models, can be used to address many knowledge graph problems. However, inference in MLN is computationally intensive, making the industrial- scale application of MLN very difficult. In recent years, graph neural networks (GNNs) have emerged as efficient and effective tools for large-scale graph prob- lems. Nevertheless, GNNs do not explicitly incorporate prior logic rules into the models, and may require many labeled examples for a target task. In this paper, we explore the combination of MLNs and GNNs, and use graph neural networks for variational inference in MLN. We propose a GNN variant, named ExpressGNN, which strikes a nice balance between the representation power and the simplicity of the model. Our extensive experiments on several benchmark datasets demonstrate that ExpressGNN leads to effective and efficient probabilistic logic reasoning. 1 I NTRODUCTION Knowledge graphs collect and organize relations and attributes about entities, which are playing an increasingly important role in many applications, including question answering and information retrieval. Since knowledge graphs may contain incorrect, incomplete or duplicated records, additional processing such as lin"
332,
333," Published as a conference paper at ICLR 2020 D IFFERENTIABLE R EASONING OVER A V IRTUAL K NOWLEDGE BASE Bhuwan Dhingra1∗, Manzil Zaheer2 , Vidhisha Balachandran1 , Graham Neubig1 , Ruslan Salakhutdinov1 , William W. Cohen2 1 School of Computer Science, Carnegie Mellon University 2 Google Research {bdhingra, vbalacha, gneubig, rsalakhu}@cs.cmu.edu {manzilzaheer, wcohen}@google.com arXiv:2002.10640v1 [cs.CL] 25 Feb 2020 A BSTRACT We consider the task of answering complex multi-hop questions using a corpus as a virtual knowledge base (KB). In particular, we describe a neural module, DrKIT, that traverses textual data like a KB, softly following paths of relations between mentions of entities in the corpus. At each step the module uses a com- bination of sparse-matrix TFIDF indices and a maximum inner product search (MIPS) on a special index of contextual representations of the mentions. This module is differentiable, so the full system can be trained end-to-end using gra- dient based methods, starting from natural language inputs. We also describe a pretraining scheme for the contextual representation encoder by generating hard negative examples using existing knowledge bases. We show that DrKIT improves accuracy by 9 points on 3-hop questions in the MetaQA dataset, cutting the gap between text-based and KB-based state-of-the-art by 70%. On HotpotQA, DrKIT leads to a 10% improvement over a BERT-based re-ranking approach to retrieving the relevant passages required to answer a question. DrKIT is also very efficient, processing 10-100x more queries per second than existing multi-hop systems.1 1 I NTRODUCTION Large knowledge bases (KBs), such as Freebase and WikiData, organize information around entities, which makes it easy to reason over their contents. For example, given "
334," Published as a conference paper at ICLR 2021 D EEP SYMBOLIC REGRESSION : R ECOVERING MATHEMATICAL EXPRESSIONS FROM DATA VIA RISK - SEEKING POLICY GRADIENTS Brenden K. Petersen∗ Mikel Landajuela Larma Lawrence Livermore National Laboratory Lawrence Livermore National Laboratory Livermore, CA, USA Livermore, CA, USA bp@llnl.gov landajuelala1@llnl.gov arXiv:1912.04871v4 [cs.LG] 5 Apr 2021 T. Nathan Mundhenk Claudio P. Santiago Lawrence Livermore National Laboratory Lawrence Livermore National Laboratory Livermore, CA, USA Livermore, CA, USA mundhenk1@llnl.gov santiago10@llnl.gov Soo K. Kim Joanne T. Kim Lawrence Livermore National Laboratory Lawrence Livermore National Laboratory Livermore, CA, USA Livermore, CA, USA kim79@llnl.gov kim102@llnl.gov A BSTRACT Discovering the underlying mathematical expressions describing a dataset is a core challenge for artificial intelligence. This is the problem of symbolic regression. Despite recent advances in training neural networks to solve complex tasks, deep learning approaches to symbolic regression are underexplored. We propose a framework that leverages deep learning for symbolic regression via a simple idea: use a large model to search the space of small models. Specifically, we use a recurrent neural network to emit a distribution over tractable mathematical expressions and employ a novel risk-seeking policy gradient to train the network to generate better-fitting expressions. Our algorithm outperforms several baseline methods (including Eureqa, the gold standard for symbolic regression) in its ability to exactly recover symbolic expressions on a series of benchmark problems, both with and without added noise. More broadly, our contributions include a framework that can be applied to optimize hierarchical, variable-length obj"
335," Published as a conference paper at ICLR 2021 C OMPLEX Q UERY A NSWERING WITH N EURAL L INK P REDICTORS Erik Arakelyan1† , Daniel Daza2,3,4† , Pasquale Minervini1† , & Michael Cochez2,4 1 UCL Centre for Artificial Intelligence, University College London, United Kingdom 2 Vrije Universiteit Amsterdam, The Netherlands 3 University of Amsterdam, The Netherlands 4 Discovery Lab, Elsevier, The Netherlands {erik.arakelyan.18,p.minervini}@ucl.ac.uk {d.dazacruz,m.cochez}@vu.nl arXiv:2011.03459v4 [cs.LG] 18 Mar 2021 A BSTRACT Neural link predictors are immensely useful for identifying missing edges in large scale Knowledge Graphs. However, it is still not clear how to use these models for answering more complex queries that arise in a number of domains, such as queries using logical conjunctions (∧), disjunctions (∨) and existential quantifiers (∃), while accounting for missing edges. In this work, we propose a framework for efficiently answering complex queries on incomplete Knowledge Graphs. We translate each query into an end-to-end differentiable objective, where the truth value of each atom is computed by a pre-trained neural link predictor. We then analyse two solutions to the optimisation problem, including gradient-based and combinatorial search. In our experiments, the proposed approach produces more accurate results than state-of-the-art methods — black-box neural models trained on millions of generated queries — without the need of training on a large and diverse set of complex queries. Using orders of magnitude less training data, we obtain relative improvements ranging from 8% up to 40% in Hits@3 across dif- ferent knowledge graphs containing factual information. Finally, we demonstrate that it is possible to explain the outcome of our model in terms of the intermed"
336," Published as a conference paper at ICLR 2021 BUSTLE: B OTTOM -U P P ROGRAM S YNTHESIS T HROUGH L EARNING -G UIDED E XPLORATION Augustus Odena∗, Kensen Shi∗, David Bieber, Rishabh Singh, Charles Sutton & Hanjun Dai Google Research {augustusodena,kshi,dbieber,rising,charlessutton,hadai}@google.com A BSTRACT arXiv:2007.14381v3 [cs.PL] 30 Sep 2021 Program synthesis is challenging largely because of the difficulty of search in a large space of programs. Human programmers routinely tackle the task of writing complex programs by writing sub-programs and then analyzing their intermediate results to compose them in appropriate ways. Motivated by this intuition, we present a new synthesis approach that leverages learning to guide a bottom-up search over programs. In particular, we train a model to prioritize compositions of intermediate values during search conditioned on a given set of input-output examples. This is a powerful combination because of several emergent properties. First, in bottom-up search, intermediate programs can be executed, providing semantic information to the neural network. Second, given the concrete values from those executions, we can exploit rich features based on recent work on property signatures. Finally, bottom-up search allows the system substantial flexibility in what order to generate the solution, allowing the synthesizer to build up a program from multiple smaller sub-programs. Overall, our empirical evaluation finds that the combination of learning and bottom-up search is remarkably effective, even with simple supervised learning approaches. We demonstrate the effectiveness of our technique on two datasets, one from the SyGuS competition and one of our own creation. 1 I NTRODUCTION Program synthesis is a longstanding goal of artificial intell"
337," Published as a conference paper at ICLR 2021 L EARNING TASK -G ENERAL R EPRESENTATIONS WITH G ENERATIVE N EURO -S YMBOLIC M ODELING Reuben Feinman & Brenden M. Lake New York University {reuben.feinman,brenden}@nyu.edu A BSTRACT arXiv:2006.14448v2 [cs.AI] 23 Jan 2021 People can learn rich, general-purpose conceptual representations from only raw perceptual inputs. Current machine learning approaches fall well short of these human standards, although different modeling traditions often have complementary strengths. Symbolic models can capture the compositional and causal knowledge that enables flexible generalization, but they struggle to learn from raw inputs, rely- ing on strong abstractions and simplifying assumptions. Neural network models can learn directly from raw data, but they struggle to capture compositional and causal structure and typically must retrain to tackle new tasks. We bring together these two traditions to learn generative models of concepts that capture rich compo- sitional and causal structure, while learning from raw data. We develop a generative neuro-symbolic (GNS) model of handwritten character concepts that uses the con- trol flow of a probabilistic program, coupled with symbolic stroke primitives and a symbolic image renderer, to represent the causal and compositional processes by which characters are formed. The distributions of parts (strokes), and correlations between parts, are modeled with neural network subroutines, allowing the model to learn directly from raw data and express nonparametric statistical relationships. We apply our model to the Omniglot challenge of human-level concept learning, using a background set of alphabets to learn an expressive prior distribution over character drawings. In a subsequent evaluation, our GNS mode"
338," Published as a conference paper at ICLR 2022 C ROSS B EAM : L EARNING TO S EARCH IN B OTTOM -U P P ROGRAM S YNTHESIS Kensen Shi ∗ Hanjun Dai ∗ Kevin Ellis † Google Research Google Research Cornell University kshi@google.com hadai@google.com kellis@cornell.edu Charles Sutton † Google Research arXiv:2203.10452v1 [cs.LG] 20 Mar 2022 charlessutton@google.com A BSTRACT Many approaches to program synthesis perform a search within an enormous space of programs to find one that satisfies a given specification. Prior works have used neural models to guide combinatorial search algorithms, but such approaches still explore a huge portion of the search space and quickly become intractable as the size of the desired program increases. To tame the search space blowup, we propose training a neural model to learn a hands-on search policy for bottom-up synthesis, instead of relying on a combinatorial search algorithm. Our approach, called C ROSS B EAM, uses the neural model to choose how to combine previously- explored programs into new programs, taking into account the search history and partial program executions. Motivated by work in structured prediction on learn- ing to search, C ROSS B EAM is trained on-policy using data extracted from its own bottom-up searches on training tasks. We evaluate C ROSS B EAM in two very dif- ferent domains, string manipulation and logic programming. We observe that C ROSS B EAM learns to search efficiently, exploring much smaller portions of the program space compared to the state-of-the-art. 1 I NTRODUCTION Program synthesis is the problem of automatically constructing source code from a specification of what that code should do (Manna & Waldinger, 1971; Gulwani et al., 2017). Program synthesis has been long dogged by the combinatorial search for a"
339," Published as a conference paper at ICLR 2022 N EURAL M ETHODS FOR L OGICAL R EASONING OVER K NOWLEDGE G RAPHS Alfonso Amayuelas∗† , Shuai Zhang† , Susie Xi Rao† & Ce Zhang† ∗ EPFL † ETH Zurich alfonso.amayuelas@alumni.epfl.ch {shuazhang, raox, ce.zhang}@inf.ethz.ch arXiv:2209.14464v1 [cs.AI] 28 Sep 2022 A BSTRACT Reasoning is a fundamental problem for computers and deeply studied in Arti- ficial Intelligence. In this paper, we specifically focus on answering multi-hop logical queries on Knowledge Graphs (KGs). This is a complicated task because, in real-world scenarios, the graphs tend to be large and incomplete. Most previ- ous works have been unable to create models that accept full First-Order Logical (FOL) queries, which include negative queries, and have only been able to process a limited set of query structures. Additionally, most methods present logic opera- tors that can only perform the logical operation they are made for. We introduce a set of models that use Neural Networks to create one-point vector embeddings to answer the queries. The versatility of neural networks allows the framework to handle FOL queries with Conjunction (∧), Disjunction (∨) and Negation (¬) operators. We demonstrate experimentally the performance of our model through extensive experimentation on well-known benchmarking datasets. Besides having more versatile operators, the models achieve a 10% relative increase over the best performing state of the art and more than 30% over the original method based on single-point vector embeddings. 1 I NTRODUCTION Knowledge graphs (KGs) are a type of data structure that can capture many kinds of relationships cityIn between entities (e.g.: Moscow −−−→ Russia) and have been popularized since the creation of the semantic web or its introduction into"
340," Published as a conference paper at ICLR 2022 N EURAL P ROGRAM S YNTHESIS WITH Q UERY Di Huang1,2,4 , Rui Zhang1,4∗, Xing Hu1,4 , Xishan Zhang1,4 , Pengwei Jin1,2,4 , Nan Li1,3,4 , Zidong Du1,4 , Qi Guo1 & Yunji Chen1,2 1 SKL of Computer Architecture, Institute of Computing Technology, CAS 2 University of Chinese Academy of Sciences 3 University of Science and Technology of China 4 Cambricon Technologies arXiv:2205.07857v1 [cs.LG] 8 May 2022 A BSTRACT Aiming to find a program satisfying the user intent given input-output examples, program synthesis has attracted increasing interest in the area of machine learning. Despite the promising performance of existing methods, most of their success comes from the privileged information of well-designed input-output examples. However, providing such input-output examples is unrealistic because it requires the users to have the ability to describe the underlying program with a few input- output examples under the training distribution. In this work, we propose a query- based framework that trains a query neural network to generate informative input- output examples automatically and interactively from a large query space. The quality of the query depends on the amount of the mutual information between the query and the corresponding program, which can guide the optimization of the query framework. To estimate the mutual information more accurately, we introduce the functional space (F-space) which models the relevance between the input-output examples and the programs in a differentiable way. We evaluate the effectiveness and generalization of the proposed query-based framework on the Karel task and the list processing task. Experimental results show that the query- based framework can generate informative input-output examples wh"
341,
342," Published as a conference paper at ICLR 2022 S AFE N EUROSYMBOLIC L EARNING WITH D IFFERENTIABLE S YMBOLIC E XECUTION Chenxi Yang, Swarat Chaudhuri The University of Texas at Austin A BSTRACT arXiv:2203.07671v1 [cs.LG] 15 Mar 2022 We study the problem of learning worst-case-safe parameters for programs that use neural networks as well as symbolic, human-written code. Such neurosym- bolic programs arise in many safety-critical domains. However, because they can use nondifferentiable operations, it is hard to learn their parameters using exist- ing gradient-based approaches to safe learning. Our approach to this problem, Differentiable Symbolic Execution (D SE), samples control flow paths in a pro- gram, symbolically constructs worst-case “safety losses” along these paths, and backpropagates the gradients of these losses through program operations using a generalization of the R EINFORCE estimator. We evaluate the method on a mix of synthetic tasks and real-world benchmarks. Our experiments show that D SE significantly outperforms the state-of-the-art D IFF A I method on these tasks.1 1 I NTRODUCTION Safety on worst-case inputs has recently emerged as a key challenge in deep learning research. For- mal verification of neural networks (Albarghouthi, 2021) is an established response to this challenge. In particular, a body of recent work (Mirman et al., 2018; Madry et al., 2017; Cohen et al., 2019; Singh et al., 2018) seeks to incorporate formal verification into the training of neural networks. D IFF A I, among the most prominent of such approaches, uses a neural network verifier to construct a differentiable, worst-case safety loss for the learner. This loss is used to regularize a standard data-driven loss, biasing the learner towards parameters that are both performant"
343,
344," 2022-5-20 Selection-Inference: Exploiting Large Language Models for Interpretable Logical Reasoning Antonia Creswell1 , Murray Shanahan1 and Irina Higgins1 1 DeepMind Large language models (LLMs) have been shown to be capable of impressive few-shot generalisation to new tasks. However, they still tend to perform poorly on multi-step logical reasoning problems. Here we carry out a comprehensive evaluation of LLMs on 50 tasks that probe different aspects of arXiv:2205.09712v1 [cs.AI] 19 May 2022 logical reasoning. We show that language models tend to perform fairly well at single step inference or entailment tasks, but struggle to chain together multiple reasoning steps to solve more complex problems. In light of this, we propose a Selection-Inference (SI) framework that exploits pre-trained LLMs as general processing modules, and alternates between selection and inference to generate a series of interpretable, casual reasoning steps leading to the final answer. We show that a 7B parameter LLM used within the SI framework in a 5-shot generalisation setting, with no fine-tuning, yields a performance improvement of over 100% compared to an equivalent vanilla baseline on a suite of 10 logical reasoning tasks. The same model in the same setting even outperforms a significantly larger 280B parameter baseline on the same suite of tasks. Moreover, answers produced by the SI framework are accompanied by a causal natural-language-based reasoning trace, which has important implications for the safety and trustworthiness of the system. 1. Introduction Large language models (LLMs) are powerful few-shot learners (Bommasani et al., 2021; Brown et al., 2020; Lu et al., 2021). However, one area where they tend to perform poorly is logical reasoning (Rae et al., 2021). Yet the ability to"
345," Published as a conference paper at ICLR 2023 C ODE G EN : A N O PEN L ARGE L ANGUAGE M ODEL FOR C ODE WITH M ULTI -T URN P ROGRAM S YNTHESIS Erik Nijkamp∗, Bo Pang∗, Hiroaki Hayashi∗, Lifu Tu, Huan Wang, Yingbo Zhou, Silvio Savarese, Caiming Xiong Salesforce Research arXiv:2203.13474v5 [cs.LG] 27 Feb 2023 A BSTRACT Program synthesis strives to generate a computer program as a solution to a given problem specification, expressed with input-output examples or natural language descriptions. The prevalence of large language models advances the state-of-the-art for program synthesis, though limited training resources and data impede open access to such models. To democratize this, we train and release a family of large language models up to 16.1B parameters, called C ODE G EN, on natural language and programming language data, and open source the training library JAX FORMER. We show the utility of the trained model by demonstrating that it is competitive with the previous state-of-the-art on zero-shot Python code generation on HumanEval. We further investigate the multi-step paradigm for program synthesis, where a single program is factorized into multiple prompts specifying subproblems. To this end, we construct an open benchmark, Multi-Turn Programming Benchmark (MTPB), consisting of 115 diverse problem sets that are factorized into multi-turn prompts. Our analysis on MTPB shows that the same intent provided to C ODE G EN in multi- turn fashion significantly improves program synthesis over that provided as a single turn. We make the training library JAX FORMER and model checkpoints available as open source contribution: https://github.com/salesforce/CodeGen. 1 I NTRODUCTION Creating a program has typically involved a human entering code by hand. The goal of program synthe"
346," Published as a conference paper at ICLR 2023 N EURO -S YMBOLIC P ROCEDURAL P LANNING WITH C OMMONSENSE P ROMPTING Yujie Lu1 , Weixi Feng1 , Wanrong Zhu1 , Wenda Xu1 , Xin Eric Wang2 Miguel Eckstein1 , William Yang Wang1 1 University of California, Santa Barbara, CA, USA {yujielu,weixifeng,wanrongzhu,wendaxu}@ucsb.edu {migueleckstein,wangwilliamyang}@ucsb.edu 2 University of California, Santa Cruz, CA, USA xwang366@ucsc.edu arXiv:2206.02928v6 [cs.CL] 16 Feb 2023 A BSTRACT Procedural planning aims to implement complex high-level goals by decomposition into sequential simpler low-level steps. Although procedural planning is a basic skill set for humans in daily life, it remains a challenge for large language models (LLMs) that lack a deep understanding of the cause-effect relations in procedures. Previous methods require manual exemplars to acquire procedural knowledge from LLMs in the zero-shot setting. However, such elicited pre-trained knowledge in LLMs induces spurious correlations between goals and steps, impairing the model’s generalization to unseen tasks. In contrast, this paper proposes a neuro-symbolic procedural PLANner (PLAN) that elicits procedural knowledge from the LLMs with commonsense-infused prompting. To mitigate spurious goal-step correlations, we use symbolic program executors on the latent procedural representations to formalize prompts from commonsense knowledge bases as a causal intervention toward the Structural Causal Model of procedural planning. Both automatic and human evaluations on WikiHow and RobotHow show the superiority of PLAN on procedural planning without further training or manual exemplars. 1 I NTRODUCTION How to make a cup of coffee? As humans, we can easily specify a procedure to solve this task, using our innate ability of commons"
347," Published as a conference paper at ICLR 2023 S OFTENED S YMBOL G ROUNDING FOR N EURO - SYMBOLIC S YSTEMS Zenan Li1 , Yuan Yao1 , Taolue Chen2 , Jingwei Xu1 , Chun Cao1 , Xiaoxing Ma1 , Jian Lü1 1 State Key Lab of Novel Software Technology and Department of Computer Science and Technology, Nanjing University, China 2 Department of Computer Science, Birkbeck, University of London, UK lizn@smail.nju.edu.cn, t.chen@bbk.ac.uk, {y.yao,jingweix,caochun,xxm,lj}@nju.edu.cn arXiv:2403.00323v1 [cs.AI] 1 Mar 2024 A BSTRACT Neuro-symbolic learning generally consists of two separated worlds, i.e., neural network training and symbolic constraint solving, whose success hinges on sym- bol grounding, a fundamental problem in AI. This paper presents a novel, softened symbol grounding process, bridging the gap between the two worlds, and resulting in an effective and efficient neuro-symbolic learning framework. Technically, the framework features (1) modeling of symbol solution states as a Boltzmann distri- bution, which avoids expensive state searching and facilitates mutually beneficial interactions between network training and symbolic reasoning; (2) a new MCMC technique leveraging projection and SMT solvers, which efficiently samples from disconnected symbol solution spaces; (3) an annealing mechanism that can es- cape from sub-optimal symbol groundings. Experiments with three representative neuro-symbolic learning tasks demonstrate that, owining to its superior symbol grounding capability, our framework successfully solves problems well beyond the frontier of the existing proposals. 1 I NTRODUCTION Neuro-symbolic systems have been proposed to connect neural network learning and symbolic con- straint satisfaction (Zhou, 2019; Garcez et al., 2019; Marra et al., 2021; Yu et al., 2021; "
348,
349,
350,
351," Published as a conference paper at ICLR 2023 W EAKLY S UPERVISED K NOWLEDGE T RANSFER WITH P ROBABILISTIC L OGICAL R EASONING FOR O BJECT D ETECTION Martijn Oldenhof Adam Arany ESAT - STADIUS ESAT - STADIUS KU Leuven, Belgium KU Leuven, Belgium martijn.oldenhof@kuleuven.be adam.arany@esat.kuleuven.be arXiv:2303.05148v1 [cs.CV] 9 Mar 2023 Yves Moreau Edward De Brouwer ESAT - STADIUS ESAT - STADIUS KU Leuven, Belgium KU Leuven, Belgium yves.moreau@esat.kuleuven.be edward.debrouwer@gmail.com A BSTRACT Training object detection models usually requires instance-level annotations, such as the positions and labels of all objects present in each image. Such supervision is unfortunately not always available and, more often, only image-level information is provided, also known as weak supervision. Recent works have addressed this limitation by leveraging knowledge from a richly annotated domain. However, the scope of weak supervision supported by these approaches has been very restric- tive, preventing them to use all available information. In this work, we propose ProbKT, a framework based on probabilistic logical reasoning that allows to train object detection models with arbitrary types of weak supervision. We empirically show on different datasets that using all available information is beneficial as our ProbKT leads to significant improvement on target domain and better generaliza- tion compared to existing baselines. We also showcase the ability of our approach to handle complex logic statements as supervision signal. Our code is available at https://github.com/molden/ProbKT 1 I NTRODUCTION Object detection is a fundamental ability of numerous high-level machine learning pipelines such as autonomous driving [4; 16], augmented reality [42] or image retrieval [17]. However, "
352," Published as a conference paper at ICLR 2023 D EEP G ENERATIVE S YMBOLIC R EGRESSION Samuel Holt Zhaozhi Qian Mihaela van der Schaar University of Cambridge University of Cambridge University of Cambridge sih31@cam.ac.uk zq224@maths.cam.ac.uk The Alan Turing Institute mv472@cam.ac.uk A BSTRACT arXiv:2401.00282v1 [cs.LG] 30 Dec 2023 Symbolic regression (SR) aims to discover concise closed-form mathematical equations from data, a task fundamental to scientific discovery. However, the problem is highly challenging because closed-form equations lie in a complex combinatorial search space. Existing methods, ranging from heuristic search to reinforcement learning, fail to scale with the number of input variables. We make the observation that closed-form equations often have structural characteristics and invariances (e.g., the commutative law) that could be further exploited to build more effective symbolic regression solutions. Motivated by this observation, our key contribution is to leverage pre-trained deep generative models to capture the intrinsic regularities of equations, thereby providing a solid foundation for subsequent optimization steps. We show that our novel formalism unifies several prominent approaches of symbolic regression and offers a new perspective to justify and improve on the previous ad hoc designs, such as the usage of cross-entropy loss during pre-training. Specifically, we propose an instantiation of our framework, Deep Generative Symbolic Regression (DGSR). In our experiments, we show that DGSR achieves a higher recovery rate of true equations in the setting of a larger number of input variables, and it is more computationally efficient at inference time than state-of-the-art RL symbolic regression solutions. 1 I NTRODUCTION Symbolic regression ("
353," Published as a conference paper at ICLR 2023 M ULTIMODAL A NALOGICAL R EASONING OVER K NOWLEDGE G RAPHS Ningyu Zhang1∗ Lei Li1∗ Xiang Chen1∗ Xiaozhuan Liang1 Shumin Deng2 Huajun Chen1† 1 Zhejiang University, AZFT Joint Lab for Knowledge Engine 2 National University of Singapore {zhangningyu,leili21,xiang chen,liangxiaozhuan,231sm,huajunsir}@zju.edu.cn A BSTRACT arXiv:2210.00312v4 [cs.CL] 1 Mar 2023 Analogical reasoning is fundamental to human cognition and holds an important place in various fields. However, previous studies mainly focus on single-modal analogical reasoning and ignore taking advantage of structure knowledge. No- tably, the research in cognitive psychology has demonstrated that information from multimodal sources always brings more powerful cognitive transfer than single modality sources. To this end, we introduce the new task of multimodal analogical reasoning over knowledge graphs, which requires multimodal reason- ing ability with the help of background knowledge. Specifically, we construct a Multimodal Analogical Reasoning dataSet (MARS) and a multimodal knowl- edge graph MarKG. We evaluate with multimodal knowledge graph embedding and pre-trained Transformer baselines, illustrating the potential challenges of the proposed task. We further propose a novel model-agnostic Multimodal analogical reasoning framework with Transformer (MarT) motivated by the structure map- ping theory, which can obtain better performance. We hope our work can deliver benefits and inspire future research1 . 1 I NTRODUCTION Analogical reasoning – the ability to perceive and use relational similarity between two situations or events – holds an important place in human cognition (Johnson-Laird, 2006; Wu et al., 2020; Bengio et al., 2021; Chen et al., 2022a) and can provide bac"
354," Published as a conference paper at ICLR 2024 E XE D EC : E XECUTION D ECOMPOSITION FOR C OMPOSITIONAL G ENERALIZATION IN N EURAL P ROGRAM S YNTHESIS Kensen Shi Joey Hong ∗ Yinlin Deng ∗ Google DeepMind UC Berkeley University of Illinois kshi@google.com joey hong@berkeley.edu Urbana-Champaign yinlind2@illinois.edu arXiv:2307.13883v2 [cs.LG] 6 May 2024 Pengcheng Yin Manzil Zaheer Charles Sutton Google DeepMind Google DeepMind Google DeepMind pcyin@google.com manzilzaheer@google.com charlessutton@google.com A BSTRACT When writing programs, people have the ability to tackle a new complex task by decomposing it into smaller and more familiar subtasks. While it is difficult to measure whether neural program synthesis methods have similar capabilities, we can measure whether they compositionally generalize, that is, whether a model that has been trained on the simpler subtasks is subsequently able to solve more complex tasks. In this paper, we characterize several different forms of compositional generalization that are desirable in program synthesis, forming a meta-benchmark which we use to create generalization tasks for two popular datasets, RobustFill and DeepCoder. We then propose ExeDec, a novel decomposition-based synthesis strategy that predicts execution subgoals to solve problems step-by-step informed by program execution at each step. When used with Transformer models trained from scratch, ExeDec has better synthesis performance and greatly improved compositional generalization ability compared to baselines. Finally, we use our benchmarks to demonstrate that LLMs struggle to compositionally generalize when asked to do programming-by-example in a few-shot setting, but an ExeDec-style prompting approach can improve the generalization ability and overall performance. "
355," LEGO-P ROVER : N EURAL T HEOREM P ROVING WITH G ROWING L IBRARIES Haiming Wang1∗ Huajian Xin1∗ Chuanyang Zheng3 Lin Li6 Zhengying Liu2† Qingxing Cao1 Yinya Huang4 Jing Xiong1 Han Shi2 Enze Xie2 Jian Yin1† Zhenguo Li2 Heng Liao6 Xiaodan Liang1, 5† 1 Sun Yat-sen University 2 Huawei Noah’s Ark Lab 3 The Chinese University of Hong Kong 4 City University of Hong Kong 5 MBZUAI 6 Huawei HiSilicon {wanghm39, xinhj, caoqx, xiongj69, issjyin}@mail2.sysu.edu.cn, cyzheng21@cse.cuhk.edu.hk, {liuzhengying2, xie.enze, shi.han, lilin29, Li.Zhenguo}@huawei.com, liao.heng@hisilicon.com, yinya.huang@hotmail.com, xdliang328@gmail.com arXiv:2310.00656v3 [cs.AI] 27 Oct 2023 A BSTRACT Despite the success of large language models (LLMs), the task of theorem proving still remains one of the hardest reasoning tasks that is far from being fully solved. Prior methods using language models have demonstrated promising results, but they still struggle to prove even middle school level theorems. One common limitation of these methods is that they assume a fixed theorem library during the whole theorem proving process. However, as we all know, creating new useful theorems or even new theories is not only helpful but crucial and necessary for advancing mathematics and proving harder and deeper results. In this work, we present LEGO-Prover, which employs a growing skill library containing verified lemmas as skills to augment the capability of LLMs used in theorem proving. By constructing the proof modularly, LEGO-Prover enables LLMs to utilize existing skills retrieved from the library and to create new skills during the proving process. These skills are further evolved (by prompting an LLM) to enrich the library on another scale. Modular and reusable skills are constantly added to the library to enable"
356," Published as a conference paper at ICLR 2024 A R EAL -W ORLD W EBAGENT WITH P LANNING , L ONG C ONTEXT U NDERSTANDING , AND P ROGRAM S YNTHESIS Izzeddin Gur1∗ Hiroki Furuta1,2∗† Austin Huang1 Mustafa Safdari1 Yutaka Matsuo2 Douglas Eck1 Aleksandra Faust1 1 Google DeepMind, 2 The University of Tokyo izzeddin@google.com, furuta@weblab.t.u-tokyo.ac.jp arXiv:2307.12856v4 [cs.LG] 25 Feb 2024 A BSTRACT Pre-trained large language models (LLMs) have recently achieved better gener- alization and sample efficiency in autonomous web automation. However, the performance on real-world websites has still suffered from (1) open domainness, (2) limited context length, and (3) lack of inductive bias on HTML. We introduce WebAgent, an LLM-driven agent that learns from self-experience to complete tasks on real websites following natural language instructions. WebAgent plans ahead by decomposing instructions into sub-instructions, summarizes long HTML documents into task-relevant snippets, and acts on websites via Python programs generated from those. We design WebAgent with Flan-U-PaLM, for grounded code generation, and HTML-T5, a new pre-trained LLM for long HTML documents using local and global attention mechanisms and a mixture of long-span denoising objectives, for planning and summarization. We empirically demonstrate that our modular recipe improves the success on real websites by over 50%, and that HTML- T5 is the best model to solve various HTML understanding tasks; achieving 18.7% higher success rate than the prior method on MiniWoB web automation benchmark, and SoTA performance on Mind2Web, an offline task planning evaluation. 1 I NTRODUCTION Large language models (LLM) (Brown et al., 2020; Chowdhery et al., 2022; OpenAI, 2023) can solve a variety of natural language tasks, suc"
357,"arXiv:2310.05573v1 [cs.LG] 9 Oct 2023 We introduce ODEFormer, the first transformer able to infer multidimensional ordinary differen- tial equation (ODE) systems in symbolic form from the observation of a single solution trajectory. We perform extensive evaluations on two datasets: (i) the existing ‘Strogatz’ dataset featuring two- dimensional systems; (ii) ODEBench, a collection of one- to four-dimensional systems that we carefully curated from the literature to provide a more holistic benchmark. ODEFormer consistently outper- forms existing methods while displaying substantially improved robustness to noisy and irregularly sampled observations, as well as faster inference. We release our code, model and benchmark dataset publicly."
358," Published as a conference paper at ICLR 2024 B-C ODER : VALUE -BASED D EEP R EINFORCEMENT L EARNING FOR P ROGRAM S YNTHESIS Zishun Yu∗ Yunzhe Tao, Liyu Chen, Tao Sun & Hongxia Yang Department of Computer Science ByteDance Inc. University of Illinois Chicago Seattle, WA 98004 Chicago, IL 60607 {yunzhe.tao, liyu.chen1, zyu32@uic.edu tao.sun, hx.yang}@bytedance.com arXiv:2310.03173v2 [cs.CL] 18 Mar 2024 A BSTRACT Program synthesis aims to create accurate, executable programs from problem specifications, specifically from natural language descriptions in our context. Re- cent studies have leveraged the power of reinforcement learning (RL) in conjunc- tion with large language models (LLMs), significantly enhancing code generation capabilities. The application of RL focuses on directly optimizing for functional correctness, offering an advantage over conventional supervised methods. De- spite policy-based RL methods dominating the literature on RL for program syn- thesis, the nature of program synthesis tasks hints at a natural alignment with value-based methods. This stems from the rich collection of off-policy programs, including those developed by human programmers and also historical samples, coupled with the straightforward verification of generated programs through au- tomated unit testing, meaning rewards are easy to obtain. Diverging from the dominant use of policy-based algorithms, our work explores the feasibility of value-based approaches, leading to the development of our B-Coder (pronounced Bellman coder). Yet, training value-based methods presents challenges due to the enormous search space inherent to program synthesis. To this end, we introduce an initialization protocol for RL agents utilizing pre-trained LMs and a conserva- tive Bellman operator to reduce t"
359," Published as a conference paper at ICLR 2024 N EURAL -S YMBOLIC R ECURSIVE M ACHINE FOR S YSTEMATIC G ENERALIZATION Qing Li1 , Yixin Zhu3 , Yitao Liang1,3 , Ying Nian Wu2 , Song-Chun Zhu1,3 , Siyuan Huang1 1 National Key Laboratory of General Artificial Intelligence, BIGAI 2 Department of Statistics, UCLA 3 Institute for Artificial Intelligence, Peking University https://liqing-ustc.github.io/NSR A BSTRACT arXiv:2210.01603v2 [cs.LG] 29 Apr 2024 Current learning models often struggle with human-like systematic generalization, particularly in learning compositional rules from limited data and extrapolating them to novel combinations. We introduce the Neural-Symbolic Recursive Ma- chine (NSR), whose core is a Grounded Symbol System (GSS), allowing for the emergence of combinatorial syntax and semantics directly from training data. The NSR employs a modular design that integrates neural perception, syntactic parsing, and semantic reasoning. These components are synergistically trained through a novel deduction-abduction algorithm. Our findings demonstrate that NSR’s design, imbued with the inductive biases of equivariance and compositionality, grants it the expressiveness to adeptly handle diverse sequence-to-sequence tasks and achieve unparalleled systematic generalization. We evaluate NSR’s efficacy across four challenging benchmarks designed to probe systematic generalization capabilities: SCAN for semantic parsing, PCFG for string manipulation, HINT for arithmetic reasoning, and a compositional machine translation task. The results affirm NSR’s superiority over contemporary neural and hybrid models in terms of generalization and transferability. 1 I NTRODUCTION A defining characteristic of human intelligence, systematic compositionality (Lake and Baroni, 2023), represe"
360," Preprint GENOME: G ENERATIV E N EURO -S YMB O LIC V ISUAL R EASONING BY G ROWING AND R EUSING M ODUL E S Zhenfang Chen ∗ Rui Sun∗ Wenjun Liu∗ MIT-IBM Watson AI Lab Columbia University Tsinghua University Yining Hong Chuang Gan University of California, Los Angeles MIT-IBM Watson AI Lab and UMass Amherst arXiv:2311.04901v1 [cs.CV] 8 Nov 2023 A BSTRACT Recent works have shown that Large Language Models (LLMs) could empower traditional neuro-symbolic models via programming capabilities to translate lan- guage into module descriptions, thus achieving strong visual reasoning results while maintaining the model’s transparency and efficiency. However, these mod- els usually exhaustively generate the entire code snippet given each new instance of a task, which is extremely ineffective. On the contrary, human beings grad- ually acquire knowledge that can be reused and grow into more profound skills for fast generalization to new tasks since we are an infant. Inspired by this, we propose generative neuro-symbolic visual reasoning by growing and reusing mod- ules. Specifically, our model consists of three unique stages, module initialization, module generation, and module execution. First, given a vision-language task, we adopt LLMs to examine whether we could reuse and grow over established mod- ules to handle this new task. If not, we initialize a new module needed by the task and specify the inputs and outputs of this new module. After that, the new module is created by querying LLMs to generate corresponding code snippets that match the requirements. In order to get a better sense of the new module’s ability, we treat few-shot training examples as test cases to see if our new module could pass these cases. If yes, the new module is added to the module library for future reuse"
361," L OGIC MP: A N EURO - SYMBOLIC A PPROACH FOR E N - CODING F IRST- ORDER L OGIC C ONSTRAINTS Weidi Xu1,2 , Jingwei Wang2 , Lele Xie2 , Jianshan He2 , Hongting Zhou2 , Taifeng Wang3 , Xiaopei Wan2 , Jingdong Chen2 , Chao Qu1 , Wei Chu2,1 , Yuan Qi1 ∗ 1 INFLY TECH (Shanghai) Co., Ltd 2 Ant Group 3 BioMap Research wdxu@inftech.ai A BSTRACT arXiv:2309.15458v4 [cs.AI] 9 Oct 2025 Integrating first-order logic constraints (FOLCs) with neural networks is a crucial but challenging problem since it involves modeling intricate correlations to satisfy the constraints. This paper proposes a novel neural layer, LogicMP, which performs mean-field variational inference over a Markov Logic Network (MLN). It can be plugged into any off-the-shelf neural network to encode FOLCs while retaining modularity and efficiency. By exploiting the structure and symmetries in MLNs, we theoretically demonstrate that our well-designed, efficient mean-field iterations greatly mitigate the difficulty of MLN inference, reducing the inference from sequential calculation to a series of parallel tensor operations. Empirical results in three kinds of tasks over images, graphs, and text show that LogicMP outperforms advanced competitors in both performance and efficiency. 1 I NTRODUCTION First First First The deep learning field has made remarkable progress in the last decade, owing to the creation of neural networks (NNs) (Goodfellow et al., 2016; Vaswani et al., 2017). They typically use a feed-forward architecture, where interactions occur implicitly in the middle layers with the help of various neural mechanisms. However, these interactions do not explicitly impose logical constraints among prediction variables, resulting in predictions that often do not meet the structural requirements. Class Class Class "
362," Published as a conference paper at ICLR 2024 N EUROSYMBOLIC G ROUNDING FOR C OMPOSITIONAL W ORLD M ODELS Atharva Sehgal Arya Grayeli Jennifer J. Sun Swarat Chaudhuri UT Austin UT Austin Caltech UT Austin A BSTRACT arXiv:2310.12690v2 [cs.LG] 10 May 2024 We introduce C OSMOS, a framework for object-centric world modeling that is designed for compositional generalization (CompGen), i.e., high performance on unseen input scenes obtained through the composition of known visual “atoms."" The central insight behind C OSMOS is the use of a novel form of neurosym- bolic grounding. Specifically, the framework introduces two new tools: (i) neu- rosymbolic scene encodings, which represent each entity in a scene using a real vector computed using a neural encoder, as well as a vector of compos- able symbols describing attributes of the entity, and (ii) a neurosymbolic atten- tion mechanism that binds these entities to learned rules of interaction. C OS - MOS is end-to-end differentiable; also, unlike traditional neurosymbolic meth- ods that require representations to be manually mapped to symbols, it com- putes an entity’s symbolic attributes using vision-language foundation models. Through an evaluation that considers two different forms of CompGen on an established blocks-pushing domain, we show that the framework establishes a new state-of-the-art for CompGen in world modeling. Artifacts are available at https://trishullab.github.io/cosmos-web/. 1 I NTRODUCTION The discovery of world models — deep generative models that predict the outcome of an action in a scene made of interacting entities — is a central challenge in contemporary machine learning (Ha & Schmidhuber, 2018; Hafner et al., 2023). As such models are naturally factorized by objects, methods for learning them (Zhao et"
363,"In nature, the behaviors of many complex systems can be described by parsimonious math equations. Automatically distilling these equations from limited data is cast as a symbolic regression process which hitherto remains a grand challenge. Keen efforts in recent years have been placed on tackling this issue and demonstrated success in symbolic regression. However, there still exist bottlenecks that current methods struggle to break when the discrete search space tends toward infinity and especially when the underlying math formula is intricate. To this end, we propose a novel Reinforcement Symbolic Regression Machine (RSRM) that masters the capability of uncovering complex math equations from only scarce data. The RSRM model is composed of three key modules: (1) a Monte Carlo tree search (MCTS) agent that explores optimal math expression trees consisting of pre-defined math operators and variables, (2) a Double Q-learning block that helps reduce the feasible search space of MCTS via properly understanding the distribution of reward, and (3) a modulated sub-tree discovery block that heuristically learns and defines new math operators to improve representation ability of math expression trees. Biding of these modules yields the state-of-the-art performance of RSRM in symbolic regression as demonstrated by multiple sets of benchmark examples. The RSRM model shows clear superiority over several representative baseline models."
364," Published as a conference paper at ICLR 2025 miniCTX: N EURAL T HEOREM P ROVING WITH (L ONG -) C ONTEXTS Jiewen Hu Thomas Zhu Sean Welleck Carnegie Mellon University A BSTRACT Real-world formal theorem proving often depends on a wealth of context, including arXiv:2408.03350v3 [cs.AI] 4 Mar 2025 definitions, lemmas, comments, file structure, and other information. We introduce miniCTX, which tests a model’s ability to prove formal mathematical theorems that depend on new context that is not seen during training. miniCTX contains theorems sourced from real Lean projects and textbooks, each associated with a context that can span tens of thousands of tokens. Models are tasked with proving a theorem given access to code from the theorem’s repository, which contains context that is needed for the proof. As a baseline for miniCTX, we tested fine-tuning and prompting methods that condition theorem proving on preceding context. Both approaches substantially outperform traditional methods that rely solely on state information. We found that this ability to use context is not captured by previous benchmarks such as miniF2F. Alongside miniCTX, we offer NTP - TOOLKIT for automatically extracting and annotating theorem proving data, making it easy to add new projects into miniCTX to ensure that contexts are not seen during training. miniCTX offers a challenging and realistic evaluation of neural theorem provers.1 1 I NTRODUCTION Formal theorem proving in interactive theorem provers (ITPs) provides a testbed for evaluating the reasoning capabilities of large language models (LLMs). Theorem proving capabilities can then directly translate to automation for mathematicians, such as via tools that complete or formalize proofs (Welleck & Saha, 2023; Song et al., 2024; Welleck, 2024; Agra"
365,
366," Published as a conference paper at ICLR 2025 V ISUAL P REDICATOR : L EARNING A BSTRACT W ORLD M ODELS WITH N EURO -S YMBOLIC P REDICATES FOR ROBOT P LANNING Yichao Liang1 , Nishanth Kumar3 , Hao Tang2 , Adrian Weller1,6 , Joshua B. Tenenbaum3 , Tom Silver4 , João F. Henriques5 , Kevin Ellis2 1 University of Cambridge, 2 Cornell University, 3 Massachusetts Institute of Technology, arXiv:2410.23156v2 [cs.AI] 28 Feb 2025 4 Princeton University, 5 University of Oxford, 6 The Alan Turing Institute A BSTRACT Broadly intelligent agents should form task-specific abstractions that selectively expose the essential elements of a task, while abstracting away the complexity of the raw sensorimotor space. In this work, we present Neuro-Symbolic Predicates, a first-order abstraction language that combines the strengths of symbolic and neu- ral knowledge representations. We outline an online algorithm for inventing such predicates and learning abstract world models. We compare our approach to hi- erarchical reinforcement learning, vision-language model planning, and symbolic predicate invention approaches, on both in- and out-of-distribution tasks across five simulated robotic domains. Results show that our approach offers better sam- ple complexity, stronger out-of-distribution generalization, and improved inter- pretability. 1 I NTRODUCTION Planning and model-based decision-making for robotics demands an understanding of the world that is both perceptually and logically rich. For example, a household robot needs to know that slippery objects, such as greasy spatulas, are hard to grasp. Determining if the spatula is greasy is a subtle perceptual problem. As an example of logical richness, for a robot to use a balance beam to weigh objects, it must count up the mass on each side of t"
367,
368,"Large language models generate code one token at a time. Their autoregressive generation process lacks the feedback of observing the program’s output. Training LLMs to suggest edits directly can be challenging due to the scarcity of rich edit data. To address these problems, we propose neural diffusion models that operate on syntax trees of any context-free grammar. Similar to image diffusion models, our method also inverts “noise” applied to syntax trees. Rather than generating code sequentially, we iteratively edit it while preserving syntactic validity, which makes it easy to combine this neural model with search. We apply our approach to inverse graphics tasks, where our model learns to convert images into programs that produce those images. Combined with search, our model is able to write graphics programs, see the execution result, and debug them to meet the required specifications. We additionally show how our system can write graphics programs for hand-drawn sketches. Video results can be found at https://tree-diffusion.github.io."
369," Published as a conference paper at ICLR 2025 N E S Y C: A N EURO - SYMBOLIC C ONTINUAL L EARNER F OR C OMPLEX E MBODIED TASKS I N O PEN D OMAINS Wonje Choi∗, Jinwoo Park∗, Sanghyun Ahn, Daehee Lee†, Honguk Woo‡ Department of Computer Science and Engineering, Sungkyunkwan University, Suwon, Republic of Korea {wjchoi1995, pjw971022, shyuni5, dulgi7245, hwoo}@skku.edu A BSTRACT arXiv:2503.00870v2 [cs.AI] 7 Mar 2025 We explore neuro-symbolic approaches to generalize actionable knowledge, en- abling embodied agents to tackle complex tasks more effectively in open-domain environments. A key challenge for embodied agents is the generalization of knowledge across diverse environments and situations, as limited experiences of- ten confine them to their prior knowledge. To address this issue, we introduce a novel framework, N E S Y C, a neuro-symbolic continual learner that emulates the hypothetico-deductive model by continually formulating and validating knowl- edge from limited experiences through the combined use of Large Language Mod- els (LLMs) and symbolic tools. Specifically, we devise a contrastive generality improvement scheme within N E S Y C, which iteratively generates hypotheses us- ing LLMs and conducts contrastive validation via symbolic tools. This scheme reinforces the justification for admissible actions while minimizing the inference of inadmissible ones. Additionally, we incorporate a memory-based monitoring scheme that efficiently detects action errors and triggers the knowledge refine- ment process across domains. Experiments conducted on diverse embodied task benchmarks—including ALFWorld, VirtualHome, Minecraft, RLBench, and a real-world robotic scenario—demonstrate that N E S Y C is highly effective in solv- ing complex embodied tasks across a range of o"
370,"Large language models (LLMs) are a promising venue for natural language un- derstanding and generation. However, current LLMs are far from reliable: they are prone to generating non-factual information and, more crucially, to contra- dicting themselves when prompted to reason about relations between entities of the world. These problems are currently addressed with large scale fine-tuning or by delegating reasoning to external tools. In this work, we strive for a middle ground and introduce a loss based on neuro-symbolic reasoning that teaches an LLM to be logically consistent with an external set of facts and rules and improves self-consistency even when the LLM is fine-tuned on a limited set of facts. Our approach also allows to easily combine multiple logical constraints at once in a principled way, delivering LLMs that are more consistent w.r.t. all constraints and improve over several baselines w.r.t. a given constraint. Moreover, our method allows LLMs to extrapolate to unseen but semantically similar factual knowledge, represented in unseen datasets, more systematically."
371,
372,
373,
374," Published as a conference paper at ICLR 2025 D IVIDE AND T RANSLATE : C OMPOSITIONAL F IRST- O RDER L OGIC T RANSLATION AND V ERIFICATION FOR C OMPLEX L OGICAL R EASONING Hyun Ryu1 Gyeongman Kim1 Hyemin S. Lee2 Eunho Yang1 1 KAIST 2 MIT {ryuhyun1905,gmkim,eunhoy}@kaist.ac.kr, hmstella@mit.edu arXiv:2410.08047v2 [cs.CL] 25 Feb 2025 A BSTRACT Complex logical reasoning tasks require a long sequence of reasoning, which a large language model (LLM) with chain-of-thought prompting still falls short. To alleviate this issue, neurosymbolic approaches incorporate a symbolic solver. Specifically, an LLM only translates a natural language problem into a satisfiabil- ity (SAT) problem that consists of first-order logic formulas, and a sound symbolic solver returns a mathematically correct solution. However, we discover that LLMs have difficulties to capture complex logical semantics hidden in the natural lan- guage during translation. To resolve this limitation, we propose a Compositional First-Order Logic Translation. An LLM first parses a natural language sentence into newly defined logical dependency structures that consist of an atomic sub- sentence and its dependents, then sequentially translate the parsed subsentences. Since multiple logical dependency structures and sequential translations are pos- sible for a single sentence, we also introduce two Verification algorithms to ensure more reliable results. We utilize an SAT solver to rigorously compare semantics of generated first-order logic formulas and select the most probable one. We evaluate the proposed method, dubbed CLOVER, on seven logical reasoning benchmarks and show that it outperforms the previous neurosymbolic approaches and achieves new state-of-the-art results.1 1 I NTRODUCTION Logical reasoning involves reach"
375,
376,
377," Published as a conference paper at ICLR 2025 S YMBOLIC REGRESSION VIA MDL FORMER - GUIDED SEARCH : FROM MINIMIZING PREDICTION ERROR TO MINIMIZING DESCRIPTION LENGTH Zihan Yu Jingtao Ding∗ Department of Electronic Engineering, BNRist Department of Electronic Engineering, BNRist Tsinghua University Tsinghua University Beijing, China Beijing, China Yong Li∗ Depeng Jin arXiv:2411.03753v3 [cs.LG] 10 Sep 2025 Department of Electronic Engineering, BNRist Department of Electronic Engineering, BNRist Tsinghua University Tsinghua University Beijing, China Beijing, China A BSTRACT Symbolic regression, a task discovering the formula best fitting the given data, is typically based on the heuristical search. These methods usually update candi- date formulas to obtain new ones with lower prediction errors iteratively. How- ever, since formulas with similar function shapes may have completely differ- ent symbolic forms, the prediction error does not decrease monotonously as the search approaches the target formula, causing the low recovery rate of existing methods. To solve this problem, we propose a novel search objective based on the minimum description length, which reflects the distance from the target and decreases monotonically as the search approaches the correct form of the target formula. To estimate the minimum description length of any input data, we de- sign a neural network, MDLformer, which enables robust and scalable estima- tion through large-scale training. With the MDLformer’s output as the search objective, we implement a symbolic regression method, SR4MDL, that can ef- fectively recover the correct mathematical form of the formula. Extensive ex- periments illustrate its excellent performance in recovering formulas from data. Our method successfully recovers around "
378," Published as a conference paper at ICLR 2025 KL AY: ACCELERATING A RITHMETIC C IRCUITS FOR N EUROSYMBOLIC AI Jaron Maene & Vincent Derkinderen Department of Computer Science KU Leuven Leuven, Belgium {jaron.maene,vincent.derkinderen}@kuleuven.be Pedro Zuidberg Dos Martires arXiv:2410.11415v3 [cs.LG] 20 Feb 2025 Centre for Applied Autonomous Sensor Systems Örebro University Örebro, Sweden pedro.zuidberg-dos-martires@oru.se A BSTRACT A popular approach to neurosymbolic AI involves mapping logic formulas to arithmetic circuits (computation graphs consisting of sums and products) and passing the outputs of a neural network through these circuits. This approach enforces symbolic constraints onto a neural network in a principled and end-to- end differentiable way. Unfortunately, arithmetic circuits are challenging to run on modern tensor accelerators as they exhibit a high degree of irregular sparsity. To address this limitation, we introduce knowledge layers (KL AY), a new data struc- ture to represent arithmetic circuits that can be efficiently parallelized on GPUs. Moreover, we contribute two algorithms used in the translation of traditional cir- cuit representations to KL AY and a further algorithm that exploits parallelization opportunities during circuit evaluations. We empirically show that KL AY achieves speedups of multiple orders of magnitude over the state of the art, thereby paving the way towards scaling neurosymbolic AI to larger real-world applications. 1 I NTRODUCTION Interest in neurosymbolic AI (Hitzler & Sarker, 2022) continues to grow as the integration of sym- bolic reasoning and neural networks has been shown to increase reasoning capabilities (Yi et al., 2018; Trinh et al., 2024), safety (Yang et al., 2023), controllability (Jiao et al., 2024), and i"
379,
380," Published as a conference paper at ICLR 2025 D IFFERENTIABLE RULE I NDUCTION FROM R AW S EQUENCE I NPUTS Kun Gao1 , Katsumi Inoue2 , Yongzhi Cao3 , Hanpin Wang3 , Feng Yang1∗ 1 Institute of High Performance Computing, Agency for Science, Technology and Research 2 National Institute of Informatics 3 Key Laboratory of High Confidence Software Technologies, School of Computer Science Peking University gaok@ihpc.a-star.edu.sg, inoue@nii.ac.jp, {caoyz,whpxhy}@pku.edu.cn, yangf@ihpc.a-star.edu.sg arXiv:2602.13583v1 [cs.AI] 14 Feb 2026 A BSTRACT Rule learning-based models are widely used in highly interpretable scenarios due to their transparent structures. Inductive logic programming (ILP), a form of ma- chine learning, induces rules from facts while maintaining interpretability. Dif- ferentiable ILP models enhance this process by leveraging neural networks to im- prove robustness and scalability. However, most differentiable ILP methods rely on symbolic datasets, facing challenges when learning directly from raw data. Specifically, they struggle with explicit label leakage: The inability to map con- tinuous inputs to symbolic variables without explicit supervision of input feature labels. In this work, we address this issue by integrating a self-supervised dif- ferentiable clustering model with a novel differentiable ILP model, enabling rule learning from raw data without explicit label leakage. The learned rules effec- tively describe raw data through its features. We demonstrate that our method intuitively and precisely learns generalized rules from time series and image data. 1 I NTRODUCTION The deep learning models have obtained impressive performances on tabular classification, time se- ries forecasting, image recognition, etc. While in highly trustworthy scenarios suc"
381," Published as a conference paper at ICLR 2025 L ARGE L ANGUAGE M ODELS M EET S YMBOLIC P ROVERS FOR L OGICAL R EASONING E VALUATION Chengwen Qi1,2∗ Ren Ma2∗ Bowen Li2∗ He Du2,3 Binyuan Hui Jinwang Wu1 Yuanjun Laili1,4,5† Conghui He2† 1 Beihang University 2 Shanghai Artificial Intelligence Laboratory 3 Fudan University 4 Zhongguancun Laboratory 5 State Key Laboratory of Intelligent Manufacturing Systems Technology, Beijing {Chengwen qi, lailiyuanjun}@buaa.edu.cn {maren, libowen, heconghui}@pjlab.org arXiv:2502.06563v2 [cs.CL] 2 Mar 2025 A BSTRACT First-order logic (FOL) reasoning, which involves sequential deduction, is pivotal for intelligent systems and serves as a valuable task for evaluating reasoning ca- pabilities, particularly in chain-of-thought (CoT) contexts. Existing benchmarks often rely on extensive human annotation or handcrafted templates, making it dif- ficult to achieve the necessary complexity, scalability, and diversity for robust evaluation. To address these limitations, we propose a novel framework called ProverGen that synergizes the generative strengths of Large Language Models (LLMs) with the rigor and precision of symbolic provers, enabling the creation of a scalable, diverse, and high-quality FOL reasoning dataset, ProverQA. ProverQA is also distinguished by its inclusion of accessible and logically coherent interme- diate reasoning steps for each problem. Our evaluation shows that state-of-the-art LLMs struggle to solve ProverQA problems, even with CoT prompting, highlight- ing the dataset’s challenging nature. We also finetune Llama3.1-8B-Instruct on a separate training set generated by our framework. The finetuned model demon- strates consistent improvements on both in-distribution and out-of-distribution test sets, suggesting the value of ou"
382," Published as a conference paper at ICLR 2026 N EURO -S YMBOLIC D ECODING OF N EURAL ACTIVITY Yanchen Wang∗ Joy Hsu∗ Ehsan Adeli† Jiajun Wu† Columbia University Stanford University Stanford University Stanford University A BSTRACT We propose NEURONA, a neuro-symbolic framework for fMRI decoding and concept grounding in neural activity. Leveraging image- and video-based fMRI arXiv:2603.03343v1 [q-bio.NC] 22 Feb 2026 question-answering datasets, NEURONA learns to decode interacting concepts from visual stimuli based on patterns of fMRI responses, integrating symbolic reasoning and compositional execution with fMRI grounding across brain regions. We demonstrate that incorporating structural priors (e.g., compositional predicate- argument dependencies between concepts) into the decoding process significantly improves both decoding accuracy over precise queries, and notably, generalization to unseen queries at test time. With NEURONA, we highlight neuro-symbolic frameworks as promising tools for understanding neural activity. Our code is available at https://github.com/PPWangyc/neurona. 1 I NTRODUCTION A long-standing hypothesis in cognitive science, the Language of Thought (LoT) hypothesis (Fodor, 1975), proposes that human cognition operates over structured representations that compose sys- tematically. Rather than treating concepts as isolated units, many theories propose that the brain organizes knowledge into compositional structures—such as predicates and their arguments—that enable flexible inference. In this work, we study whether explicitly modeling such structure can improve neural decoding from functional magnetic resonance imaging (fMRI), with the goal of predicting high-level semantic content from patterns of brain activity (Mitchell et al., 2008). More broadly,"
383,"arXiv:2509.22151v3 [cs.CV] 13 May 2026 Material node graphs are programs that generate the 2D channels of procedural materials, including geometry such as roughness and displacement maps, and reflectance such as albedo and conductivity maps. They are essential in computer graphics for representing the appearance of virtual 3D objects parametrically and at arbitrary resolution. In particular, their directed acyclic graph structure and intermediate states enable a modular, interpretable workflow for interactive appearance modeling. However, creating such graphs remains challenging and typically requires professional training. While recent neural program synthesis approaches attempt to simplify this process, they solely represent graphs as textual programs, failing to capture the inherently visual-spatial nature of node graphs that makes them accessible to humans. To address this gap, we present MultiMat, a multimodal program synthesis framework that leverages large multimodal models to process both visual and textual graph representations for improved generation of procedural material graphs. We train our models on a new dataset of production- quality procedural materials and combine them with a constrained tree search inference algorithm that ensures static correctness while efficiently navigating the program space. Our experimental results show that our multimodal program synthesis method is more efficient in both unconditional and conditional graph synthesis with higher visual quality and fidelity than text-only baselines, establishing new state-of-the-art performance."
384," EGG-SR EGG-SR: Embedding Symbolic Equivalence into Symbolic Regression via Equality Graph Nan Jiang1 , Ziyi Wang2 and Yexiang Xue2 1 University of Texas at El Paso, TX, USA, 2 Purdue University, IN, USA Symbolic regression seeks to uncover physical laws from experimental data by searching for closed- form expressions, which is an important task in AI-driven scientific discovery. Yet the exponential growth of the search space of expression renders the task computationally challenging. A promising yet underexplored direction for reducing the search space and accelerating training lies in symbolic arXiv:2511.05849v2 [cs.SC] 12 Feb 2026 equivalence: many expressions, although syntactically different, define the same function – for example, log( 𝑥12 𝑥23 ), log( 𝑥12 ) + log( 𝑥23 ), and 2 log( 𝑥1 ) + 3 log( 𝑥2 ). Existing algorithms treat such variants as distinct outputs, leading to redundant exploration and slow learning. We introduce Egg-SR, a unified framework that integrates symbolic equivalence into a class of modern symbolic regression methods, including Monte Carlo Tree Search (MCTS), Deep Reinforcement Learning (DRL), and Large Language Models (LLMs). Egg-SR compactly represents equivalent expressions through the proposed Egg module (via equality graphs), accelerating learning by: (1) pruning redundant subtree exploration in Egg-MCTS, (2) aggregating rewards across equivalent generated sequences in Egg-DRL, and (3) enriching feedback prompts in Egg-LLM. Theoretically, we show the benefit of embedding Egg into learning: it tightens the regret bound of MCTS and reduces the variance of the DRL gradient estimator. Empirically, Egg-SR consistently enhances a class of symbolic regression models across several benchmarks, discovering more accurate expressions within the sam"
385,
386,
387,"Textual logical reasoning, especially question-answering (QA) tasks with logical reasoning, requires awareness of particular logical structures. The passage-level logical relations represent entailment or contradiction between propositional units (e.g., a concluding sentence). However, such structures are unexplored as current QA systems focus on entity-based relations. In this work, we propose logic structural-constraint modeling to solve the logical reasoning QA and introduce discourse-aware graph networks (DAGNs). The networks first construct logic graphs leveraging in-line discourse connectives and generic logic theories, then learn logic representations arXiv:2207.01450v2 [cs.CL] 19 Apr 2023 by end-to-end evolving the logic relations with an edge-reasoning mechanism and updating the graph features. This pipeline is applied to a general encoder, whose fundamental features are joined with the high-level logic features for answer prediction. Experiments on three textual logical reasoning datasets demonstrate the reasonability of the logical structures built in DAGNs and the effectiveness of the learned logic features. Moreover, zero-shot transfer results show the features’ generality to unseen logical texts."
388,
389,
390,
